Time,TimeLower,TimeUpper,TimeUnits,Value,ValueLower,ValueUpper,ValueUnits,ValueType,Wave,WaveLower,WaveUpper,WaveUnits,Filter,CalGroup,SlopGroup
5843.599978,,,s,0.575439937,0.030937284,0.030937284,mJy,Spectral Flux,5.48E+14,,,Hz,uvot-v,uvot-v_offset,slop
11763.60002,,,s,0.244343055,0.019437595,0.019437595,mJy,Spectral Flux,5.48E+14,,,Hz,uvot-v,uvot-v_offset,slop
12066.59998,,,s,0.255858589,0.019266619,0.019266619,mJy,Spectral Flux,5.48E+14,,,Hz,uvot-v,uvot-v_offset,slop
12369.60003,,,s,0.201372425,0.018562403,0.018562403,mJy,Spectral Flux,5.48E+14,,,Hz,uvot-v,uvot-v_offset,slop
29912.09999,,,s,0.088715601,0.017921023,0.017921023,mJy,Spectral Flux,5.48E+14,,,Hz,uvot-v,uvot-v_offset,slop
47261.09998,,,s,0.027289778,0.001996798,0.001996798,mJy,Spectral Flux,5.48E+14,,,Hz,uvot-v,uvot-v_offset,slop
76511.60001,,,s,0.005345644,0.004399406,0.004399406,mJy,Spectral Flux,5.48E+14,,,Hz,uvot-v,uvot-v_offset,slop
5228.600026,,,s,0.648634434,0.017677089,0.017677089,mJy,Spectral Flux,6.83E+14,,,Hz,uvot-b,uvot-b_offset,slop
6664.599994,,,s,0.45289758,0.016381748,0.016381748,mJy,Spectral Flux,6.83E+14,,,Hz,uvot-b,uvot-b_offset,slop
28814.10002,,,s,0.082413812,0.008826998,0.008826998,mJy,Spectral Flux,6.83E+14,,,Hz,uvot-b,uvot-b_offset,slop
46161.10002,,,s,0.03801894,0.007819422,0.007819422,mJy,Spectral Flux,6.83E+14,,,Hz,uvot-b,uvot-b_offset,slop
75991.59996,,,s,0.033419504,0.010928958,0.010928958,mJy,Spectral Flux,6.83E+14,,,Hz,uvot-b,uvot-b_offset,slop
82540.09996,,,s,0.059156163,0.016694207,0.016694207,mJy,Spectral Flux,6.83E+14,,,Hz,uvot-b,uvot-b_offset,slop
382344,,,s,0.006367955,0.00151507,0.00151507,mJy,Spectral Flux,6.83E+14,,,Hz,uvot-b,uvot-b_offset,slop
5023.600042,,,s,0.591561634,0.016121697,0.016121697,mJy,Spectral Flux,8.65E+14,,,Hz,uvot-u,uvot-u_offset,slop
6459.60001,,,s,0.432513831,0.011787203,0.011787203,mJy,Spectral Flux,8.65E+14,,,Hz,uvot-u,uvot-u_offset,slop
18451.59998,,,s,0.110662378,0.005949524,0.005949524,mJy,Spectral Flux,8.65E+14,,,Hz,uvot-u,uvot-u_offset,slop
18724.09997,,,s,0.101859139,0.00635988,0.00635988,mJy,Spectral Flux,8.65E+14,,,Hz,uvot-u,uvot-u_offset,slop
28592.09997,,,s,0.063095734,0.00528613,0.00528613,mJy,Spectral Flux,8.65E+14,,,Hz,uvot-u,uvot-u_offset,slop
45939.09997,,,s,0.029107171,0.004218598,0.004218598,mJy,Spectral Flux,8.65E+14,,,Hz,uvot-u,uvot-u_offset,slop
75884.59996,,,s,0.03250873,0.0063269,0.0063269,mJy,Spectral Flux,8.65E+14,,,Hz,uvot-u,uvot-u_offset,slop
82438.10001,,,s,0.015703628,0.005840833,0.005840833,mJy,Spectral Flux,8.65E+14,,,Hz,uvot-u,uvot-u_offset,slop
382293,,,s,0.001721869,0.000655272,0.000655272,mJy,Spectral Flux,8.65E+14,,,Hz,uvot-u,uvot-u_offset,slop
6253.600032,,,s,0.316227766,0.011438267,0.011438267,mJy,Spectral Flux,1.15E+15,,,Hz,uvw1,uvw1_offset,slop
17845.59997,,,s,0.080167806,0.002899748,0.002899748,mJy,Spectral Flux,1.15E+15,,,Hz,uvw1,uvw1_offset,slop
28262.10001,,,s,0.043651583,0.003287044,0.003287044,mJy,Spectral Flux,1.15E+15,,,Hz,uvw1,uvw1_offset,slop
45608.10002,,,s,0.024660393,0.002580346,0.002580346,mJy,Spectral Flux,1.15E+15,,,Hz,uvw1,uvw1_offset,slop
75727.60001,,,s,0.017864876,0.003276733,0.003276733,mJy,Spectral Flux,1.15E+15,,,Hz,uvw1,uvw1_offset,slop
82288.60001,,,s,0.012823306,0.003095834,0.003095834,mJy,Spectral Flux,1.15E+15,,,Hz,uvw1,uvw1_offset,slop
382233,,,s,0.001306171,0.00029226,0.00029226,mJy,Spectral Flux,1.15E+15,,,Hz,uvw1,uvw1_offset,slop
6048.599962,,,s,0.328095293,0.014766721,0.014766721,mJy,Spectral Flux,1.33E+15,,,Hz,uvm2,uvm2_offset,slop
12695.60002,,,s,0.105681751,0.006598556,0.006598556,mJy,Spectral Flux,1.33E+15,,,Hz,uvm2,uvm2_offset,slop
16938.59999,,,s,0.077268059,0.003477635,0.003477635,mJy,Spectral Flux,1.33E+15,,,Hz,uvm2,uvm2_offset,slop
30336.60004,,,s,0.034355795,0.003022938,0.003022938,mJy,Spectral Flux,1.33E+15,,,Hz,uvm2,uvm2_offset,slop
47683.60004,,,s,0.017218686,0.002290742,0.002290742,mJy,Spectral Flux,1.33E+15,,,Hz,uvm2,uvm2_offset,slop
76718.59998,,,s,0.009908319,0.00266396,0.00266396,mJy,Spectral Flux,1.33E+15,,,Hz,uvm2,uvm2_offset,slop
382695,,,s,0.000440555,0.000256053,0.000256053,mJy,Spectral Flux,1.33E+15,,,Hz,uvm2,uvm2_offset,slop
2101.199962,,,s,2.466039337,0.175171684,0.175171684,mJy,Spectral Flux,4.81E+14,,,Hz,r,r_offset,slop
67991.99996,,,s,0.028575905,0.002273226,0.002273226,mJy,Spectral Flux,4.81E+14,,,Hz,r,r_offset,slop
68963.99996,,,s,0.030199517,0.002145181,0.002145181,mJy,Spectral Flux,4.81E+14,,,Hz,r,r_offset,slop
238686,,,s,0.005970353,0.000770393,0.000770393,mJy,Spectral Flux,4.81E+14,,,Hz,r,r_offset,slop
27987.60004,,,s,0.092896639,0.00580028,0.00580028,mJy,Spectral Flux,4.81E+14,,,Hz,r,r_offset,slop
29355.60001,,,s,0.081658237,0.006495948,0.006495948,mJy,Spectral Flux,4.81E+14,,,Hz,r,r_offset,slop
33089.99999,,,s,0.071779429,0.002596332,0.002596332,mJy,Spectral Flux,4.81E+14,,,Hz,r,r_offset,slop
34321.19999,,,s,0.064268772,0.007775074,0.007775074,mJy,Spectral Flux,4.81E+14,,,Hz,r,r_offset,slop
203028,,,s,0.009120108,0.002982488,0.002982488,mJy,Spectral Flux,4.81E+14,,,Hz,r,r_offset,slop
298200,,,s,0.004325138,7.89E-05,7.89E-05,mJy,Spectral Flux,4.81E+14,,,Hz,r,r_offset,slop
451800,,,s,0.002511886,9.09E-05,9.09E-05,mJy,Spectral Flux,4.81E+14,,,Hz,r,r_offset,slop
1632000,,,s,0.000559758,3.01E-05,3.01E-05,mJy,Spectral Flux,4.81E+14,,,Hz,r,r_offset,slop
3232.999958,,,s,1.674942876,0.332177915,0.332177915,mJy,Spectral Flux,4.35E+14,,,Hz,R,R_offset,slop
24499.20004,,,s,0.103752842,0.011707884,0.011707884,mJy,Spectral Flux,4.35E+14,,,Hz,R,R_offset,slop
25188.59998,,,s,0.099083194,0.006186556,0.006186556,mJy,Spectral Flux,4.35E+14,,,Hz,R,R_offset,slop
26588.39999,,,s,0.100925289,0.010560341,0.010560341,mJy,Spectral Flux,4.35E+14,,,Hz,R,R_offset,slop
25878.59997,,,s,0.119124201,0.004308839,0.004308839,mJy,Spectral Flux,3.93E+14,,,Hz,i,i_offset,slop
27314.40001,,,s,0.105681751,0.004756462,0.004756462,mJy,Spectral Flux,3.93E+14,,,Hz,i,i_offset,slop
28683.59999,,,s,0.098174794,0.005278156,0.005278156,mJy,Spectral Flux,3.93E+14,,,Hz,i,i_offset,slop
33694.20003,,,s,0.089536477,0.004029805,0.004029805,mJy,Spectral Flux,3.93E+14,,,Hz,i,i_offset,slop
34874.40001,,,s,0.081658237,0.020844737,0.020844737,mJy,Spectral Flux,3.93E+14,,,Hz,i,i_offset,slop
70487.99997,,,s,0.034040819,0.00123129,0.00123129,mJy,Spectral Flux,3.93E+14,,,Hz,i,i_offset,slop
204762,,,s,0.010375284,0.001745499,0.001745499,mJy,Spectral Flux,3.93E+14,,,Hz,i,i_offset,slop
245070,,,s,0.005395106,0.000989558,0.000989558,mJy,Spectral Flux,3.93E+14,,,Hz,i,i_offset,slop
298200,,,s,0.005395106,9.85E-05,9.85E-05,mJy,Spectral Flux,3.93E+14,,,Hz,i,i_offset,slop
451800,,,s,0.002910717,0.000105283,0.000105283,mJy,Spectral Flux,3.93E+14,,,Hz,i,i_offset,slop
1632000,,,s,0.000887156,4.77E-05,4.77E-05,mJy,Spectral Flux,3.93E+14,,,Hz,i,i_offset,slop
24742.8,,,s,0.124738351,0.009922989,0.009922989,mJy,Spectral Flux,3.43E+14,,,Hz,I,I_offset,slop
3028.999968,,,s,1.584893192,0.266636454,0.266636454,mJy,Spectral Flux,1.82E+14,,,Hz,H,H_offset,slop
0.9911,,,d,0.41,0.12,0.12,mJy,Spectral Flux,9.70E+10,,,Hz,W,,slop
3.9911,,,d,0.35,0.19,0.19,mJy,Spectral Flux,9.70E+10,,,Hz,W,,slop
7.9911,,,d,0.2,0.09,0.09,mJy,Spectral Flux,9.70E+10,,,Hz,W,,slop
100.0247,,,s,1.05E-07,1.13E-08,1.13E-08,erg cm-2 s-1,Integrated Flux,,7.25E+16,2.42E+18,Hz,xray,,slop
101.126,,,s,8.29E-08,9.21E-09,9.21E-09,erg cm-2 s-1,Integrated Flux,,7.25E+16,2.42E+18,Hz,xray,,slop
102.359,,,s,7.82E-08,8.56E-09,8.56E-09,erg cm-2 s-1,Integrated Flux,,7.25E+16,2.42E+18,Hz,xray,,slop
103.468,,,s,8.63E-08,9.57E-09,9.57E-09,erg cm-2 s-1,Integrated Flux,,7.25E+16,2.42E+18,Hz,xray,,slop
104.553,,,s,9.18E-08,1.01E-08,1.01E-08,erg cm-2 s-1,Integrated Flux,,7.25E+16,2.42E+18,Hz,xray,,slop
105.669,,,s,7.82E-08,8.63E-09,8.63E-09,erg cm-2 s-1,Integrated Flux,,7.25E+16,2.42E+18,Hz,xray,,slop
106.779,,,s,8.72E-08,9.75E-09,9.75E-09,erg cm-2 s-1,Integrated Flux,,7.25E+16,2.42E+18,Hz,xray,,slop
108.008,,,s,7.21E-08,8.10E-09,8.10E-09,erg cm-2 s-1,Integrated Flux,,7.25E+16,2.42E+18,Hz,xray,,slop
109.227,,,s,8.25E-08,9.22E-09,9.22E-09,erg cm-2 s-1,Integrated Flux,,7.25E+16,2.42E+18,Hz,xray,,slop
110.2913,,,s,1.05E-07,1.11E-08,1.11E-08,erg cm-2 s-1,Integrated Flux,,7.25E+16,2.42E+18,Hz,xray,,slop
111.316,,,s,7.72E-08,8.45E-09,8.45E-09,erg cm-2 s-1,Integrated Flux,,7.25E+16,2.42E+18,Hz,xray,,slop
112.599,,,s,6.81E-08,7.77E-09,7.77E-09,erg cm-2 s-1,Integrated Flux,,7.25E+16,2.42E+18,Hz,xray,,slop
113.783,,,s,9.25E-08,9.92E-09,9.92E-09,erg cm-2 s-1,Integrated Flux,,7.25E+16,2.42E+18,Hz,xray,,slop
114.935,,,s,7.96E-08,8.82E-09,8.82E-09,erg cm-2 s-1,Integrated Flux,,7.25E+16,2.42E+18,Hz,xray,,slop
116.271,,,s,6.47E-08,7.35E-09,7.35E-09,erg cm-2 s-1,Integrated Flux,,7.25E+16,2.42E+18,Hz,xray,,slop
117.513,,,s,8.65E-08,9.03E-09,9.03E-09,erg cm-2 s-1,Integrated Flux,,7.25E+16,2.42E+18,Hz,xray,,slop
118.852,,,s,6.42E-08,7.04E-09,7.04E-09,erg cm-2 s-1,Integrated Flux,,7.25E+16,2.42E+18,Hz,xray,,slop
120.421,,,s,6.24E-08,6.91E-09,6.91E-09,erg cm-2 s-1,Integrated Flux,,7.25E+16,2.42E+18,Hz,xray,,slop
121.908,,,s,6.50E-08,7.21E-09,7.21E-09,erg cm-2 s-1,Integrated Flux,,7.25E+16,2.42E+18,Hz,xray,,slop
123.218,,,s,7.14E-08,7.98E-09,7.98E-09,erg cm-2 s-1,Integrated Flux,,7.25E+16,2.42E+18,Hz,xray,,slop
124.616,,,s,6.36E-08,6.97E-09,6.97E-09,erg cm-2 s-1,Integrated Flux,,7.25E+16,2.42E+18,Hz,xray,,slop
126.046,,,s,6.33E-08,7.02E-09,7.02E-09,erg cm-2 s-1,Integrated Flux,,7.25E+16,2.42E+18,Hz,xray,,slop
127.568,,,s,6.97E-08,7.70E-09,7.70E-09,erg cm-2 s-1,Integrated Flux,,7.25E+16,2.42E+18,Hz,xray,,slop
129.098,,,s,5.40E-08,6.17E-09,6.17E-09,erg cm-2 s-1,Integrated Flux,,7.25E+16,2.42E+18,Hz,xray,,slop
130.642,,,s,6.67E-08,7.83E-09,7.83E-09,erg cm-2 s-1,Integrated Flux,,7.25E+16,2.42E+18,Hz,xray,,slop
132.139,,,s,7.11E-08,8.58E-09,8.58E-09,erg cm-2 s-1,Integrated Flux,,7.25E+16,2.42E+18,Hz,xray,,slop
133.376,,,s,7.53E-08,8.98E-09,8.98E-09,erg cm-2 s-1,Integrated Flux,,7.25E+16,2.42E+18,Hz,xray,,slop
134.743,,,s,7.16E-08,9.99E-09,9.99E-09,erg cm-2 s-1,Integrated Flux,,7.25E+16,2.42E+18,Hz,xray,,slop
136.163,,,s,6.46E-08,9.40E-09,9.40E-09,erg cm-2 s-1,Integrated Flux,,7.25E+16,2.42E+18,Hz,xray,,slop
137.746,,,s,5.75E-08,7.30E-09,7.30E-09,erg cm-2 s-1,Integrated Flux,,7.25E+16,2.42E+18,Hz,xray,,slop
139.55,,,s,5.21E-08,7.85E-09,7.85E-09,erg cm-2 s-1,Integrated Flux,,7.25E+16,2.42E+18,Hz,xray,,slop
141.15,,,s,6.25E-08,9.37E-09,9.37E-09,erg cm-2 s-1,Integrated Flux,,7.25E+16,2.42E+18,Hz,xray,,slop
142.663,,,s,6.43E-08,1.13E-08,1.13E-08,erg cm-2 s-1,Integrated Flux,,7.25E+16,2.42E+18,Hz,xray,,slop
144.307,,,s,5.37E-08,1.10E-08,1.10E-08,erg cm-2 s-1,Integrated Flux,,7.25E+16,2.42E+18,Hz,xray,,slop
146.122,,,s,4.93E-08,9.23E-09,9.23E-09,erg cm-2 s-1,Integrated Flux,,7.25E+16,2.42E+18,Hz,xray,,slop
148.189,,,s,4.77E-08,6.46E-09,6.46E-09,erg cm-2 s-1,Integrated Flux,,7.25E+16,2.42E+18,Hz,xray,,slop
150.062,,,s,5.29E-08,8.52E-09,8.52E-09,erg cm-2 s-1,Integrated Flux,,7.25E+16,2.42E+18,Hz,xray,,slop
151.997,,,s,4.30E-08,6.05E-09,6.05E-09,erg cm-2 s-1,Integrated Flux,,7.25E+16,2.42E+18,Hz,xray,,slop
153.6593,,,s,5.14E-08,5.73E-09,5.73E-09,erg cm-2 s-1,Integrated Flux,,7.25E+16,2.42E+18,Hz,xray,,slop
154.5339,,,s,5.14E-08,5.52E-09,5.52E-09,erg cm-2 s-1,Integrated Flux,,7.25E+16,2.42E+18,Hz,xray,,slop
155.3483,,,s,5.25E-08,5.74E-09,5.74E-09,erg cm-2 s-1,Integrated Flux,,7.25E+16,2.42E+18,Hz,xray,,slop
156.1921,,,s,4.94E-08,5.37E-09,5.37E-09,erg cm-2 s-1,Integrated Flux,,7.25E+16,2.42E+18,Hz,xray,,slop
157.099,,,s,4.28E-08,4.63E-09,4.63E-09,erg cm-2 s-1,Integrated Flux,,7.25E+16,2.42E+18,Hz,xray,,slop
158.0629,,,s,4.56E-08,5.04E-09,5.04E-09,erg cm-2 s-1,Integrated Flux,,7.25E+16,2.42E+18,Hz,xray,,slop
158.9527,,,s,4.75E-08,5.27E-09,5.27E-09,erg cm-2 s-1,Integrated Flux,,7.25E+16,2.42E+18,Hz,xray,,slop
159.903,,,s,4.25E-08,4.60E-09,4.60E-09,erg cm-2 s-1,Integrated Flux,,7.25E+16,2.42E+18,Hz,xray,,slop
160.8868,,,s,4.36E-08,4.91E-09,4.91E-09,erg cm-2 s-1,Integrated Flux,,7.25E+16,2.42E+18,Hz,xray,,slop
161.8255,,,s,4.90E-08,5.35E-09,5.35E-09,erg cm-2 s-1,Integrated Flux,,7.25E+16,2.42E+18,Hz,xray,,slop
162.775,,,s,4.06E-08,4.59E-09,4.59E-09,erg cm-2 s-1,Integrated Flux,,7.25E+16,2.42E+18,Hz,xray,,slop
163.757,,,s,4.14E-08,4.47E-09,4.47E-09,erg cm-2 s-1,Integrated Flux,,7.25E+16,2.42E+18,Hz,xray,,slop
164.7749,,,s,4.60E-08,4.96E-09,4.96E-09,erg cm-2 s-1,Integrated Flux,,7.25E+16,2.42E+18,Hz,xray,,slop
165.6912,,,s,4.48E-08,4.84E-09,4.84E-09,erg cm-2 s-1,Integrated Flux,,7.25E+16,2.42E+18,Hz,xray,,slop
166.6286,,,s,4.59E-08,4.97E-09,4.97E-09,erg cm-2 s-1,Integrated Flux,,7.25E+16,2.42E+18,Hz,xray,,slop
167.5707,,,s,4.64E-08,5.09E-09,5.09E-09,erg cm-2 s-1,Integrated Flux,,7.25E+16,2.42E+18,Hz,xray,,slop
168.536,,,s,4.12E-08,4.52E-09,4.52E-09,erg cm-2 s-1,Integrated Flux,,7.25E+16,2.42E+18,Hz,xray,,slop
169.581,,,s,3.97E-08,4.36E-09,4.36E-09,erg cm-2 s-1,Integrated Flux,,7.25E+16,2.42E+18,Hz,xray,,slop
170.5655,,,s,4.55E-08,5.11E-09,5.11E-09,erg cm-2 s-1,Integrated Flux,,7.25E+16,2.42E+18,Hz,xray,,slop
171.4598,,,s,5.13E-08,5.70E-09,5.70E-09,erg cm-2 s-1,Integrated Flux,,7.25E+16,2.42E+18,Hz,xray,,slop
172.2561,,,s,3.64E-08,4.70E-09,4.70E-09,erg cm-2 s-1,Integrated Flux,,7.25E+16,2.42E+18,Hz,xray,,slop
173.113,,,s,4.14E-08,4.49E-09,4.49E-09,erg cm-2 s-1,Integrated Flux,,7.25E+16,2.42E+18,Hz,xray,,slop
174.1793,,,s,4.26E-08,4.80E-09,4.80E-09,erg cm-2 s-1,Integrated Flux,,7.25E+16,2.42E+18,Hz,xray,,slop
175.0332,,,s,3.31E-08,4.60E-09,4.60E-09,erg cm-2 s-1,Integrated Flux,,7.25E+16,2.42E+18,Hz,xray,,slop
175.8522,,,s,3.76E-08,4.73E-09,4.73E-09,erg cm-2 s-1,Integrated Flux,,7.25E+16,2.42E+18,Hz,xray,,slop
176.842,,,s,4.10E-08,4.48E-09,4.48E-09,erg cm-2 s-1,Integrated Flux,,7.25E+16,2.42E+18,Hz,xray,,slop
177.763,,,s,3.68E-08,5.01E-09,5.01E-09,erg cm-2 s-1,Integrated Flux,,7.25E+16,2.42E+18,Hz,xray,,slop
178.606,,,s,4.32E-08,4.79E-09,4.79E-09,erg cm-2 s-1,Integrated Flux,,7.25E+16,2.42E+18,Hz,xray,,slop
179.4916,,,s,3.78E-08,5.12E-09,5.12E-09,erg cm-2 s-1,Integrated Flux,,7.25E+16,2.42E+18,Hz,xray,,slop
180.2697,,,s,3.78E-08,4.94E-09,4.94E-09,erg cm-2 s-1,Integrated Flux,,7.25E+16,2.42E+18,Hz,xray,,slop
181.048,,,s,3.69E-08,5.03E-09,5.03E-09,erg cm-2 s-1,Integrated Flux,,7.25E+16,2.42E+18,Hz,xray,,slop
182.013,,,s,3.97E-08,4.51E-09,4.51E-09,erg cm-2 s-1,Integrated Flux,,7.25E+16,2.42E+18,Hz,xray,,slop
183.041,,,s,3.35E-08,4.55E-09,4.55E-09,erg cm-2 s-1,Integrated Flux,,7.25E+16,2.42E+18,Hz,xray,,slop
183.9158,,,s,4.67E-08,5.14E-09,5.14E-09,erg cm-2 s-1,Integrated Flux,,7.25E+16,2.42E+18,Hz,xray,,slop
184.868,,,s,4.27E-08,4.74E-09,4.74E-09,erg cm-2 s-1,Integrated Flux,,7.25E+16,2.42E+18,Hz,xray,,slop
185.792,,,s,3.56E-08,4.37E-09,4.37E-09,erg cm-2 s-1,Integrated Flux,,7.25E+16,2.42E+18,Hz,xray,,slop
186.7093,,,s,3.63E-08,4.78E-09,4.78E-09,erg cm-2 s-1,Integrated Flux,,7.25E+16,2.42E+18,Hz,xray,,slop
187.6067,,,s,2.80E-08,3.94E-09,3.94E-09,erg cm-2 s-1,Integrated Flux,,7.25E+16,2.42E+18,Hz,xray,,slop
188.4596,,,s,3.53E-08,4.83E-09,4.83E-09,erg cm-2 s-1,Integrated Flux,,7.25E+16,2.42E+18,Hz,xray,,slop
189.2292,,,s,3.57E-08,5.05E-09,5.05E-09,erg cm-2 s-1,Integrated Flux,,7.25E+16,2.42E+18,Hz,xray,,slop
190.1483,,,s,4.56E-08,5.08E-09,5.08E-09,erg cm-2 s-1,Integrated Flux,,7.25E+16,2.42E+18,Hz,xray,,slop
191.0392,,,s,3.78E-08,4.51E-09,4.51E-09,erg cm-2 s-1,Integrated Flux,,7.25E+16,2.42E+18,Hz,xray,,slop
191.9466,,,s,3.01E-08,3.97E-09,3.97E-09,erg cm-2 s-1,Integrated Flux,,7.25E+16,2.42E+18,Hz,xray,,slop
192.9141,,,s,3.06E-08,4.34E-09,4.34E-09,erg cm-2 s-1,Integrated Flux,,7.25E+16,2.42E+18,Hz,xray,,slop
193.7237,,,s,3.68E-08,4.91E-09,4.91E-09,erg cm-2 s-1,Integrated Flux,,7.25E+16,2.42E+18,Hz,xray,,slop
194.5963,,,s,3.15E-08,4.13E-09,4.13E-09,erg cm-2 s-1,Integrated Flux,,7.25E+16,2.42E+18,Hz,xray,,slop
195.3959,,,s,3.81E-08,4.85E-09,4.85E-09,erg cm-2 s-1,Integrated Flux,,7.25E+16,2.42E+18,Hz,xray,,slop
196.25,,,s,3.53E-08,4.76E-09,4.76E-09,erg cm-2 s-1,Integrated Flux,,7.25E+16,2.42E+18,Hz,xray,,slop
197.0174,,,s,3.72E-08,4.67E-09,4.67E-09,erg cm-2 s-1,Integrated Flux,,7.25E+16,2.42E+18,Hz,xray,,slop
197.8749,,,s,3.43E-08,4.75E-09,4.75E-09,erg cm-2 s-1,Integrated Flux,,7.25E+16,2.42E+18,Hz,xray,,slop
198.6926,,,s,3.26E-08,4.50E-09,4.50E-09,erg cm-2 s-1,Integrated Flux,,7.25E+16,2.42E+18,Hz,xray,,slop
199.6746,,,s,2.81E-08,3.80E-09,3.80E-09,erg cm-2 s-1,Integrated Flux,,7.25E+16,2.42E+18,Hz,xray,,slop
200.677,,,s,2.55E-08,3.30E-09,3.30E-09,erg cm-2 s-1,Integrated Flux,,7.25E+16,2.42E+18,Hz,xray,,slop
201.6237,,,s,3.53E-08,4.73E-09,4.73E-09,erg cm-2 s-1,Integrated Flux,,7.25E+16,2.42E+18,Hz,xray,,slop
202.538,,,s,3.26E-08,4.49E-09,4.49E-09,erg cm-2 s-1,Integrated Flux,,7.25E+16,2.42E+18,Hz,xray,,slop
203.3111,,,s,4.21E-08,4.85E-09,4.85E-09,erg cm-2 s-1,Integrated Flux,,7.25E+16,2.42E+18,Hz,xray,,slop
204.3855,,,s,3.08E-08,4.08E-09,4.08E-09,erg cm-2 s-1,Integrated Flux,,7.25E+16,2.42E+18,Hz,xray,,slop
205.2469,,,s,3.53E-08,4.59E-09,4.59E-09,erg cm-2 s-1,Integrated Flux,,7.25E+16,2.42E+18,Hz,xray,,slop
206.0898,,,s,3.29E-08,4.56E-09,4.56E-09,erg cm-2 s-1,Integrated Flux,,7.25E+16,2.42E+18,Hz,xray,,slop
206.9415,,,s,3.22E-08,4.37E-09,4.37E-09,erg cm-2 s-1,Integrated Flux,,7.25E+16,2.42E+18,Hz,xray,,slop
207.7472,,,s,3.42E-08,4.53E-09,4.53E-09,erg cm-2 s-1,Integrated Flux,,7.25E+16,2.42E+18,Hz,xray,,slop
208.737,,,s,2.62E-08,3.46E-09,3.46E-09,erg cm-2 s-1,Integrated Flux,,7.25E+16,2.42E+18,Hz,xray,,slop
209.6553,,,s,3.48E-08,4.58E-09,4.58E-09,erg cm-2 s-1,Integrated Flux,,7.25E+16,2.42E+18,Hz,xray,,slop
210.59,,,s,2.58E-08,3.44E-09,3.44E-09,erg cm-2 s-1,Integrated Flux,,7.25E+16,2.42E+18,Hz,xray,,slop
211.6216,,,s,3.19E-08,4.30E-09,4.30E-09,erg cm-2 s-1,Integrated Flux,,7.25E+16,2.42E+18,Hz,xray,,slop
212.4756,,,s,3.80E-08,4.49E-09,4.49E-09,erg cm-2 s-1,Integrated Flux,,7.25E+16,2.42E+18,Hz,xray,,slop
213.3724,,,s,3.53E-08,4.54E-09,4.54E-09,erg cm-2 s-1,Integrated Flux,,7.25E+16,2.42E+18,Hz,xray,,slop
214.2507,,,s,3.10E-08,4.11E-09,4.11E-09,erg cm-2 s-1,Integrated Flux,,7.25E+16,2.42E+18,Hz,xray,,slop
215.242,,,s,2.73E-08,3.58E-09,3.58E-09,erg cm-2 s-1,Integrated Flux,,7.25E+16,2.42E+18,Hz,xray,,slop
216.1525,,,s,3.66E-08,4.83E-09,4.83E-09,erg cm-2 s-1,Integrated Flux,,7.25E+16,2.42E+18,Hz,xray,,slop
217.0165,,,s,2.88E-08,3.87E-09,3.87E-09,erg cm-2 s-1,Integrated Flux,,7.25E+16,2.42E+18,Hz,xray,,slop
218.168,,,s,2.38E-08,3.04E-09,3.04E-09,erg cm-2 s-1,Integrated Flux,,7.25E+16,2.42E+18,Hz,xray,,slop
219.1716,,,s,3.33E-08,4.28E-09,4.28E-09,erg cm-2 s-1,Integrated Flux,,7.25E+16,2.42E+18,Hz,xray,,slop
220.0672,,,s,3.17E-08,4.25E-09,4.25E-09,erg cm-2 s-1,Integrated Flux,,7.25E+16,2.42E+18,Hz,xray,,slop
221.06,,,s,2.32E-08,3.26E-09,3.26E-09,erg cm-2 s-1,Integrated Flux,,7.25E+16,2.42E+18,Hz,xray,,slop
222.1338,,,s,2.95E-08,3.93E-09,3.93E-09,erg cm-2 s-1,Integrated Flux,,7.25E+16,2.42E+18,Hz,xray,,slop
223.402,,,s,2.04E-08,2.73E-09,2.73E-09,erg cm-2 s-1,Integrated Flux,,7.25E+16,2.42E+18,Hz,xray,,slop
224.4708,,,s,2.89E-08,3.94E-09,3.94E-09,erg cm-2 s-1,Integrated Flux,,7.25E+16,2.42E+18,Hz,xray,,slop
225.623,,,s,2.24E-08,2.96E-09,2.96E-09,erg cm-2 s-1,Integrated Flux,,7.25E+16,2.42E+18,Hz,xray,,slop
226.72,,,s,2.86E-08,3.70E-09,3.70E-09,erg cm-2 s-1,Integrated Flux,,7.25E+16,2.42E+18,Hz,xray,,slop
227.744,,,s,2.67E-08,3.52E-09,3.52E-09,erg cm-2 s-1,Integrated Flux,,7.25E+16,2.42E+18,Hz,xray,,slop
228.898,,,s,2.32E-08,3.31E-09,3.31E-09,erg cm-2 s-1,Integrated Flux,,7.25E+16,2.42E+18,Hz,xray,,slop
229.9339,,,s,3.11E-08,4.08E-09,4.08E-09,erg cm-2 s-1,Integrated Flux,,7.25E+16,2.42E+18,Hz,xray,,slop
230.799,,,s,3.18E-08,4.26E-09,4.26E-09,erg cm-2 s-1,Integrated Flux,,7.25E+16,2.42E+18,Hz,xray,,slop
231.6594,,,s,3.62E-08,4.74E-09,4.74E-09,erg cm-2 s-1,Integrated Flux,,7.25E+16,2.42E+18,Hz,xray,,slop
232.694,,,s,2.29E-08,3.03E-09,3.03E-09,erg cm-2 s-1,Integrated Flux,,7.25E+16,2.42E+18,Hz,xray,,slop
233.6912,,,s,3.54E-08,4.54E-09,4.54E-09,erg cm-2 s-1,Integrated Flux,,7.25E+16,2.42E+18,Hz,xray,,slop
234.611,,,s,2.50E-08,3.33E-09,3.33E-09,erg cm-2 s-1,Integrated Flux,,7.25E+16,2.42E+18,Hz,xray,,slop
235.768,,,s,2.71E-08,3.64E-09,3.64E-09,erg cm-2 s-1,Integrated Flux,,7.25E+16,2.42E+18,Hz,xray,,slop
236.891,,,s,2.41E-08,3.35E-09,3.35E-09,erg cm-2 s-1,Integrated Flux,,7.25E+16,2.42E+18,Hz,xray,,slop
237.7983,,,s,2.92E-08,3.86E-09,3.86E-09,erg cm-2 s-1,Integrated Flux,,7.25E+16,2.42E+18,Hz,xray,,slop
238.876,,,s,2.70E-08,3.53E-09,3.53E-09,erg cm-2 s-1,Integrated Flux,,7.25E+16,2.42E+18,Hz,xray,,slop
239.8721,,,s,3.03E-08,3.98E-09,3.98E-09,erg cm-2 s-1,Integrated Flux,,7.25E+16,2.42E+18,Hz,xray,,slop
240.884,,,s,2.72E-08,3.48E-09,3.48E-09,erg cm-2 s-1,Integrated Flux,,7.25E+16,2.42E+18,Hz,xray,,slop
242.133,,,s,2.22E-08,2.86E-09,2.86E-09,erg cm-2 s-1,Integrated Flux,,7.25E+16,2.42E+18,Hz,xray,,slop
243.201,,,s,3.20E-08,4.16E-09,4.16E-09,erg cm-2 s-1,Integrated Flux,,7.25E+16,2.42E+18,Hz,xray,,slop
244.306,,,s,2.21E-08,2.88E-09,2.88E-09,erg cm-2 s-1,Integrated Flux,,7.25E+16,2.42E+18,Hz,xray,,slop
245.39,,,s,2.61E-08,3.48E-09,3.48E-09,erg cm-2 s-1,Integrated Flux,,7.25E+16,2.42E+18,Hz,xray,,slop
246.698,,,s,2.07E-08,2.88E-09,2.88E-09,erg cm-2 s-1,Integrated Flux,,7.25E+16,2.42E+18,Hz,xray,,slop
247.944,,,s,2.46E-08,3.23E-09,3.23E-09,erg cm-2 s-1,Integrated Flux,,7.25E+16,2.42E+18,Hz,xray,,slop
249.026,,,s,2.60E-08,3.38E-09,3.38E-09,erg cm-2 s-1,Integrated Flux,,7.25E+16,2.42E+18,Hz,xray,,slop
250.145,,,s,2.66E-08,3.48E-09,3.48E-09,erg cm-2 s-1,Integrated Flux,,7.25E+16,2.42E+18,Hz,xray,,slop
251.252,,,s,2.42E-08,3.25E-09,3.25E-09,erg cm-2 s-1,Integrated Flux,,7.25E+16,2.42E+18,Hz,xray,,slop
252.416,,,s,2.57E-08,3.36E-09,3.36E-09,erg cm-2 s-1,Integrated Flux,,7.25E+16,2.42E+18,Hz,xray,,slop
253.584,,,s,2.49E-08,3.34E-09,3.34E-09,erg cm-2 s-1,Integrated Flux,,7.25E+16,2.42E+18,Hz,xray,,slop
254.682,,,s,2.28E-08,3.08E-09,3.08E-09,erg cm-2 s-1,Integrated Flux,,7.25E+16,2.42E+18,Hz,xray,,slop
255.797,,,s,2.74E-08,3.58E-09,3.58E-09,erg cm-2 s-1,Integrated Flux,,7.25E+16,2.42E+18,Hz,xray,,slop
256.947,,,s,2.63E-08,3.47E-09,3.47E-09,erg cm-2 s-1,Integrated Flux,,7.25E+16,2.42E+18,Hz,xray,,slop
258.143,,,s,2.20E-08,2.94E-09,2.94E-09,erg cm-2 s-1,Integrated Flux,,7.25E+16,2.42E+18,Hz,xray,,slop
259.393,,,s,2.25E-08,3.02E-09,3.02E-09,erg cm-2 s-1,Integrated Flux,,7.25E+16,2.42E+18,Hz,xray,,slop
260.805,,,s,1.89E-08,2.56E-09,2.56E-09,erg cm-2 s-1,Integrated Flux,,7.25E+16,2.42E+18,Hz,xray,,slop
262.014,,,s,2.38E-08,3.20E-09,3.20E-09,erg cm-2 s-1,Integrated Flux,,7.25E+16,2.42E+18,Hz,xray,,slop
263.303,,,s,2.24E-08,3.02E-09,3.02E-09,erg cm-2 s-1,Integrated Flux,,7.25E+16,2.42E+18,Hz,xray,,slop
264.729,,,s,1.74E-08,2.48E-09,2.48E-09,erg cm-2 s-1,Integrated Flux,,7.25E+16,2.42E+18,Hz,xray,,slop
265.927,,,s,2.57E-08,3.37E-09,3.37E-09,erg cm-2 s-1,Integrated Flux,,7.25E+16,2.42E+18,Hz,xray,,slop
267.178,,,s,2.27E-08,3.00E-09,3.00E-09,erg cm-2 s-1,Integrated Flux,,7.25E+16,2.42E+18,Hz,xray,,slop
268.402,,,s,2.21E-08,2.96E-09,2.96E-09,erg cm-2 s-1,Integrated Flux,,7.25E+16,2.42E+18,Hz,xray,,slop
269.67,,,s,2.29E-08,3.10E-09,3.10E-09,erg cm-2 s-1,Integrated Flux,,7.25E+16,2.42E+18,Hz,xray,,slop
270.884,,,s,2.57E-08,3.40E-09,3.40E-09,erg cm-2 s-1,Integrated Flux,,7.25E+16,2.42E+18,Hz,xray,,slop
271.881,,,s,2.52E-08,3.36E-09,3.36E-09,erg cm-2 s-1,Integrated Flux,,7.25E+16,2.42E+18,Hz,xray,,slop
272.991,,,s,2.51E-08,3.29E-09,3.29E-09,erg cm-2 s-1,Integrated Flux,,7.25E+16,2.42E+18,Hz,xray,,slop
274.288,,,s,1.80E-08,2.42E-09,2.42E-09,erg cm-2 s-1,Integrated Flux,,7.25E+16,2.42E+18,Hz,xray,,slop
275.875,,,s,2.12E-08,2.92E-09,2.92E-09,erg cm-2 s-1,Integrated Flux,,7.25E+16,2.42E+18,Hz,xray,,slop
277.156,,,s,1.91E-08,2.56E-09,2.56E-09,erg cm-2 s-1,Integrated Flux,,7.25E+16,2.42E+18,Hz,xray,,slop
278.56,,,s,2.21E-08,2.97E-09,2.97E-09,erg cm-2 s-1,Integrated Flux,,7.25E+16,2.42E+18,Hz,xray,,slop
279.748,,,s,2.29E-08,2.98E-09,2.98E-09,erg cm-2 s-1,Integrated Flux,,7.25E+16,2.42E+18,Hz,xray,,slop
281.306,,,s,1.58E-08,2.09E-09,2.09E-09,erg cm-2 s-1,Integrated Flux,,7.25E+16,2.42E+18,Hz,xray,,slop
282.937,,,s,1.83E-08,2.50E-09,2.50E-09,erg cm-2 s-1,Integrated Flux,,7.25E+16,2.42E+18,Hz,xray,,slop
284.287,,,s,2.60E-08,3.38E-09,3.38E-09,erg cm-2 s-1,Integrated Flux,,7.25E+16,2.42E+18,Hz,xray,,slop
285.56,,,s,2.05E-08,2.66E-09,2.66E-09,erg cm-2 s-1,Integrated Flux,,7.25E+16,2.42E+18,Hz,xray,,slop
286.919,,,s,2.30E-08,2.94E-09,2.94E-09,erg cm-2 s-1,Integrated Flux,,7.25E+16,2.42E+18,Hz,xray,,slop
288.331,,,s,1.67E-08,2.29E-09,2.29E-09,erg cm-2 s-1,Integrated Flux,,7.25E+16,2.42E+18,Hz,xray,,slop
289.705,,,s,2.21E-08,2.86E-09,2.86E-09,erg cm-2 s-1,Integrated Flux,,7.25E+16,2.42E+18,Hz,xray,,slop
291.116,,,s,1.69E-08,2.18E-09,2.18E-09,erg cm-2 s-1,Integrated Flux,,7.25E+16,2.42E+18,Hz,xray,,slop
291.8782,,,s,1.74E-08,2.17E-09,2.17E-09,erg cm-2 s-1,Integrated Flux,,7.25E+16,2.42E+18,Hz,xray,,slop
292.5346,,,s,1.80E-08,2.22E-09,2.22E-09,erg cm-2 s-1,Integrated Flux,,7.25E+16,2.42E+18,Hz,xray,,slop
293.0904,,,s,2.03E-08,2.54E-09,2.54E-09,erg cm-2 s-1,Integrated Flux,,7.25E+16,2.42E+18,Hz,xray,,slop
293.6507,,,s,1.89E-08,2.29E-09,2.29E-09,erg cm-2 s-1,Integrated Flux,,7.25E+16,2.42E+18,Hz,xray,,slop
294.2807,,,s,1.62E-08,2.05E-09,2.05E-09,erg cm-2 s-1,Integrated Flux,,7.25E+16,2.42E+18,Hz,xray,,slop
294.8924,,,s,1.95E-08,2.46E-09,2.46E-09,erg cm-2 s-1,Integrated Flux,,7.25E+16,2.42E+18,Hz,xray,,slop
295.4872,,,s,1.99E-08,2.47E-09,2.47E-09,erg cm-2 s-1,Integrated Flux,,7.25E+16,2.42E+18,Hz,xray,,slop
296.061,,,s,1.64E-08,2.16E-09,2.16E-09,erg cm-2 s-1,Integrated Flux,,7.25E+16,2.42E+18,Hz,xray,,slop
296.7249,,,s,1.69E-08,2.11E-09,2.11E-09,erg cm-2 s-1,Integrated Flux,,7.25E+16,2.42E+18,Hz,xray,,slop
297.351,,,s,1.73E-08,2.16E-09,2.16E-09,erg cm-2 s-1,Integrated Flux,,7.25E+16,2.42E+18,Hz,xray,,slop
297.9956,,,s,1.57E-08,2.00E-09,2.00E-09,erg cm-2 s-1,Integrated Flux,,7.25E+16,2.42E+18,Hz,xray,,slop
298.655,,,s,1.85E-08,2.29E-09,2.29E-09,erg cm-2 s-1,Integrated Flux,,7.25E+16,2.42E+18,Hz,xray,,slop
299.2272,,,s,2.15E-08,2.69E-09,2.69E-09,erg cm-2 s-1,Integrated Flux,,7.25E+16,2.42E+18,Hz,xray,,slop
299.7632,,,s,1.76E-08,2.18E-09,2.18E-09,erg cm-2 s-1,Integrated Flux,,7.25E+16,2.42E+18,Hz,xray,,slop
300.3239,,,s,2.11E-08,2.67E-09,2.67E-09,erg cm-2 s-1,Integrated Flux,,7.25E+16,2.42E+18,Hz,xray,,slop
300.8288,,,s,2.60E-08,3.00E-09,3.00E-09,erg cm-2 s-1,Integrated Flux,,7.25E+16,2.42E+18,Hz,xray,,slop
301.3538,,,s,2.15E-08,2.69E-09,2.69E-09,erg cm-2 s-1,Integrated Flux,,7.25E+16,2.42E+18,Hz,xray,,slop
301.9296,,,s,1.89E-08,2.41E-09,2.41E-09,erg cm-2 s-1,Integrated Flux,,7.25E+16,2.42E+18,Hz,xray,,slop
302.4148,,,s,2.45E-08,2.85E-09,2.85E-09,erg cm-2 s-1,Integrated Flux,,7.25E+16,2.42E+18,Hz,xray,,slop
302.9921,,,s,1.98E-08,2.54E-09,2.54E-09,erg cm-2 s-1,Integrated Flux,,7.25E+16,2.42E+18,Hz,xray,,slop
303.5463,,,s,2.03E-08,2.61E-09,2.61E-09,erg cm-2 s-1,Integrated Flux,,7.25E+16,2.42E+18,Hz,xray,,slop
304.0763,,,s,1.91E-08,2.41E-09,2.41E-09,erg cm-2 s-1,Integrated Flux,,7.25E+16,2.42E+18,Hz,xray,,slop
304.6979,,,s,1.70E-08,2.15E-09,2.15E-09,erg cm-2 s-1,Integrated Flux,,7.25E+16,2.42E+18,Hz,xray,,slop
305.2613,,,s,2.18E-08,2.71E-09,2.71E-09,erg cm-2 s-1,Integrated Flux,,7.25E+16,2.42E+18,Hz,xray,,slop
305.8671,,,s,1.52E-08,1.93E-09,1.93E-09,erg cm-2 s-1,Integrated Flux,,7.25E+16,2.42E+18,Hz,xray,,slop
306.5337,,,s,2.11E-08,2.75E-09,2.75E-09,erg cm-2 s-1,Integrated Flux,,7.25E+16,2.42E+18,Hz,xray,,slop
307.1122,,,s,1.66E-08,2.07E-09,2.07E-09,erg cm-2 s-1,Integrated Flux,,7.25E+16,2.42E+18,Hz,xray,,slop
307.7107,,,s,2.59E-08,3.00E-09,3.00E-09,erg cm-2 s-1,Integrated Flux,,7.25E+16,2.42E+18,Hz,xray,,slop
308.291,,,s,1.76E-08,2.24E-09,2.24E-09,erg cm-2 s-1,Integrated Flux,,7.25E+16,2.42E+18,Hz,xray,,slop
308.8116,,,s,2.64E-08,3.00E-09,3.00E-09,erg cm-2 s-1,Integrated Flux,,7.25E+16,2.42E+18,Hz,xray,,slop
309.3359,,,s,2.14E-08,2.64E-09,2.64E-09,erg cm-2 s-1,Integrated Flux,,7.25E+16,2.42E+18,Hz,xray,,slop
309.9145,,,s,1.71E-08,2.12E-09,2.12E-09,erg cm-2 s-1,Integrated Flux,,7.25E+16,2.42E+18,Hz,xray,,slop
310.479,,,s,2.11E-08,2.61E-09,2.61E-09,erg cm-2 s-1,Integrated Flux,,7.25E+16,2.42E+18,Hz,xray,,slop
311.0342,,,s,2.52E-08,2.95E-09,2.95E-09,erg cm-2 s-1,Integrated Flux,,7.25E+16,2.42E+18,Hz,xray,,slop
311.5754,,,s,2.13E-08,2.63E-09,2.63E-09,erg cm-2 s-1,Integrated Flux,,7.25E+16,2.42E+18,Hz,xray,,slop
312.1728,,,s,1.52E-08,1.94E-09,1.94E-09,erg cm-2 s-1,Integrated Flux,,7.25E+16,2.42E+18,Hz,xray,,slop
312.8479,,,s,1.71E-08,2.21E-09,2.21E-09,erg cm-2 s-1,Integrated Flux,,7.25E+16,2.42E+18,Hz,xray,,slop
313.5514,,,s,1.47E-08,1.83E-09,1.83E-09,erg cm-2 s-1,Integrated Flux,,7.25E+16,2.42E+18,Hz,xray,,slop
314.159,,,s,1.92E-08,2.43E-09,2.43E-09,erg cm-2 s-1,Integrated Flux,,7.25E+16,2.42E+18,Hz,xray,,slop
314.8233,,,s,1.56E-08,1.95E-09,1.95E-09,erg cm-2 s-1,Integrated Flux,,7.25E+16,2.42E+18,Hz,xray,,slop
315.492,,,s,1.80E-08,2.32E-09,2.32E-09,erg cm-2 s-1,Integrated Flux,,7.25E+16,2.42E+18,Hz,xray,,slop
316.0411,,,s,1.83E-08,2.38E-09,2.38E-09,erg cm-2 s-1,Integrated Flux,,7.25E+16,2.42E+18,Hz,xray,,slop
316.6692,,,s,1.89E-08,2.38E-09,2.38E-09,erg cm-2 s-1,Integrated Flux,,7.25E+16,2.42E+18,Hz,xray,,slop
317.2413,,,s,1.65E-08,2.13E-09,2.13E-09,erg cm-2 s-1,Integrated Flux,,7.25E+16,2.42E+18,Hz,xray,,slop
317.9307,,,s,1.63E-08,2.08E-09,2.08E-09,erg cm-2 s-1,Integrated Flux,,7.25E+16,2.42E+18,Hz,xray,,slop
318.5656,,,s,1.61E-08,2.01E-09,2.01E-09,erg cm-2 s-1,Integrated Flux,,7.25E+16,2.42E+18,Hz,xray,,slop
319.2882,,,s,1.49E-08,1.86E-09,1.86E-09,erg cm-2 s-1,Integrated Flux,,7.25E+16,2.42E+18,Hz,xray,,slop
320.0156,,,s,1.68E-08,2.09E-09,2.09E-09,erg cm-2 s-1,Integrated Flux,,7.25E+16,2.42E+18,Hz,xray,,slop
320.6616,,,s,1.46E-08,1.88E-09,1.88E-09,erg cm-2 s-1,Integrated Flux,,7.25E+16,2.42E+18,Hz,xray,,slop
321.4326,,,s,1.58E-08,2.01E-09,2.01E-09,erg cm-2 s-1,Integrated Flux,,7.25E+16,2.42E+18,Hz,xray,,slop
322.0638,,,s,1.77E-08,2.23E-09,2.23E-09,erg cm-2 s-1,Integrated Flux,,7.25E+16,2.42E+18,Hz,xray,,slop
322.7076,,,s,1.54E-08,1.96E-09,1.96E-09,erg cm-2 s-1,Integrated Flux,,7.25E+16,2.42E+18,Hz,xray,,slop
323.4085,,,s,1.62E-08,2.09E-09,2.09E-09,erg cm-2 s-1,Integrated Flux,,7.25E+16,2.42E+18,Hz,xray,,slop
324.0954,,,s,1.51E-08,1.91E-09,1.91E-09,erg cm-2 s-1,Integrated Flux,,7.25E+16,2.42E+18,Hz,xray,,slop
324.8006,,,s,1.52E-08,1.94E-09,1.94E-09,erg cm-2 s-1,Integrated Flux,,7.25E+16,2.42E+18,Hz,xray,,slop
325.5095,,,s,1.40E-08,1.77E-09,1.77E-09,erg cm-2 s-1,Integrated Flux,,7.25E+16,2.42E+18,Hz,xray,,slop
326.3342,,,s,1.53E-08,2.00E-09,2.00E-09,erg cm-2 s-1,Integrated Flux,,7.25E+16,2.42E+18,Hz,xray,,slop
326.9269,,,s,2.10E-08,2.61E-09,2.61E-09,erg cm-2 s-1,Integrated Flux,,7.25E+16,2.42E+18,Hz,xray,,slop
327.482,,,s,1.77E-08,2.29E-09,2.29E-09,erg cm-2 s-1,Integrated Flux,,7.25E+16,2.42E+18,Hz,xray,,slop
328.1913,,,s,1.37E-08,1.74E-09,1.74E-09,erg cm-2 s-1,Integrated Flux,,7.25E+16,2.42E+18,Hz,xray,,slop
328.916,,,s,1.68E-08,2.17E-09,2.17E-09,erg cm-2 s-1,Integrated Flux,,7.25E+16,2.42E+18,Hz,xray,,slop
329.5032,,,s,2.01E-08,2.46E-09,2.46E-09,erg cm-2 s-1,Integrated Flux,,7.25E+16,2.42E+18,Hz,xray,,slop
330.1354,,,s,1.66E-08,2.03E-09,2.03E-09,erg cm-2 s-1,Integrated Flux,,7.25E+16,2.42E+18,Hz,xray,,slop
330.8792,,,s,1.41E-08,1.77E-09,1.77E-09,erg cm-2 s-1,Integrated Flux,,7.25E+16,2.42E+18,Hz,xray,,slop
331.5645,,,s,1.66E-08,2.08E-09,2.08E-09,erg cm-2 s-1,Integrated Flux,,7.25E+16,2.42E+18,Hz,xray,,slop
332.2827,,,s,1.58E-08,2.02E-09,2.02E-09,erg cm-2 s-1,Integrated Flux,,7.25E+16,2.42E+18,Hz,xray,,slop
333.0034,,,s,1.47E-08,1.89E-09,1.89E-09,erg cm-2 s-1,Integrated Flux,,7.25E+16,2.42E+18,Hz,xray,,slop
333.7322,,,s,1.45E-08,1.84E-09,1.84E-09,erg cm-2 s-1,Integrated Flux,,7.25E+16,2.42E+18,Hz,xray,,slop
334.4529,,,s,1.39E-08,1.78E-09,1.78E-09,erg cm-2 s-1,Integrated Flux,,7.25E+16,2.42E+18,Hz,xray,,slop
335.2482,,,s,1.38E-08,1.78E-09,1.78E-09,erg cm-2 s-1,Integrated Flux,,7.25E+16,2.42E+18,Hz,xray,,slop
336.0064,,,s,1.58E-08,2.02E-09,2.02E-09,erg cm-2 s-1,Integrated Flux,,7.25E+16,2.42E+18,Hz,xray,,slop
336.6085,,,s,1.83E-08,2.24E-09,2.24E-09,erg cm-2 s-1,Integrated Flux,,7.25E+16,2.42E+18,Hz,xray,,slop
337.2696,,,s,1.75E-08,2.19E-09,2.19E-09,erg cm-2 s-1,Integrated Flux,,7.25E+16,2.42E+18,Hz,xray,,slop
337.8944,,,s,1.61E-08,2.02E-09,2.02E-09,erg cm-2 s-1,Integrated Flux,,7.25E+16,2.42E+18,Hz,xray,,slop
338.5736,,,s,1.74E-08,2.24E-09,2.24E-09,erg cm-2 s-1,Integrated Flux,,7.25E+16,2.42E+18,Hz,xray,,slop
339.2041,,,s,1.59E-08,2.07E-09,2.07E-09,erg cm-2 s-1,Integrated Flux,,7.25E+16,2.42E+18,Hz,xray,,slop
339.9329,,,s,1.51E-08,1.91E-09,1.91E-09,erg cm-2 s-1,Integrated Flux,,7.25E+16,2.42E+18,Hz,xray,,slop
340.5566,,,s,1.71E-08,2.23E-09,2.23E-09,erg cm-2 s-1,Integrated Flux,,7.25E+16,2.42E+18,Hz,xray,,slop
341.172,,,s,1.53E-08,1.98E-09,1.98E-09,erg cm-2 s-1,Integrated Flux,,7.25E+16,2.42E+18,Hz,xray,,slop
341.8988,,,s,1.75E-08,2.20E-09,2.20E-09,erg cm-2 s-1,Integrated Flux,,7.25E+16,2.42E+18,Hz,xray,,slop
342.4817,,,s,1.87E-08,2.31E-09,2.31E-09,erg cm-2 s-1,Integrated Flux,,7.25E+16,2.42E+18,Hz,xray,,slop
343.16,,,s,1.55E-08,1.94E-09,1.94E-09,erg cm-2 s-1,Integrated Flux,,7.25E+16,2.42E+18,Hz,xray,,slop
343.8803,,,s,1.43E-08,1.76E-09,1.76E-09,erg cm-2 s-1,Integrated Flux,,7.25E+16,2.42E+18,Hz,xray,,slop
344.6214,,,s,1.62E-08,1.99E-09,1.99E-09,erg cm-2 s-1,Integrated Flux,,7.25E+16,2.42E+18,Hz,xray,,slop
345.3075,,,s,1.53E-08,2.00E-09,2.00E-09,erg cm-2 s-1,Integrated Flux,,7.25E+16,2.42E+18,Hz,xray,,slop
346.0147,,,s,1.55E-08,1.96E-09,1.96E-09,erg cm-2 s-1,Integrated Flux,,7.25E+16,2.42E+18,Hz,xray,,slop
346.7069,,,s,1.60E-08,1.99E-09,1.99E-09,erg cm-2 s-1,Integrated Flux,,7.25E+16,2.42E+18,Hz,xray,,slop
347.4169,,,s,1.56E-08,1.95E-09,1.95E-09,erg cm-2 s-1,Integrated Flux,,7.25E+16,2.42E+18,Hz,xray,,slop
348.0457,,,s,1.81E-08,2.26E-09,2.26E-09,erg cm-2 s-1,Integrated Flux,,7.25E+16,2.42E+18,Hz,xray,,slop
348.6928,,,s,1.83E-08,2.26E-09,2.26E-09,erg cm-2 s-1,Integrated Flux,,7.25E+16,2.42E+18,Hz,xray,,slop
349.2743,,,s,2.00E-08,2.47E-09,2.47E-09,erg cm-2 s-1,Integrated Flux,,7.25E+16,2.42E+18,Hz,xray,,slop
349.9296,,,s,1.65E-08,2.08E-09,2.08E-09,erg cm-2 s-1,Integrated Flux,,7.25E+16,2.42E+18,Hz,xray,,slop
350.5342,,,s,1.50E-08,1.88E-09,1.88E-09,erg cm-2 s-1,Integrated Flux,,7.25E+16,2.42E+18,Hz,xray,,slop
351.2648,,,s,1.71E-08,2.18E-09,2.18E-09,erg cm-2 s-1,Integrated Flux,,7.25E+16,2.42E+18,Hz,xray,,slop
351.8927,,,s,1.65E-08,2.06E-09,2.06E-09,erg cm-2 s-1,Integrated Flux,,7.25E+16,2.42E+18,Hz,xray,,slop
352.5478,,,s,1.56E-08,1.99E-09,1.99E-09,erg cm-2 s-1,Integrated Flux,,7.25E+16,2.42E+18,Hz,xray,,slop
353.2322,,,s,1.85E-08,2.47E-09,2.47E-09,erg cm-2 s-1,Integrated Flux,,7.25E+16,2.42E+18,Hz,xray,,slop
353.8317,,,s,1.84E-08,2.24E-09,2.24E-09,erg cm-2 s-1,Integrated Flux,,7.25E+16,2.42E+18,Hz,xray,,slop
354.4757,,,s,1.56E-08,2.01E-09,2.01E-09,erg cm-2 s-1,Integrated Flux,,7.25E+16,2.42E+18,Hz,xray,,slop
355.1923,,,s,1.50E-08,1.86E-09,1.86E-09,erg cm-2 s-1,Integrated Flux,,7.25E+16,2.42E+18,Hz,xray,,slop
355.9471,,,s,1.51E-08,1.89E-09,1.89E-09,erg cm-2 s-1,Integrated Flux,,7.25E+16,2.42E+18,Hz,xray,,slop
356.5769,,,s,2.04E-08,2.54E-09,2.54E-09,erg cm-2 s-1,Integrated Flux,,7.25E+16,2.42E+18,Hz,xray,,slop
357.1557,,,s,1.76E-08,2.19E-09,2.19E-09,erg cm-2 s-1,Integrated Flux,,7.25E+16,2.42E+18,Hz,xray,,slop
357.8151,,,s,1.76E-08,2.27E-09,2.27E-09,erg cm-2 s-1,Integrated Flux,,7.25E+16,2.42E+18,Hz,xray,,slop
358.4357,,,s,1.55E-08,1.96E-09,1.96E-09,erg cm-2 s-1,Integrated Flux,,7.25E+16,2.42E+18,Hz,xray,,slop
359.1225,,,s,1.96E-08,2.45E-09,2.45E-09,erg cm-2 s-1,Integrated Flux,,7.25E+16,2.42E+18,Hz,xray,,slop
359.6591,,,s,1.69E-08,2.10E-09,2.10E-09,erg cm-2 s-1,Integrated Flux,,7.25E+16,2.42E+18,Hz,xray,,slop
360.3469,,,s,1.85E-08,2.33E-09,2.33E-09,erg cm-2 s-1,Integrated Flux,,7.25E+16,2.42E+18,Hz,xray,,slop
361.0109,,,s,1.65E-08,2.03E-09,2.03E-09,erg cm-2 s-1,Integrated Flux,,7.25E+16,2.42E+18,Hz,xray,,slop
361.6741,,,s,1.45E-08,1.82E-09,1.82E-09,erg cm-2 s-1,Integrated Flux,,7.25E+16,2.42E+18,Hz,xray,,slop
362.4661,,,s,1.48E-08,1.82E-09,1.82E-09,erg cm-2 s-1,Integrated Flux,,7.25E+16,2.42E+18,Hz,xray,,slop
363.2605,,,s,1.24E-08,1.58E-09,1.58E-09,erg cm-2 s-1,Integrated Flux,,7.25E+16,2.42E+18,Hz,xray,,slop
364.0494,,,s,1.78E-08,2.27E-09,2.27E-09,erg cm-2 s-1,Integrated Flux,,7.25E+16,2.42E+18,Hz,xray,,slop
364.8071,,,s,1.31E-08,1.67E-09,1.67E-09,erg cm-2 s-1,Integrated Flux,,7.25E+16,2.42E+18,Hz,xray,,slop
365.5563,,,s,1.60E-08,1.99E-09,1.99E-09,erg cm-2 s-1,Integrated Flux,,7.25E+16,2.42E+18,Hz,xray,,slop
366.3695,,,s,1.25E-08,1.59E-09,1.59E-09,erg cm-2 s-1,Integrated Flux,,7.25E+16,2.42E+18,Hz,xray,,slop
367.1974,,,s,1.30E-08,1.62E-09,1.62E-09,erg cm-2 s-1,Integrated Flux,,7.25E+16,2.42E+18,Hz,xray,,slop
368.0351,,,s,1.29E-08,1.64E-09,1.64E-09,erg cm-2 s-1,Integrated Flux,,7.25E+16,2.42E+18,Hz,xray,,slop
368.8995,,,s,1.31E-08,1.65E-09,1.65E-09,erg cm-2 s-1,Integrated Flux,,7.25E+16,2.42E+18,Hz,xray,,slop
369.7118,,,s,1.15E-08,1.48E-09,1.48E-09,erg cm-2 s-1,Integrated Flux,,7.25E+16,2.42E+18,Hz,xray,,slop
370.6059,,,s,1.43E-08,1.74E-09,1.74E-09,erg cm-2 s-1,Integrated Flux,,7.25E+16,2.42E+18,Hz,xray,,slop
371.4375,,,s,1.20E-08,1.53E-09,1.53E-09,erg cm-2 s-1,Integrated Flux,,7.25E+16,2.42E+18,Hz,xray,,slop
372.2645,,,s,1.78E-08,2.20E-09,2.20E-09,erg cm-2 s-1,Integrated Flux,,7.25E+16,2.42E+18,Hz,xray,,slop
373.0031,,,s,1.18E-08,1.51E-09,1.51E-09,erg cm-2 s-1,Integrated Flux,,7.25E+16,2.42E+18,Hz,xray,,slop
373.8498,,,s,1.33E-08,1.66E-09,1.66E-09,erg cm-2 s-1,Integrated Flux,,7.25E+16,2.42E+18,Hz,xray,,slop
374.7138,,,s,1.34E-08,1.73E-09,1.73E-09,erg cm-2 s-1,Integrated Flux,,7.25E+16,2.42E+18,Hz,xray,,slop
375.5126,,,s,1.23E-08,1.54E-09,1.54E-09,erg cm-2 s-1,Integrated Flux,,7.25E+16,2.42E+18,Hz,xray,,slop
376.4067,,,s,1.36E-08,1.68E-09,1.68E-09,erg cm-2 s-1,Integrated Flux,,7.25E+16,2.42E+18,Hz,xray,,slop
377.2546,,,s,1.26E-08,1.57E-09,1.57E-09,erg cm-2 s-1,Integrated Flux,,7.25E+16,2.42E+18,Hz,xray,,slop
378.0926,,,s,1.57E-08,1.94E-09,1.94E-09,erg cm-2 s-1,Integrated Flux,,7.25E+16,2.42E+18,Hz,xray,,slop
378.894,,,s,1.05E-08,1.37E-09,1.37E-09,erg cm-2 s-1,Integrated Flux,,7.25E+16,2.42E+18,Hz,xray,,slop
379.7854,,,s,1.44E-08,1.79E-09,1.79E-09,erg cm-2 s-1,Integrated Flux,,7.25E+16,2.42E+18,Hz,xray,,slop
380.5504,,,s,1.36E-08,1.73E-09,1.73E-09,erg cm-2 s-1,Integrated Flux,,7.25E+16,2.42E+18,Hz,xray,,slop
381.3697,,,s,1.30E-08,1.67E-09,1.67E-09,erg cm-2 s-1,Integrated Flux,,7.25E+16,2.42E+18,Hz,xray,,slop
382.1644,,,s,1.36E-08,1.73E-09,1.73E-09,erg cm-2 s-1,Integrated Flux,,7.25E+16,2.42E+18,Hz,xray,,slop
382.9745,,,s,1.25E-08,1.60E-09,1.60E-09,erg cm-2 s-1,Integrated Flux,,7.25E+16,2.42E+18,Hz,xray,,slop
383.9343,,,s,1.17E-08,1.45E-09,1.45E-09,erg cm-2 s-1,Integrated Flux,,7.25E+16,2.42E+18,Hz,xray,,slop
384.8726,,,s,1.16E-08,1.45E-09,1.45E-09,erg cm-2 s-1,Integrated Flux,,7.25E+16,2.42E+18,Hz,xray,,slop
385.851,,,s,1.03E-08,1.33E-09,1.33E-09,erg cm-2 s-1,Integrated Flux,,7.25E+16,2.42E+18,Hz,xray,,slop
386.7565,,,s,1.28E-08,1.63E-09,1.63E-09,erg cm-2 s-1,Integrated Flux,,7.25E+16,2.42E+18,Hz,xray,,slop
387.6771,,,s,1.15E-08,1.42E-09,1.42E-09,erg cm-2 s-1,Integrated Flux,,7.25E+16,2.42E+18,Hz,xray,,slop
388.6343,,,s,1.23E-08,1.56E-09,1.56E-09,erg cm-2 s-1,Integrated Flux,,7.25E+16,2.42E+18,Hz,xray,,slop
389.4845,,,s,1.25E-08,1.58E-09,1.58E-09,erg cm-2 s-1,Integrated Flux,,7.25E+16,2.42E+18,Hz,xray,,slop
390.3681,,,s,1.09E-08,1.39E-09,1.39E-09,erg cm-2 s-1,Integrated Flux,,7.25E+16,2.42E+18,Hz,xray,,slop
391.3551,,,s,1.25E-08,1.61E-09,1.61E-09,erg cm-2 s-1,Integrated Flux,,7.25E+16,2.42E+18,Hz,xray,,slop
392.2321,,,s,1.15E-08,1.54E-09,1.54E-09,erg cm-2 s-1,Integrated Flux,,7.25E+16,2.42E+18,Hz,xray,,slop
393.2092,,,s,1.19E-08,1.50E-09,1.50E-09,erg cm-2 s-1,Integrated Flux,,7.25E+16,2.42E+18,Hz,xray,,slop
394.0453,,,s,1.25E-08,1.59E-09,1.59E-09,erg cm-2 s-1,Integrated Flux,,7.25E+16,2.42E+18,Hz,xray,,slop
394.997,,,s,1.21E-08,1.54E-09,1.54E-09,erg cm-2 s-1,Integrated Flux,,7.25E+16,2.42E+18,Hz,xray,,slop
395.9173,,,s,1.24E-08,1.58E-09,1.58E-09,erg cm-2 s-1,Integrated Flux,,7.25E+16,2.42E+18,Hz,xray,,slop
396.6645,,,s,1.55E-08,1.96E-09,1.96E-09,erg cm-2 s-1,Integrated Flux,,7.25E+16,2.42E+18,Hz,xray,,slop
397.498,,,s,1.08E-08,1.35E-09,1.35E-09,erg cm-2 s-1,Integrated Flux,,7.25E+16,2.42E+18,Hz,xray,,slop
398.4793,,,s,1.44E-08,1.80E-09,1.80E-09,erg cm-2 s-1,Integrated Flux,,7.25E+16,2.42E+18,Hz,xray,,slop
399.1529,,,s,1.75E-08,2.19E-09,2.19E-09,erg cm-2 s-1,Integrated Flux,,7.25E+16,2.42E+18,Hz,xray,,slop
399.8198,,,s,1.35E-08,1.64E-09,1.64E-09,erg cm-2 s-1,Integrated Flux,,7.25E+16,2.42E+18,Hz,xray,,slop
400.7084,,,s,1.30E-08,1.57E-09,1.57E-09,erg cm-2 s-1,Integrated Flux,,7.25E+16,2.42E+18,Hz,xray,,slop
401.5306,,,s,1.41E-08,1.75E-09,1.75E-09,erg cm-2 s-1,Integrated Flux,,7.25E+16,2.42E+18,Hz,xray,,slop
402.3874,,,s,1.20E-08,1.53E-09,1.53E-09,erg cm-2 s-1,Integrated Flux,,7.25E+16,2.42E+18,Hz,xray,,slop
403.3098,,,s,1.12E-08,1.41E-09,1.41E-09,erg cm-2 s-1,Integrated Flux,,7.25E+16,2.42E+18,Hz,xray,,slop
404.2298,,,s,1.32E-08,1.64E-09,1.64E-09,erg cm-2 s-1,Integrated Flux,,7.25E+16,2.42E+18,Hz,xray,,slop
405.0933,,,s,1.14E-08,1.40E-09,1.40E-09,erg cm-2 s-1,Integrated Flux,,7.25E+16,2.42E+18,Hz,xray,,slop
405.9998,,,s,1.38E-08,1.77E-09,1.77E-09,erg cm-2 s-1,Integrated Flux,,7.25E+16,2.42E+18,Hz,xray,,slop
406.9227,,,s,1.17E-08,1.46E-09,1.46E-09,erg cm-2 s-1,Integrated Flux,,7.25E+16,2.42E+18,Hz,xray,,slop
407.7736,,,s,1.19E-08,1.53E-09,1.53E-09,erg cm-2 s-1,Integrated Flux,,7.25E+16,2.42E+18,Hz,xray,,slop
408.5849,,,s,1.71E-08,2.07E-09,2.07E-09,erg cm-2 s-1,Integrated Flux,,7.25E+16,2.42E+18,Hz,xray,,slop
409.2829,,,s,1.46E-08,1.83E-09,1.83E-09,erg cm-2 s-1,Integrated Flux,,7.25E+16,2.42E+18,Hz,xray,,slop
410.0337,,,s,1.38E-08,1.69E-09,1.69E-09,erg cm-2 s-1,Integrated Flux,,7.25E+16,2.42E+18,Hz,xray,,slop
410.8295,,,s,1.40E-08,1.80E-09,1.80E-09,erg cm-2 s-1,Integrated Flux,,7.25E+16,2.42E+18,Hz,xray,,slop
411.592,,,s,1.49E-08,1.92E-09,1.92E-09,erg cm-2 s-1,Integrated Flux,,7.25E+16,2.42E+18,Hz,xray,,slop
412.3212,,,s,1.46E-08,1.89E-09,1.89E-09,erg cm-2 s-1,Integrated Flux,,7.25E+16,2.42E+18,Hz,xray,,slop
413.1793,,,s,1.24E-08,1.53E-09,1.53E-09,erg cm-2 s-1,Integrated Flux,,7.25E+16,2.42E+18,Hz,xray,,slop
414.155,,,s,9.62E-09,1.23E-09,1.23E-09,erg cm-2 s-1,Integrated Flux,,7.25E+16,2.42E+18,Hz,xray,,slop
415.1173,,,s,1.31E-08,1.63E-09,1.63E-09,erg cm-2 s-1,Integrated Flux,,7.25E+16,2.42E+18,Hz,xray,,slop
416.161,,,s,9.32E-09,1.23E-09,1.23E-09,erg cm-2 s-1,Integrated Flux,,7.25E+16,2.42E+18,Hz,xray,,slop
417.225,,,s,9.36E-09,1.28E-09,1.28E-09,erg cm-2 s-1,Integrated Flux,,7.25E+16,2.42E+18,Hz,xray,,slop
418.2736,,,s,1.16E-08,1.44E-09,1.44E-09,erg cm-2 s-1,Integrated Flux,,7.25E+16,2.42E+18,Hz,xray,,slop
419.151,,,s,1.09E-08,1.37E-09,1.37E-09,erg cm-2 s-1,Integrated Flux,,7.25E+16,2.42E+18,Hz,xray,,slop
420.1791,,,s,1.18E-08,1.50E-09,1.50E-09,erg cm-2 s-1,Integrated Flux,,7.25E+16,2.42E+18,Hz,xray,,slop
421.25,,,s,9.94E-09,1.25E-09,1.25E-09,erg cm-2 s-1,Integrated Flux,,7.25E+16,2.42E+18,Hz,xray,,slop
422.383,,,s,8.90E-09,1.15E-09,1.15E-09,erg cm-2 s-1,Integrated Flux,,7.25E+16,2.42E+18,Hz,xray,,slop
423.4902,,,s,1.15E-08,1.42E-09,1.42E-09,erg cm-2 s-1,Integrated Flux,,7.25E+16,2.42E+18,Hz,xray,,slop
424.436,,,s,1.10E-08,1.35E-09,1.35E-09,erg cm-2 s-1,Integrated Flux,,7.25E+16,2.42E+18,Hz,xray,,slop
425.3459,,,s,1.33E-08,1.67E-09,1.67E-09,erg cm-2 s-1,Integrated Flux,,7.25E+16,2.42E+18,Hz,xray,,slop
426.297,,,s,9.77E-09,1.22E-09,1.22E-09,erg cm-2 s-1,Integrated Flux,,7.25E+16,2.42E+18,Hz,xray,,slop
427.485,,,s,9.14E-09,1.14E-09,1.14E-09,erg cm-2 s-1,Integrated Flux,,7.25E+16,2.42E+18,Hz,xray,,slop
428.593,,,s,1.05E-08,1.31E-09,1.31E-09,erg cm-2 s-1,Integrated Flux,,7.25E+16,2.42E+18,Hz,xray,,slop
429.58,,,s,1.06E-08,1.35E-09,1.35E-09,erg cm-2 s-1,Integrated Flux,,7.25E+16,2.42E+18,Hz,xray,,slop
430.742,,,s,8.09E-09,1.03E-09,1.03E-09,erg cm-2 s-1,Integrated Flux,,7.25E+16,2.42E+18,Hz,xray,,slop
431.93,,,s,9.05E-09,1.14E-09,1.14E-09,erg cm-2 s-1,Integrated Flux,,7.25E+16,2.42E+18,Hz,xray,,slop
433.1655,,,s,1.09E-08,1.38E-09,1.38E-09,erg cm-2 s-1,Integrated Flux,,7.25E+16,2.42E+18,Hz,xray,,slop
434.0094,,,s,1.27E-08,1.60E-09,1.60E-09,erg cm-2 s-1,Integrated Flux,,7.25E+16,2.42E+18,Hz,xray,,slop
434.8818,,,s,1.24E-08,1.60E-09,1.60E-09,erg cm-2 s-1,Integrated Flux,,7.25E+16,2.42E+18,Hz,xray,,slop
435.7813,,,s,1.21E-08,1.48E-09,1.48E-09,erg cm-2 s-1,Integrated Flux,,7.25E+16,2.42E+18,Hz,xray,,slop
436.6261,,,s,1.38E-08,1.76E-09,1.76E-09,erg cm-2 s-1,Integrated Flux,,7.25E+16,2.42E+18,Hz,xray,,slop
437.411,,,s,1.47E-08,1.83E-09,1.83E-09,erg cm-2 s-1,Integrated Flux,,7.25E+16,2.42E+18,Hz,xray,,slop
438.2577,,,s,1.16E-08,1.48E-09,1.48E-09,erg cm-2 s-1,Integrated Flux,,7.25E+16,2.42E+18,Hz,xray,,slop
439.1135,,,s,1.21E-08,1.53E-09,1.53E-09,erg cm-2 s-1,Integrated Flux,,7.25E+16,2.42E+18,Hz,xray,,slop
440.0578,,,s,1.11E-08,1.44E-09,1.44E-09,erg cm-2 s-1,Integrated Flux,,7.25E+16,2.42E+18,Hz,xray,,slop
441.134,,,s,9.05E-09,1.18E-09,1.18E-09,erg cm-2 s-1,Integrated Flux,,7.25E+16,2.42E+18,Hz,xray,,slop
442.214,,,s,1.03E-08,1.34E-09,1.34E-09,erg cm-2 s-1,Integrated Flux,,7.25E+16,2.42E+18,Hz,xray,,slop
443.351,,,s,8.50E-09,1.06E-09,1.06E-09,erg cm-2 s-1,Integrated Flux,,7.25E+16,2.42E+18,Hz,xray,,slop
444.601,,,s,9.66E-09,1.23E-09,1.23E-09,erg cm-2 s-1,Integrated Flux,,7.25E+16,2.42E+18,Hz,xray,,slop
445.696,,,s,1.01E-08,1.25E-09,1.25E-09,erg cm-2 s-1,Integrated Flux,,7.25E+16,2.42E+18,Hz,xray,,slop
446.811,,,s,9.37E-09,1.22E-09,1.22E-09,erg cm-2 s-1,Integrated Flux,,7.25E+16,2.42E+18,Hz,xray,,slop
447.8303,,,s,1.13E-08,1.41E-09,1.41E-09,erg cm-2 s-1,Integrated Flux,,7.25E+16,2.42E+18,Hz,xray,,slop
448.931,,,s,9.51E-09,1.20E-09,1.20E-09,erg cm-2 s-1,Integrated Flux,,7.25E+16,2.42E+18,Hz,xray,,slop
450.101,,,s,9.00E-09,1.16E-09,1.16E-09,erg cm-2 s-1,Integrated Flux,,7.25E+16,2.42E+18,Hz,xray,,slop
451.326,,,s,8.26E-09,1.03E-09,1.03E-09,erg cm-2 s-1,Integrated Flux,,7.25E+16,2.42E+18,Hz,xray,,slop
452.588,,,s,9.26E-09,1.20E-09,1.20E-09,erg cm-2 s-1,Integrated Flux,,7.25E+16,2.42E+18,Hz,xray,,slop
453.5545,,,s,1.23E-08,1.53E-09,1.53E-09,erg cm-2 s-1,Integrated Flux,,7.25E+16,2.42E+18,Hz,xray,,slop
454.4328,,,s,1.35E-08,1.67E-09,1.67E-09,erg cm-2 s-1,Integrated Flux,,7.25E+16,2.42E+18,Hz,xray,,slop
455.427,,,s,9.41E-09,1.18E-09,1.18E-09,erg cm-2 s-1,Integrated Flux,,7.25E+16,2.42E+18,Hz,xray,,slop
456.4653,,,s,1.20E-08,1.56E-09,1.56E-09,erg cm-2 s-1,Integrated Flux,,7.25E+16,2.42E+18,Hz,xray,,slop
457.4131,,,s,1.13E-08,1.44E-09,1.44E-09,erg cm-2 s-1,Integrated Flux,,7.25E+16,2.42E+18,Hz,xray,,slop
458.463,,,s,8.48E-09,1.12E-09,1.12E-09,erg cm-2 s-1,Integrated Flux,,7.25E+16,2.42E+18,Hz,xray,,slop
459.741,,,s,9.34E-09,1.15E-09,1.15E-09,erg cm-2 s-1,Integrated Flux,,7.25E+16,2.42E+18,Hz,xray,,slop
460.916,,,s,9.24E-09,1.18E-09,1.18E-09,erg cm-2 s-1,Integrated Flux,,7.25E+16,2.42E+18,Hz,xray,,slop
462.055,,,s,9.87E-09,1.23E-09,1.23E-09,erg cm-2 s-1,Integrated Flux,,7.25E+16,2.42E+18,Hz,xray,,slop
463.296,,,s,8.52E-09,1.08E-09,1.08E-09,erg cm-2 s-1,Integrated Flux,,7.25E+16,2.42E+18,Hz,xray,,slop
464.545,,,s,8.97E-09,1.13E-09,1.13E-09,erg cm-2 s-1,Integrated Flux,,7.25E+16,2.42E+18,Hz,xray,,slop
465.824,,,s,8.04E-09,1.04E-09,1.04E-09,erg cm-2 s-1,Integrated Flux,,7.25E+16,2.42E+18,Hz,xray,,slop
467.009,,,s,8.97E-09,1.16E-09,1.16E-09,erg cm-2 s-1,Integrated Flux,,7.25E+16,2.42E+18,Hz,xray,,slop
468.429,,,s,8.29E-09,1.06E-09,1.06E-09,erg cm-2 s-1,Integrated Flux,,7.25E+16,2.42E+18,Hz,xray,,slop
469.502,,,s,8.96E-09,1.17E-09,1.17E-09,erg cm-2 s-1,Integrated Flux,,7.25E+16,2.42E+18,Hz,xray,,slop
470.654,,,s,9.80E-09,1.21E-09,1.21E-09,erg cm-2 s-1,Integrated Flux,,7.25E+16,2.42E+18,Hz,xray,,slop
471.764,,,s,8.96E-09,1.11E-09,1.11E-09,erg cm-2 s-1,Integrated Flux,,7.25E+16,2.42E+18,Hz,xray,,slop
472.9635,,,s,1.16E-08,1.45E-09,1.45E-09,erg cm-2 s-1,Integrated Flux,,7.25E+16,2.42E+18,Hz,xray,,slop
474.136,,,s,9.12E-09,1.14E-09,1.14E-09,erg cm-2 s-1,Integrated Flux,,7.25E+16,2.42E+18,Hz,xray,,slop
475.159,,,s,1.00E-08,1.26E-09,1.26E-09,erg cm-2 s-1,Integrated Flux,,7.25E+16,2.42E+18,Hz,xray,,slop
476.332,,,s,8.53E-09,1.11E-09,1.11E-09,erg cm-2 s-1,Integrated Flux,,7.25E+16,2.42E+18,Hz,xray,,slop
477.447,,,s,9.90E-09,1.25E-09,1.25E-09,erg cm-2 s-1,Integrated Flux,,7.25E+16,2.42E+18,Hz,xray,,slop
478.73,,,s,8.06E-09,1.01E-09,1.01E-09,erg cm-2 s-1,Integrated Flux,,7.25E+16,2.42E+18,Hz,xray,,slop
479.956,,,s,9.48E-09,1.20E-09,1.20E-09,erg cm-2 s-1,Integrated Flux,,7.25E+16,2.42E+18,Hz,xray,,slop
480.9295,,,s,1.29E-08,1.60E-09,1.60E-09,erg cm-2 s-1,Integrated Flux,,7.25E+16,2.42E+18,Hz,xray,,slop
481.955,,,s,7.79E-09,1.02E-09,1.02E-09,erg cm-2 s-1,Integrated Flux,,7.25E+16,2.42E+18,Hz,xray,,slop
483.251,,,s,1.04E-08,1.27E-09,1.27E-09,erg cm-2 s-1,Integrated Flux,,7.25E+16,2.42E+18,Hz,xray,,slop
484.3582,,,s,1.10E-08,1.38E-09,1.38E-09,erg cm-2 s-1,Integrated Flux,,7.25E+16,2.42E+18,Hz,xray,,slop
485.335,,,s,9.16E-09,1.16E-09,1.16E-09,erg cm-2 s-1,Integrated Flux,,7.25E+16,2.42E+18,Hz,xray,,slop
486.564,,,s,9.66E-09,1.22E-09,1.22E-09,erg cm-2 s-1,Integrated Flux,,7.25E+16,2.42E+18,Hz,xray,,slop
487.613,,,s,1.02E-08,1.25E-09,1.25E-09,erg cm-2 s-1,Integrated Flux,,7.25E+16,2.42E+18,Hz,xray,,slop
488.682,,,s,1.03E-08,1.28E-09,1.28E-09,erg cm-2 s-1,Integrated Flux,,7.25E+16,2.42E+18,Hz,xray,,slop
489.986,,,s,7.43E-09,9.58E-10,9.58E-10,erg cm-2 s-1,Integrated Flux,,7.25E+16,2.42E+18,Hz,xray,,slop
491.227,,,s,1.01E-08,1.27E-09,1.27E-09,erg cm-2 s-1,Integrated Flux,,7.25E+16,2.42E+18,Hz,xray,,slop
492.2053,,,s,1.14E-08,1.47E-09,1.47E-09,erg cm-2 s-1,Integrated Flux,,7.25E+16,2.42E+18,Hz,xray,,slop
493.111,,,s,1.07E-08,1.34E-09,1.34E-09,erg cm-2 s-1,Integrated Flux,,7.25E+16,2.42E+18,Hz,xray,,slop
494.0708,,,s,1.21E-08,1.56E-09,1.56E-09,erg cm-2 s-1,Integrated Flux,,7.25E+16,2.42E+18,Hz,xray,,slop
495.163,,,s,9.42E-09,1.16E-09,1.16E-09,erg cm-2 s-1,Integrated Flux,,7.25E+16,2.42E+18,Hz,xray,,slop
496.427,,,s,8.57E-09,1.09E-09,1.09E-09,erg cm-2 s-1,Integrated Flux,,7.25E+16,2.42E+18,Hz,xray,,slop
497.3948,,,s,1.18E-08,1.45E-09,1.45E-09,erg cm-2 s-1,Integrated Flux,,7.25E+16,2.42E+18,Hz,xray,,slop
498.457,,,s,1.09E-08,1.37E-09,1.37E-09,erg cm-2 s-1,Integrated Flux,,7.25E+16,2.42E+18,Hz,xray,,slop
499.4851,,,s,1.15E-08,1.45E-09,1.45E-09,erg cm-2 s-1,Integrated Flux,,7.25E+16,2.42E+18,Hz,xray,,slop
500.504,,,s,9.72E-09,1.20E-09,1.20E-09,erg cm-2 s-1,Integrated Flux,,7.25E+16,2.42E+18,Hz,xray,,slop
501.671,,,s,1.01E-08,1.28E-09,1.28E-09,erg cm-2 s-1,Integrated Flux,,7.25E+16,2.42E+18,Hz,xray,,slop
502.854,,,s,8.31E-09,1.05E-09,1.05E-09,erg cm-2 s-1,Integrated Flux,,7.25E+16,2.42E+18,Hz,xray,,slop
504.04,,,s,1.12E-08,1.37E-09,1.37E-09,erg cm-2 s-1,Integrated Flux,,7.25E+16,2.42E+18,Hz,xray,,slop
505.176,,,s,8.71E-09,1.13E-09,1.13E-09,erg cm-2 s-1,Integrated Flux,,7.25E+16,2.42E+18,Hz,xray,,slop
506.3187,,,s,1.14E-08,1.43E-09,1.43E-09,erg cm-2 s-1,Integrated Flux,,7.25E+16,2.42E+18,Hz,xray,,slop
507.312,,,s,9.29E-09,1.18E-09,1.18E-09,erg cm-2 s-1,Integrated Flux,,7.25E+16,2.42E+18,Hz,xray,,slop
508.3328,,,s,8.71E-09,1.09E-09,1.09E-09,erg cm-2 s-1,Integrated Flux,,7.25E+16,2.42E+18,Hz,xray,,slop
509.2016,,,s,9.41E-09,1.19E-09,1.19E-09,erg cm-2 s-1,Integrated Flux,,7.25E+16,2.42E+18,Hz,xray,,slop
510.08,,,s,1.02E-08,1.25E-09,1.25E-09,erg cm-2 s-1,Integrated Flux,,7.25E+16,2.42E+18,Hz,xray,,slop
510.8701,,,s,1.08E-08,1.35E-09,1.35E-09,erg cm-2 s-1,Integrated Flux,,7.25E+16,2.42E+18,Hz,xray,,slop
511.7086,,,s,8.50E-09,1.09E-09,1.09E-09,erg cm-2 s-1,Integrated Flux,,7.25E+16,2.42E+18,Hz,xray,,slop
512.5685,,,s,1.18E-08,1.48E-09,1.48E-09,erg cm-2 s-1,Integrated Flux,,7.25E+16,2.42E+18,Hz,xray,,slop
513.2933,,,s,1.09E-08,1.34E-09,1.34E-09,erg cm-2 s-1,Integrated Flux,,7.25E+16,2.42E+18,Hz,xray,,slop
514.0823,,,s,1.03E-08,1.26E-09,1.26E-09,erg cm-2 s-1,Integrated Flux,,7.25E+16,2.42E+18,Hz,xray,,slop
515.006,,,s,8.22E-09,1.01E-09,1.01E-09,erg cm-2 s-1,Integrated Flux,,7.25E+16,2.42E+18,Hz,xray,,slop
515.9596,,,s,9.64E-09,1.19E-09,1.19E-09,erg cm-2 s-1,Integrated Flux,,7.25E+16,2.42E+18,Hz,xray,,slop
516.8709,,,s,8.62E-09,1.08E-09,1.08E-09,erg cm-2 s-1,Integrated Flux,,7.25E+16,2.42E+18,Hz,xray,,slop
517.986,,,s,7.30E-09,9.25E-10,9.25E-10,erg cm-2 s-1,Integrated Flux,,7.25E+16,2.42E+18,Hz,xray,,slop
518.8636,,,s,1.02E-08,1.25E-09,1.25E-09,erg cm-2 s-1,Integrated Flux,,7.25E+16,2.42E+18,Hz,xray,,slop
519.7296,,,s,9.40E-09,1.16E-09,1.16E-09,erg cm-2 s-1,Integrated Flux,,7.25E+16,2.42E+18,Hz,xray,,slop
520.6332,,,s,8.72E-09,1.08E-09,1.08E-09,erg cm-2 s-1,Integrated Flux,,7.25E+16,2.42E+18,Hz,xray,,slop
521.475,,,s,1.22E-08,1.52E-09,1.52E-09,erg cm-2 s-1,Integrated Flux,,7.25E+16,2.42E+18,Hz,xray,,slop
522.2219,,,s,9.51E-09,1.19E-09,1.19E-09,erg cm-2 s-1,Integrated Flux,,7.25E+16,2.42E+18,Hz,xray,,slop
523.1377,,,s,1.06E-08,1.33E-09,1.33E-09,erg cm-2 s-1,Integrated Flux,,7.25E+16,2.42E+18,Hz,xray,,slop
523.8619,,,s,1.16E-08,1.45E-09,1.45E-09,erg cm-2 s-1,Integrated Flux,,7.25E+16,2.42E+18,Hz,xray,,slop
524.6936,,,s,8.51E-09,1.04E-09,1.04E-09,erg cm-2 s-1,Integrated Flux,,7.25E+16,2.42E+18,Hz,xray,,slop
525.6876,,,s,9.39E-09,1.19E-09,1.19E-09,erg cm-2 s-1,Integrated Flux,,7.25E+16,2.42E+18,Hz,xray,,slop
526.4496,,,s,1.06E-08,1.31E-09,1.31E-09,erg cm-2 s-1,Integrated Flux,,7.25E+16,2.42E+18,Hz,xray,,slop
527.43,,,s,6.86E-09,8.40E-10,8.40E-10,erg cm-2 s-1,Integrated Flux,,7.25E+16,2.42E+18,Hz,xray,,slop
528.5043,,,s,8.99E-09,1.16E-09,1.16E-09,erg cm-2 s-1,Integrated Flux,,7.25E+16,2.42E+18,Hz,xray,,slop
529.414,,,s,9.65E-09,1.22E-09,1.22E-09,erg cm-2 s-1,Integrated Flux,,7.25E+16,2.42E+18,Hz,xray,,slop
530.2895,,,s,9.35E-09,1.20E-09,1.20E-09,erg cm-2 s-1,Integrated Flux,,7.25E+16,2.42E+18,Hz,xray,,slop
531.202,,,s,7.95E-09,9.96E-10,9.96E-10,erg cm-2 s-1,Integrated Flux,,7.25E+16,2.42E+18,Hz,xray,,slop
532.2262,,,s,8.50E-09,1.05E-09,1.05E-09,erg cm-2 s-1,Integrated Flux,,7.25E+16,2.42E+18,Hz,xray,,slop
533.1145,,,s,1.04E-08,1.36E-09,1.36E-09,erg cm-2 s-1,Integrated Flux,,7.25E+16,2.42E+18,Hz,xray,,slop
534.054,,,s,7.99E-09,1.02E-09,1.02E-09,erg cm-2 s-1,Integrated Flux,,7.25E+16,2.42E+18,Hz,xray,,slop
534.9119,,,s,9.58E-09,1.19E-09,1.19E-09,erg cm-2 s-1,Integrated Flux,,7.25E+16,2.42E+18,Hz,xray,,slop
535.7704,,,s,9.41E-09,1.21E-09,1.21E-09,erg cm-2 s-1,Integrated Flux,,7.25E+16,2.42E+18,Hz,xray,,slop
536.7015,,,s,8.67E-09,1.09E-09,1.09E-09,erg cm-2 s-1,Integrated Flux,,7.25E+16,2.42E+18,Hz,xray,,slop
537.6503,,,s,9.52E-09,1.19E-09,1.19E-09,erg cm-2 s-1,Integrated Flux,,7.25E+16,2.42E+18,Hz,xray,,slop
538.4728,,,s,1.02E-08,1.25E-09,1.25E-09,erg cm-2 s-1,Integrated Flux,,7.25E+16,2.42E+18,Hz,xray,,slop
539.318,,,s,8.02E-09,9.93E-10,9.93E-10,erg cm-2 s-1,Integrated Flux,,7.25E+16,2.42E+18,Hz,xray,,slop
540.428,,,s,8.02E-09,9.83E-10,9.83E-10,erg cm-2 s-1,Integrated Flux,,7.25E+16,2.42E+18,Hz,xray,,slop
541.4088,,,s,9.61E-09,1.22E-09,1.22E-09,erg cm-2 s-1,Integrated Flux,,7.25E+16,2.42E+18,Hz,xray,,slop
542.2248,,,s,9.47E-09,1.21E-09,1.21E-09,erg cm-2 s-1,Integrated Flux,,7.25E+16,2.42E+18,Hz,xray,,slop
543.242,,,s,6.64E-09,8.61E-10,8.61E-10,erg cm-2 s-1,Integrated Flux,,7.25E+16,2.42E+18,Hz,xray,,slop
544.411,,,s,7.60E-09,9.62E-10,9.62E-10,erg cm-2 s-1,Integrated Flux,,7.25E+16,2.42E+18,Hz,xray,,slop
545.4713,,,s,8.43E-09,1.07E-09,1.07E-09,erg cm-2 s-1,Integrated Flux,,7.25E+16,2.42E+18,Hz,xray,,slop
546.2712,,,s,1.01E-08,1.28E-09,1.28E-09,erg cm-2 s-1,Integrated Flux,,7.25E+16,2.42E+18,Hz,xray,,slop
547.1947,,,s,9.72E-09,1.20E-09,1.20E-09,erg cm-2 s-1,Integrated Flux,,7.25E+16,2.42E+18,Hz,xray,,slop
548.0814,,,s,8.60E-09,1.08E-09,1.08E-09,erg cm-2 s-1,Integrated Flux,,7.25E+16,2.42E+18,Hz,xray,,slop
548.9769,,,s,9.40E-09,1.15E-09,1.15E-09,erg cm-2 s-1,Integrated Flux,,7.25E+16,2.42E+18,Hz,xray,,slop
549.9003,,,s,8.78E-09,1.10E-09,1.10E-09,erg cm-2 s-1,Integrated Flux,,7.25E+16,2.42E+18,Hz,xray,,slop
550.953,,,s,7.56E-09,9.47E-10,9.47E-10,erg cm-2 s-1,Integrated Flux,,7.25E+16,2.42E+18,Hz,xray,,slop
552.111,,,s,7.61E-09,9.54E-10,9.54E-10,erg cm-2 s-1,Integrated Flux,,7.25E+16,2.42E+18,Hz,xray,,slop
553.096,,,s,8.97E-09,1.12E-09,1.12E-09,erg cm-2 s-1,Integrated Flux,,7.25E+16,2.42E+18,Hz,xray,,slop
553.9117,,,s,1.01E-08,1.23E-09,1.23E-09,erg cm-2 s-1,Integrated Flux,,7.25E+16,2.42E+18,Hz,xray,,slop
554.861,,,s,7.99E-09,1.01E-09,1.01E-09,erg cm-2 s-1,Integrated Flux,,7.25E+16,2.42E+18,Hz,xray,,slop
555.8819,,,s,8.48E-09,1.07E-09,1.07E-09,erg cm-2 s-1,Integrated Flux,,7.25E+16,2.42E+18,Hz,xray,,slop
556.919,,,s,8.28E-09,1.04E-09,1.04E-09,erg cm-2 s-1,Integrated Flux,,7.25E+16,2.42E+18,Hz,xray,,slop
557.8201,,,s,9.96E-09,1.22E-09,1.22E-09,erg cm-2 s-1,Integrated Flux,,7.25E+16,2.42E+18,Hz,xray,,slop
558.834,,,s,7.99E-09,1.01E-09,1.01E-09,erg cm-2 s-1,Integrated Flux,,7.25E+16,2.42E+18,Hz,xray,,slop
559.7652,,,s,9.21E-09,1.15E-09,1.15E-09,erg cm-2 s-1,Integrated Flux,,7.25E+16,2.42E+18,Hz,xray,,slop
560.738,,,s,7.85E-09,1.01E-09,1.01E-09,erg cm-2 s-1,Integrated Flux,,7.25E+16,2.42E+18,Hz,xray,,slop
561.767,,,s,7.65E-09,9.59E-10,9.59E-10,erg cm-2 s-1,Integrated Flux,,7.25E+16,2.42E+18,Hz,xray,,slop
562.8442,,,s,9.52E-09,1.19E-09,1.19E-09,erg cm-2 s-1,Integrated Flux,,7.25E+16,2.42E+18,Hz,xray,,slop
563.7355,,,s,8.55E-09,1.05E-09,1.05E-09,erg cm-2 s-1,Integrated Flux,,7.25E+16,2.42E+18,Hz,xray,,slop
564.5535,,,s,1.04E-08,1.29E-09,1.29E-09,erg cm-2 s-1,Integrated Flux,,7.25E+16,2.42E+18,Hz,xray,,slop
565.581,,,s,7.19E-09,9.20E-10,9.20E-10,erg cm-2 s-1,Integrated Flux,,7.25E+16,2.42E+18,Hz,xray,,slop
566.675,,,s,7.48E-09,9.37E-10,9.37E-10,erg cm-2 s-1,Integrated Flux,,7.25E+16,2.42E+18,Hz,xray,,slop
567.694,,,s,8.12E-09,1.03E-09,1.03E-09,erg cm-2 s-1,Integrated Flux,,7.25E+16,2.42E+18,Hz,xray,,slop
568.6623,,,s,9.02E-09,1.12E-09,1.12E-09,erg cm-2 s-1,Integrated Flux,,7.25E+16,2.42E+18,Hz,xray,,slop
569.704,,,s,6.64E-09,8.31E-10,8.31E-10,erg cm-2 s-1,Integrated Flux,,7.25E+16,2.42E+18,Hz,xray,,slop
570.851,,,s,7.09E-09,9.62E-10,9.62E-10,erg cm-2 s-1,Integrated Flux,,7.25E+16,2.42E+18,Hz,xray,,slop
571.8694,,,s,9.49E-09,1.19E-09,1.19E-09,erg cm-2 s-1,Integrated Flux,,7.25E+16,2.42E+18,Hz,xray,,slop
572.813,,,s,7.81E-09,9.78E-10,9.78E-10,erg cm-2 s-1,Integrated Flux,,7.25E+16,2.42E+18,Hz,xray,,slop
573.9263,,,s,8.12E-09,1.04E-09,1.04E-09,erg cm-2 s-1,Integrated Flux,,7.25E+16,2.42E+18,Hz,xray,,slop
574.905,,,s,8.20E-09,1.01E-09,1.01E-09,erg cm-2 s-1,Integrated Flux,,7.25E+16,2.42E+18,Hz,xray,,slop
575.961,,,s,7.97E-09,9.98E-10,9.98E-10,erg cm-2 s-1,Integrated Flux,,7.25E+16,2.42E+18,Hz,xray,,slop
577.014,,,s,7.31E-09,9.37E-10,9.37E-10,erg cm-2 s-1,Integrated Flux,,7.25E+16,2.42E+18,Hz,xray,,slop
578.104,,,s,7.47E-09,9.26E-10,9.26E-10,erg cm-2 s-1,Integrated Flux,,7.25E+16,2.42E+18,Hz,xray,,slop
579.181,,,s,8.00E-09,9.90E-10,9.90E-10,erg cm-2 s-1,Integrated Flux,,7.25E+16,2.42E+18,Hz,xray,,slop
580.226,,,s,8.10E-09,1.00E-09,1.00E-09,erg cm-2 s-1,Integrated Flux,,7.25E+16,2.42E+18,Hz,xray,,slop
581.224,,,s,7.36E-09,9.22E-10,9.22E-10,erg cm-2 s-1,Integrated Flux,,7.25E+16,2.42E+18,Hz,xray,,slop
582.381,,,s,7.44E-09,9.14E-10,9.14E-10,erg cm-2 s-1,Integrated Flux,,7.25E+16,2.42E+18,Hz,xray,,slop
583.489,,,s,7.32E-09,9.16E-10,9.16E-10,erg cm-2 s-1,Integrated Flux,,7.25E+16,2.42E+18,Hz,xray,,slop
584.5964,,,s,8.70E-09,1.08E-09,1.08E-09,erg cm-2 s-1,Integrated Flux,,7.25E+16,2.42E+18,Hz,xray,,slop
585.5728,,,s,9.04E-09,1.11E-09,1.11E-09,erg cm-2 s-1,Integrated Flux,,7.25E+16,2.42E+18,Hz,xray,,slop
586.618,,,s,7.64E-09,9.67E-10,9.67E-10,erg cm-2 s-1,Integrated Flux,,7.25E+16,2.42E+18,Hz,xray,,slop
587.5701,,,s,9.47E-09,1.20E-09,1.20E-09,erg cm-2 s-1,Integrated Flux,,7.25E+16,2.42E+18,Hz,xray,,slop
588.601,,,s,6.58E-09,8.52E-10,8.52E-10,erg cm-2 s-1,Integrated Flux,,7.25E+16,2.42E+18,Hz,xray,,slop
589.873,,,s,7.59E-09,9.40E-10,9.40E-10,erg cm-2 s-1,Integrated Flux,,7.25E+16,2.42E+18,Hz,xray,,slop
590.846,,,s,8.19E-09,1.00E-09,1.00E-09,erg cm-2 s-1,Integrated Flux,,7.25E+16,2.42E+18,Hz,xray,,slop
592.015,,,s,7.21E-09,9.06E-10,9.06E-10,erg cm-2 s-1,Integrated Flux,,7.25E+16,2.42E+18,Hz,xray,,slop
593.197,,,s,7.52E-09,9.43E-10,9.43E-10,erg cm-2 s-1,Integrated Flux,,7.25E+16,2.42E+18,Hz,xray,,slop
594.0983,,,s,9.78E-09,1.22E-09,1.22E-09,erg cm-2 s-1,Integrated Flux,,7.25E+16,2.42E+18,Hz,xray,,slop
595.057,,,s,9.71E-09,1.19E-09,1.19E-09,erg cm-2 s-1,Integrated Flux,,7.25E+16,2.42E+18,Hz,xray,,slop
595.989,,,s,7.55E-09,9.36E-10,9.36E-10,erg cm-2 s-1,Integrated Flux,,7.25E+16,2.42E+18,Hz,xray,,slop
596.943,,,s,8.99E-09,1.11E-09,1.11E-09,erg cm-2 s-1,Integrated Flux,,7.25E+16,2.42E+18,Hz,xray,,slop
598.034,,,s,8.02E-09,1.01E-09,1.01E-09,erg cm-2 s-1,Integrated Flux,,7.25E+16,2.42E+18,Hz,xray,,slop
599.103,,,s,7.94E-09,1.01E-09,1.01E-09,erg cm-2 s-1,Integrated Flux,,7.25E+16,2.42E+18,Hz,xray,,slop
600.068,,,s,8.27E-09,1.05E-09,1.05E-09,erg cm-2 s-1,Integrated Flux,,7.25E+16,2.42E+18,Hz,xray,,slop
601.0853,,,s,9.20E-09,1.14E-09,1.14E-09,erg cm-2 s-1,Integrated Flux,,7.25E+16,2.42E+18,Hz,xray,,slop
602.054,,,s,7.61E-09,9.43E-10,9.43E-10,erg cm-2 s-1,Integrated Flux,,7.25E+16,2.42E+18,Hz,xray,,slop
603.1151,,,s,9.22E-09,1.17E-09,1.17E-09,erg cm-2 s-1,Integrated Flux,,7.25E+16,2.42E+18,Hz,xray,,slop
604.327,,,s,4.67E-09,6.12E-10,6.12E-10,erg cm-2 s-1,Integrated Flux,,7.25E+16,2.42E+18,Hz,xray,,slop
605.778,,,s,7.16E-09,8.86E-10,8.86E-10,erg cm-2 s-1,Integrated Flux,,7.25E+16,2.42E+18,Hz,xray,,slop
606.917,,,s,8.15E-09,1.02E-09,1.02E-09,erg cm-2 s-1,Integrated Flux,,7.25E+16,2.42E+18,Hz,xray,,slop
607.986,,,s,6.81E-09,8.53E-10,8.53E-10,erg cm-2 s-1,Integrated Flux,,7.25E+16,2.42E+18,Hz,xray,,slop
609.1383,,,s,8.42E-09,1.10E-09,1.10E-09,erg cm-2 s-1,Integrated Flux,,7.25E+16,2.42E+18,Hz,xray,,slop
610.118,,,s,7.52E-09,9.41E-10,9.41E-10,erg cm-2 s-1,Integrated Flux,,7.25E+16,2.42E+18,Hz,xray,,slop
611.1466,,,s,8.42E-09,1.04E-09,1.04E-09,erg cm-2 s-1,Integrated Flux,,7.25E+16,2.42E+18,Hz,xray,,slop
612.1817,,,s,8.55E-09,1.05E-09,1.05E-09,erg cm-2 s-1,Integrated Flux,,7.25E+16,2.42E+18,Hz,xray,,slop
613.22,,,s,6.89E-09,8.47E-10,8.47E-10,erg cm-2 s-1,Integrated Flux,,7.25E+16,2.42E+18,Hz,xray,,slop
614.352,,,s,7.79E-09,9.86E-10,9.86E-10,erg cm-2 s-1,Integrated Flux,,7.25E+16,2.42E+18,Hz,xray,,slop
615.527,,,s,7.69E-09,9.52E-10,9.52E-10,erg cm-2 s-1,Integrated Flux,,7.25E+16,2.42E+18,Hz,xray,,slop
616.676,,,s,5.62E-09,7.44E-10,7.44E-10,erg cm-2 s-1,Integrated Flux,,7.25E+16,2.42E+18,Hz,xray,,slop
618.134,,,s,6.59E-09,8.07E-10,8.07E-10,erg cm-2 s-1,Integrated Flux,,7.25E+16,2.42E+18,Hz,xray,,slop
619.205,,,s,8.31E-09,1.02E-09,1.02E-09,erg cm-2 s-1,Integrated Flux,,7.25E+16,2.42E+18,Hz,xray,,slop
620.2114,,,s,8.51E-09,1.07E-09,1.07E-09,erg cm-2 s-1,Integrated Flux,,7.25E+16,2.42E+18,Hz,xray,,slop
621.256,,,s,8.02E-09,1.04E-09,1.04E-09,erg cm-2 s-1,Integrated Flux,,7.25E+16,2.42E+18,Hz,xray,,slop
622.307,,,s,6.88E-09,8.71E-10,8.71E-10,erg cm-2 s-1,Integrated Flux,,7.25E+16,2.42E+18,Hz,xray,,slop
623.4163,,,s,8.89E-09,1.11E-09,1.11E-09,erg cm-2 s-1,Integrated Flux,,7.25E+16,2.42E+18,Hz,xray,,slop
624.437,,,s,7.40E-09,9.59E-10,9.59E-10,erg cm-2 s-1,Integrated Flux,,7.25E+16,2.42E+18,Hz,xray,,slop
625.505,,,s,7.75E-09,9.59E-10,9.59E-10,erg cm-2 s-1,Integrated Flux,,7.25E+16,2.42E+18,Hz,xray,,slop
626.795,,,s,5.64E-09,7.14E-10,7.14E-10,erg cm-2 s-1,Integrated Flux,,7.25E+16,2.42E+18,Hz,xray,,slop
627.9007,,,s,1.01E-08,1.27E-09,1.27E-09,erg cm-2 s-1,Integrated Flux,,7.25E+16,2.42E+18,Hz,xray,,slop
628.989,,,s,5.99E-09,7.94E-10,7.94E-10,erg cm-2 s-1,Integrated Flux,,7.25E+16,2.42E+18,Hz,xray,,slop
630.407,,,s,5.60E-09,7.43E-10,7.43E-10,erg cm-2 s-1,Integrated Flux,,7.25E+16,2.42E+18,Hz,xray,,slop
631.554,,,s,7.88E-09,9.87E-10,9.87E-10,erg cm-2 s-1,Integrated Flux,,7.25E+16,2.42E+18,Hz,xray,,slop
632.6417,,,s,9.27E-09,1.15E-09,1.15E-09,erg cm-2 s-1,Integrated Flux,,7.25E+16,2.42E+18,Hz,xray,,slop
633.624,,,s,7.50E-09,9.39E-10,9.39E-10,erg cm-2 s-1,Integrated Flux,,7.25E+16,2.42E+18,Hz,xray,,slop
634.6,,,s,8.00E-09,1.00E-09,1.00E-09,erg cm-2 s-1,Integrated Flux,,7.25E+16,2.42E+18,Hz,xray,,slop
635.816,,,s,6.44E-09,8.16E-10,8.16E-10,erg cm-2 s-1,Integrated Flux,,7.25E+16,2.42E+18,Hz,xray,,slop
637.073,,,s,6.66E-09,8.34E-10,8.34E-10,erg cm-2 s-1,Integrated Flux,,7.25E+16,2.42E+18,Hz,xray,,slop
638.226,,,s,7.41E-09,9.39E-10,9.39E-10,erg cm-2 s-1,Integrated Flux,,7.25E+16,2.42E+18,Hz,xray,,slop
639.466,,,s,7.21E-09,9.14E-10,9.14E-10,erg cm-2 s-1,Integrated Flux,,7.25E+16,2.42E+18,Hz,xray,,slop
640.605,,,s,7.30E-09,9.04E-10,9.04E-10,erg cm-2 s-1,Integrated Flux,,7.25E+16,2.42E+18,Hz,xray,,slop
641.782,,,s,6.67E-09,8.27E-10,8.27E-10,erg cm-2 s-1,Integrated Flux,,7.25E+16,2.42E+18,Hz,xray,,slop
643.137,,,s,6.10E-09,7.50E-10,7.50E-10,erg cm-2 s-1,Integrated Flux,,7.25E+16,2.42E+18,Hz,xray,,slop
644.309,,,s,7.60E-09,9.42E-10,9.42E-10,erg cm-2 s-1,Integrated Flux,,7.25E+16,2.42E+18,Hz,xray,,slop
645.499,,,s,7.24E-09,9.07E-10,9.07E-10,erg cm-2 s-1,Integrated Flux,,7.25E+16,2.42E+18,Hz,xray,,slop
646.61,,,s,7.64E-09,9.36E-10,9.36E-10,erg cm-2 s-1,Integrated Flux,,7.25E+16,2.42E+18,Hz,xray,,slop
647.82,,,s,6.34E-09,7.85E-10,7.85E-10,erg cm-2 s-1,Integrated Flux,,7.25E+16,2.42E+18,Hz,xray,,slop
649.087,,,s,6.51E-09,7.97E-10,7.97E-10,erg cm-2 s-1,Integrated Flux,,7.25E+16,2.42E+18,Hz,xray,,slop
650.309,,,s,7.52E-09,9.63E-10,9.63E-10,erg cm-2 s-1,Integrated Flux,,7.25E+16,2.42E+18,Hz,xray,,slop
651.2861,,,s,8.27E-09,1.04E-09,1.04E-09,erg cm-2 s-1,Integrated Flux,,7.25E+16,2.42E+18,Hz,xray,,slop
652.428,,,s,6.79E-09,8.70E-10,8.70E-10,erg cm-2 s-1,Integrated Flux,,7.25E+16,2.42E+18,Hz,xray,,slop
653.675,,,s,5.87E-09,7.35E-10,7.35E-10,erg cm-2 s-1,Integrated Flux,,7.25E+16,2.42E+18,Hz,xray,,slop
655.003,,,s,7.58E-09,9.60E-10,9.60E-10,erg cm-2 s-1,Integrated Flux,,7.25E+16,2.42E+18,Hz,xray,,slop
656.189,,,s,6.96E-09,8.62E-10,8.62E-10,erg cm-2 s-1,Integrated Flux,,7.25E+16,2.42E+18,Hz,xray,,slop
657.379,,,s,7.18E-09,8.89E-10,8.89E-10,erg cm-2 s-1,Integrated Flux,,7.25E+16,2.42E+18,Hz,xray,,slop
658.433,,,s,7.74E-09,9.59E-10,9.59E-10,erg cm-2 s-1,Integrated Flux,,7.25E+16,2.42E+18,Hz,xray,,slop
659.553,,,s,7.31E-09,8.95E-10,8.95E-10,erg cm-2 s-1,Integrated Flux,,7.25E+16,2.42E+18,Hz,xray,,slop
660.742,,,s,6.63E-09,8.21E-10,8.21E-10,erg cm-2 s-1,Integrated Flux,,7.25E+16,2.42E+18,Hz,xray,,slop
661.828,,,s,8.08E-09,1.01E-09,1.01E-09,erg cm-2 s-1,Integrated Flux,,7.25E+16,2.42E+18,Hz,xray,,slop
662.932,,,s,7.81E-09,9.78E-10,9.78E-10,erg cm-2 s-1,Integrated Flux,,7.25E+16,2.42E+18,Hz,xray,,slop
664.061,,,s,6.94E-09,8.70E-10,8.70E-10,erg cm-2 s-1,Integrated Flux,,7.25E+16,2.42E+18,Hz,xray,,slop
665.246,,,s,7.41E-09,9.39E-10,9.39E-10,erg cm-2 s-1,Integrated Flux,,7.25E+16,2.42E+18,Hz,xray,,slop
666.359,,,s,6.55E-09,8.30E-10,8.30E-10,erg cm-2 s-1,Integrated Flux,,7.25E+16,2.42E+18,Hz,xray,,slop
667.554,,,s,7.97E-09,1.03E-09,1.03E-09,erg cm-2 s-1,Integrated Flux,,7.25E+16,2.42E+18,Hz,xray,,slop
668.773,,,s,5.81E-09,7.36E-10,7.36E-10,erg cm-2 s-1,Integrated Flux,,7.25E+16,2.42E+18,Hz,xray,,slop
670.087,,,s,5.31E-09,7.12E-10,7.12E-10,erg cm-2 s-1,Integrated Flux,,7.25E+16,2.42E+18,Hz,xray,,slop
671.629,,,s,6.06E-09,7.59E-10,7.59E-10,erg cm-2 s-1,Integrated Flux,,7.25E+16,2.42E+18,Hz,xray,,slop
673.049,,,s,5.59E-09,6.84E-10,6.84E-10,erg cm-2 s-1,Integrated Flux,,7.25E+16,2.42E+18,Hz,xray,,slop
674.458,,,s,7.03E-09,8.90E-10,8.90E-10,erg cm-2 s-1,Integrated Flux,,7.25E+16,2.42E+18,Hz,xray,,slop
675.686,,,s,5.89E-09,7.46E-10,7.46E-10,erg cm-2 s-1,Integrated Flux,,7.25E+16,2.42E+18,Hz,xray,,slop
677.093,,,s,6.32E-09,8.19E-10,8.19E-10,erg cm-2 s-1,Integrated Flux,,7.25E+16,2.42E+18,Hz,xray,,slop
678.319,,,s,7.06E-09,8.85E-10,8.85E-10,erg cm-2 s-1,Integrated Flux,,7.25E+16,2.42E+18,Hz,xray,,slop
679.518,,,s,6.41E-09,7.94E-10,7.94E-10,erg cm-2 s-1,Integrated Flux,,7.25E+16,2.42E+18,Hz,xray,,slop
680.723,,,s,7.95E-09,9.85E-10,9.85E-10,erg cm-2 s-1,Integrated Flux,,7.25E+16,2.42E+18,Hz,xray,,slop
681.821,,,s,7.34E-09,9.09E-10,9.09E-10,erg cm-2 s-1,Integrated Flux,,7.25E+16,2.42E+18,Hz,xray,,slop
683.04,,,s,6.47E-09,8.20E-10,8.20E-10,erg cm-2 s-1,Integrated Flux,,7.25E+16,2.42E+18,Hz,xray,,slop
684.319,,,s,5.82E-09,7.46E-10,7.46E-10,erg cm-2 s-1,Integrated Flux,,7.25E+16,2.42E+18,Hz,xray,,slop
685.772,,,s,5.43E-09,6.95E-10,6.95E-10,erg cm-2 s-1,Integrated Flux,,7.25E+16,2.42E+18,Hz,xray,,slop
687.189,,,s,6.32E-09,7.92E-10,7.92E-10,erg cm-2 s-1,Integrated Flux,,7.25E+16,2.42E+18,Hz,xray,,slop
688.475,,,s,6.74E-09,8.34E-10,8.34E-10,erg cm-2 s-1,Integrated Flux,,7.25E+16,2.42E+18,Hz,xray,,slop
689.4814,,,s,9.32E-09,1.17E-09,1.17E-09,erg cm-2 s-1,Integrated Flux,,7.25E+16,2.42E+18,Hz,xray,,slop
690.699,,,s,5.90E-09,7.56E-10,7.56E-10,erg cm-2 s-1,Integrated Flux,,7.25E+16,2.42E+18,Hz,xray,,slop
691.886,,,s,7.10E-09,8.89E-10,8.89E-10,erg cm-2 s-1,Integrated Flux,,7.25E+16,2.42E+18,Hz,xray,,slop
693.008,,,s,7.03E-09,8.80E-10,8.80E-10,erg cm-2 s-1,Integrated Flux,,7.25E+16,2.42E+18,Hz,xray,,slop
694.341,,,s,5.61E-09,7.27E-10,7.27E-10,erg cm-2 s-1,Integrated Flux,,7.25E+16,2.42E+18,Hz,xray,,slop
695.711,,,s,7.09E-09,8.78E-10,8.78E-10,erg cm-2 s-1,Integrated Flux,,7.25E+16,2.42E+18,Hz,xray,,slop
696.958,,,s,6.73E-09,8.34E-10,8.34E-10,erg cm-2 s-1,Integrated Flux,,7.25E+16,2.42E+18,Hz,xray,,slop
698.086,,,s,7.38E-09,9.14E-10,9.14E-10,erg cm-2 s-1,Integrated Flux,,7.25E+16,2.42E+18,Hz,xray,,slop
699.461,,,s,5.09E-09,6.45E-10,6.45E-10,erg cm-2 s-1,Integrated Flux,,7.25E+16,2.42E+18,Hz,xray,,slop
700.877,,,s,6.33E-09,8.11E-10,8.11E-10,erg cm-2 s-1,Integrated Flux,,7.25E+16,2.42E+18,Hz,xray,,slop
702.067,,,s,7.73E-09,9.68E-10,9.68E-10,erg cm-2 s-1,Integrated Flux,,7.25E+16,2.42E+18,Hz,xray,,slop
703.185,,,s,6.35E-09,7.95E-10,7.95E-10,erg cm-2 s-1,Integrated Flux,,7.25E+16,2.42E+18,Hz,xray,,slop
704.615,,,s,5.71E-09,7.15E-10,7.15E-10,erg cm-2 s-1,Integrated Flux,,7.25E+16,2.42E+18,Hz,xray,,slop
706.002,,,s,6.40E-09,8.02E-10,8.02E-10,erg cm-2 s-1,Integrated Flux,,7.25E+16,2.42E+18,Hz,xray,,slop
707.344,,,s,6.26E-09,8.02E-10,8.02E-10,erg cm-2 s-1,Integrated Flux,,7.25E+16,2.42E+18,Hz,xray,,slop
708.601,,,s,6.05E-09,7.50E-10,7.50E-10,erg cm-2 s-1,Integrated Flux,,7.25E+16,2.42E+18,Hz,xray,,slop
710.298,,,s,4.89E-09,6.27E-10,6.27E-10,erg cm-2 s-1,Integrated Flux,,7.25E+16,2.42E+18,Hz,xray,,slop
711.695,,,s,5.77E-09,7.65E-10,7.65E-10,erg cm-2 s-1,Integrated Flux,,7.25E+16,2.42E+18,Hz,xray,,slop
713.002,,,s,6.30E-09,7.72E-10,7.72E-10,erg cm-2 s-1,Integrated Flux,,7.25E+16,2.42E+18,Hz,xray,,slop
714.462,,,s,5.94E-09,7.53E-10,7.53E-10,erg cm-2 s-1,Integrated Flux,,7.25E+16,2.42E+18,Hz,xray,,slop
715.668,,,s,6.73E-09,8.44E-10,8.44E-10,erg cm-2 s-1,Integrated Flux,,7.25E+16,2.42E+18,Hz,xray,,slop
716.992,,,s,6.66E-09,8.44E-10,8.44E-10,erg cm-2 s-1,Integrated Flux,,7.25E+16,2.42E+18,Hz,xray,,slop
718.368,,,s,4.94E-09,6.05E-10,6.05E-10,erg cm-2 s-1,Integrated Flux,,7.25E+16,2.42E+18,Hz,xray,,slop
719.906,,,s,6.51E-09,8.25E-10,8.25E-10,erg cm-2 s-1,Integrated Flux,,7.25E+16,2.42E+18,Hz,xray,,slop
721.185,,,s,6.23E-09,7.81E-10,7.81E-10,erg cm-2 s-1,Integrated Flux,,7.25E+16,2.42E+18,Hz,xray,,slop
722.563,,,s,5.51E-09,6.82E-10,6.82E-10,erg cm-2 s-1,Integrated Flux,,7.25E+16,2.42E+18,Hz,xray,,slop
724.019,,,s,5.85E-09,7.17E-10,7.17E-10,erg cm-2 s-1,Integrated Flux,,7.25E+16,2.42E+18,Hz,xray,,slop
725.438,,,s,6.04E-09,7.49E-10,7.49E-10,erg cm-2 s-1,Integrated Flux,,7.25E+16,2.42E+18,Hz,xray,,slop
726.876,,,s,6.54E-09,8.01E-10,8.01E-10,erg cm-2 s-1,Integrated Flux,,7.25E+16,2.42E+18,Hz,xray,,slop
728.21,,,s,5.79E-09,7.26E-10,7.26E-10,erg cm-2 s-1,Integrated Flux,,7.25E+16,2.42E+18,Hz,xray,,slop
729.584,,,s,6.28E-09,8.08E-10,8.08E-10,erg cm-2 s-1,Integrated Flux,,7.25E+16,2.42E+18,Hz,xray,,slop
730.962,,,s,6.07E-09,7.61E-10,7.61E-10,erg cm-2 s-1,Integrated Flux,,7.25E+16,2.42E+18,Hz,xray,,slop
732.415,,,s,5.19E-09,6.43E-10,6.43E-10,erg cm-2 s-1,Integrated Flux,,7.25E+16,2.42E+18,Hz,xray,,slop
733.858,,,s,6.21E-09,7.69E-10,7.69E-10,erg cm-2 s-1,Integrated Flux,,7.25E+16,2.42E+18,Hz,xray,,slop
735.231,,,s,6.52E-09,7.98E-10,7.98E-10,erg cm-2 s-1,Integrated Flux,,7.25E+16,2.42E+18,Hz,xray,,slop
736.695,,,s,4.32E-09,5.53E-10,5.53E-10,erg cm-2 s-1,Integrated Flux,,7.25E+16,2.42E+18,Hz,xray,,slop
738.429,,,s,6.59E-09,8.16E-10,8.16E-10,erg cm-2 s-1,Integrated Flux,,7.25E+16,2.42E+18,Hz,xray,,slop
739.871,,,s,4.45E-09,5.51E-10,5.51E-10,erg cm-2 s-1,Integrated Flux,,7.25E+16,2.42E+18,Hz,xray,,slop
741.455,,,s,6.82E-09,8.45E-10,8.45E-10,erg cm-2 s-1,Integrated Flux,,7.25E+16,2.42E+18,Hz,xray,,slop
742.803,,,s,5.75E-09,7.37E-10,7.37E-10,erg cm-2 s-1,Integrated Flux,,7.25E+16,2.42E+18,Hz,xray,,slop
744.175,,,s,5.32E-09,6.89E-10,6.89E-10,erg cm-2 s-1,Integrated Flux,,7.25E+16,2.42E+18,Hz,xray,,slop
745.633,,,s,7.14E-09,8.84E-10,8.84E-10,erg cm-2 s-1,Integrated Flux,,7.25E+16,2.42E+18,Hz,xray,,slop
746.907,,,s,6.06E-09,7.68E-10,7.68E-10,erg cm-2 s-1,Integrated Flux,,7.25E+16,2.42E+18,Hz,xray,,slop
748.34,,,s,5.73E-09,7.01E-10,7.01E-10,erg cm-2 s-1,Integrated Flux,,7.25E+16,2.42E+18,Hz,xray,,slop
749.608,,,s,7.08E-09,8.67E-10,8.67E-10,erg cm-2 s-1,Integrated Flux,,7.25E+16,2.42E+18,Hz,xray,,slop
750.855,,,s,5.90E-09,7.23E-10,7.23E-10,erg cm-2 s-1,Integrated Flux,,7.25E+16,2.42E+18,Hz,xray,,slop
752.373,,,s,5.46E-09,6.84E-10,6.84E-10,erg cm-2 s-1,Integrated Flux,,7.25E+16,2.42E+18,Hz,xray,,slop
753.91,,,s,5.38E-09,6.73E-10,6.73E-10,erg cm-2 s-1,Integrated Flux,,7.25E+16,2.42E+18,Hz,xray,,slop
755.591,,,s,4.81E-09,5.95E-10,5.95E-10,erg cm-2 s-1,Integrated Flux,,7.25E+16,2.42E+18,Hz,xray,,slop
757.116,,,s,6.08E-09,7.71E-10,7.71E-10,erg cm-2 s-1,Integrated Flux,,7.25E+16,2.42E+18,Hz,xray,,slop
758.535,,,s,5.82E-09,7.21E-10,7.21E-10,erg cm-2 s-1,Integrated Flux,,7.25E+16,2.42E+18,Hz,xray,,slop
759.812,,,s,6.63E-09,8.80E-10,8.80E-10,erg cm-2 s-1,Integrated Flux,,7.25E+16,2.42E+18,Hz,xray,,slop
761.124,,,s,5.65E-09,7.16E-10,7.16E-10,erg cm-2 s-1,Integrated Flux,,7.25E+16,2.42E+18,Hz,xray,,slop
762.583,,,s,5.69E-09,7.12E-10,7.12E-10,erg cm-2 s-1,Integrated Flux,,7.25E+16,2.42E+18,Hz,xray,,slop
764.063,,,s,6.80E-09,8.33E-10,8.33E-10,erg cm-2 s-1,Integrated Flux,,7.25E+16,2.42E+18,Hz,xray,,slop
765.149,,,s,6.98E-09,8.64E-10,8.64E-10,erg cm-2 s-1,Integrated Flux,,7.25E+16,2.42E+18,Hz,xray,,slop
766.626,,,s,5.05E-09,6.27E-10,6.27E-10,erg cm-2 s-1,Integrated Flux,,7.25E+16,2.42E+18,Hz,xray,,slop
768.043,,,s,6.18E-09,7.66E-10,7.66E-10,erg cm-2 s-1,Integrated Flux,,7.25E+16,2.42E+18,Hz,xray,,slop
769.467,,,s,5.63E-09,7.13E-10,7.13E-10,erg cm-2 s-1,Integrated Flux,,7.25E+16,2.42E+18,Hz,xray,,slop
771.201,,,s,4.80E-09,6.08E-10,6.08E-10,erg cm-2 s-1,Integrated Flux,,7.25E+16,2.42E+18,Hz,xray,,slop
772.775,,,s,5.15E-09,6.67E-10,6.67E-10,erg cm-2 s-1,Integrated Flux,,7.25E+16,2.42E+18,Hz,xray,,slop
774.166,,,s,6.47E-09,8.10E-10,8.10E-10,erg cm-2 s-1,Integrated Flux,,7.25E+16,2.42E+18,Hz,xray,,slop
775.497,,,s,5.78E-09,7.16E-10,7.16E-10,erg cm-2 s-1,Integrated Flux,,7.25E+16,2.42E+18,Hz,xray,,slop
777.103,,,s,4.96E-09,6.21E-10,6.21E-10,erg cm-2 s-1,Integrated Flux,,7.25E+16,2.42E+18,Hz,xray,,slop
778.774,,,s,5.42E-09,6.72E-10,6.72E-10,erg cm-2 s-1,Integrated Flux,,7.25E+16,2.42E+18,Hz,xray,,slop
780.329,,,s,4.76E-09,6.09E-10,6.09E-10,erg cm-2 s-1,Integrated Flux,,7.25E+16,2.42E+18,Hz,xray,,slop
782.03,,,s,4.79E-09,6.30E-10,6.30E-10,erg cm-2 s-1,Integrated Flux,,7.25E+16,2.42E+18,Hz,xray,,slop
783.698,,,s,4.84E-09,6.34E-10,6.34E-10,erg cm-2 s-1,Integrated Flux,,7.25E+16,2.42E+18,Hz,xray,,slop
785.079,,,s,6.40E-09,8.02E-10,8.02E-10,erg cm-2 s-1,Integrated Flux,,7.25E+16,2.42E+18,Hz,xray,,slop
786.614,,,s,5.01E-09,6.28E-10,6.28E-10,erg cm-2 s-1,Integrated Flux,,7.25E+16,2.42E+18,Hz,xray,,slop
788.23,,,s,5.30E-09,6.71E-10,6.71E-10,erg cm-2 s-1,Integrated Flux,,7.25E+16,2.42E+18,Hz,xray,,slop
789.773,,,s,4.97E-09,6.29E-10,6.29E-10,erg cm-2 s-1,Integrated Flux,,7.25E+16,2.42E+18,Hz,xray,,slop
791.359,,,s,5.63E-09,7.13E-10,7.13E-10,erg cm-2 s-1,Integrated Flux,,7.25E+16,2.42E+18,Hz,xray,,slop
792.854,,,s,5.39E-09,6.75E-10,6.75E-10,erg cm-2 s-1,Integrated Flux,,7.25E+16,2.42E+18,Hz,xray,,slop
794.433,,,s,4.79E-09,6.21E-10,6.21E-10,erg cm-2 s-1,Integrated Flux,,7.25E+16,2.42E+18,Hz,xray,,slop
796.026,,,s,5.45E-09,6.82E-10,6.82E-10,erg cm-2 s-1,Integrated Flux,,7.25E+16,2.42E+18,Hz,xray,,slop
797.714,,,s,4.69E-09,6.00E-10,6.00E-10,erg cm-2 s-1,Integrated Flux,,7.25E+16,2.42E+18,Hz,xray,,slop
799.323,,,s,5.08E-09,6.36E-10,6.36E-10,erg cm-2 s-1,Integrated Flux,,7.25E+16,2.42E+18,Hz,xray,,slop
800.943,,,s,5.27E-09,6.60E-10,6.60E-10,erg cm-2 s-1,Integrated Flux,,7.25E+16,2.42E+18,Hz,xray,,slop
802.515,,,s,5.11E-09,6.40E-10,6.40E-10,erg cm-2 s-1,Integrated Flux,,7.25E+16,2.42E+18,Hz,xray,,slop
804.121,,,s,4.95E-09,6.20E-10,6.20E-10,erg cm-2 s-1,Integrated Flux,,7.25E+16,2.42E+18,Hz,xray,,slop
805.72,,,s,6.24E-09,7.65E-10,7.65E-10,erg cm-2 s-1,Integrated Flux,,7.25E+16,2.42E+18,Hz,xray,,slop
807.046,,,s,6.69E-09,8.48E-10,8.48E-10,erg cm-2 s-1,Integrated Flux,,7.25E+16,2.42E+18,Hz,xray,,slop
808.479,,,s,4.99E-09,6.33E-10,6.33E-10,erg cm-2 s-1,Integrated Flux,,7.25E+16,2.42E+18,Hz,xray,,slop
810.178,,,s,4.77E-09,6.19E-10,6.19E-10,erg cm-2 s-1,Integrated Flux,,7.25E+16,2.42E+18,Hz,xray,,slop
811.689,,,s,6.63E-09,8.22E-10,8.22E-10,erg cm-2 s-1,Integrated Flux,,7.25E+16,2.42E+18,Hz,xray,,slop
812.5308,,,s,6.18E-09,7.56E-10,7.56E-10,erg cm-2 s-1,Integrated Flux,,7.25E+16,2.42E+18,Hz,xray,,slop
813.0913,,,s,5.36E-09,6.56E-10,6.56E-10,erg cm-2 s-1,Integrated Flux,,7.25E+16,2.42E+18,Hz,xray,,slop
813.6486,,,s,4.91E-09,6.08E-10,6.08E-10,erg cm-2 s-1,Integrated Flux,,7.25E+16,2.42E+18,Hz,xray,,slop
814.2651,,,s,4.34E-09,5.51E-10,5.51E-10,erg cm-2 s-1,Integrated Flux,,7.25E+16,2.42E+18,Hz,xray,,slop
814.9325,,,s,4.04E-09,5.60E-10,5.60E-10,erg cm-2 s-1,Integrated Flux,,7.25E+16,2.42E+18,Hz,xray,,slop
815.5702,,,s,4.85E-09,5.93E-10,5.93E-10,erg cm-2 s-1,Integrated Flux,,7.25E+16,2.42E+18,Hz,xray,,slop
816.2006,,,s,4.80E-09,5.94E-10,5.94E-10,erg cm-2 s-1,Integrated Flux,,7.25E+16,2.42E+18,Hz,xray,,slop
816.8021,,,s,5.11E-09,6.32E-10,6.32E-10,erg cm-2 s-1,Integrated Flux,,7.25E+16,2.42E+18,Hz,xray,,slop
817.3878,,,s,5.33E-09,6.68E-10,6.68E-10,erg cm-2 s-1,Integrated Flux,,7.25E+16,2.42E+18,Hz,xray,,slop
817.9816,,,s,4.68E-09,5.86E-10,5.86E-10,erg cm-2 s-1,Integrated Flux,,7.25E+16,2.42E+18,Hz,xray,,slop
818.6193,,,s,4.49E-09,5.49E-10,5.49E-10,erg cm-2 s-1,Integrated Flux,,7.25E+16,2.42E+18,Hz,xray,,slop
819.2424,,,s,3.96E-09,5.66E-10,5.66E-10,erg cm-2 s-1,Integrated Flux,,7.25E+16,2.42E+18,Hz,xray,,slop
819.8622,,,s,4.73E-09,5.93E-10,5.93E-10,erg cm-2 s-1,Integrated Flux,,7.25E+16,2.42E+18,Hz,xray,,slop
820.4999,,,s,4.80E-09,6.01E-10,6.01E-10,erg cm-2 s-1,Integrated Flux,,7.25E+16,2.42E+18,Hz,xray,,slop
821.1613,,,s,4.28E-09,5.57E-10,5.57E-10,erg cm-2 s-1,Integrated Flux,,7.25E+16,2.42E+18,Hz,xray,,slop
821.7885,,,s,4.79E-09,5.93E-10,5.93E-10,erg cm-2 s-1,Integrated Flux,,7.25E+16,2.42E+18,Hz,xray,,slop
822.3954,,,s,5.07E-09,6.36E-10,6.36E-10,erg cm-2 s-1,Integrated Flux,,7.25E+16,2.42E+18,Hz,xray,,slop
823.0594,,,s,4.00E-09,5.03E-10,5.03E-10,erg cm-2 s-1,Integrated Flux,,7.25E+16,2.42E+18,Hz,xray,,slop
823.7783,,,s,4.64E-09,5.70E-10,5.70E-10,erg cm-2 s-1,Integrated Flux,,7.25E+16,2.42E+18,Hz,xray,,slop
824.3685,,,s,5.11E-09,6.32E-10,6.32E-10,erg cm-2 s-1,Integrated Flux,,7.25E+16,2.42E+18,Hz,xray,,slop
824.9963,,,s,5.42E-09,6.71E-10,6.71E-10,erg cm-2 s-1,Integrated Flux,,7.25E+16,2.42E+18,Hz,xray,,slop
825.5264,,,s,3.73E-09,5.67E-10,5.67E-10,erg cm-2 s-1,Integrated Flux,,7.25E+16,2.42E+18,Hz,xray,,slop
826.1221,,,s,4.56E-09,5.65E-10,5.65E-10,erg cm-2 s-1,Integrated Flux,,7.25E+16,2.42E+18,Hz,xray,,slop
826.8009,,,s,4.60E-09,5.69E-10,5.69E-10,erg cm-2 s-1,Integrated Flux,,7.25E+16,2.42E+18,Hz,xray,,slop
827.3826,,,s,3.94E-09,5.98E-10,5.98E-10,erg cm-2 s-1,Integrated Flux,,7.25E+16,2.42E+18,Hz,xray,,slop
827.9353,,,s,4.33E-09,5.36E-10,5.36E-10,erg cm-2 s-1,Integrated Flux,,7.25E+16,2.42E+18,Hz,xray,,slop
828.6011,,,s,5.11E-09,6.32E-10,6.32E-10,erg cm-2 s-1,Integrated Flux,,7.25E+16,2.42E+18,Hz,xray,,slop
829.2344,,,s,4.68E-09,5.72E-10,5.72E-10,erg cm-2 s-1,Integrated Flux,,7.25E+16,2.42E+18,Hz,xray,,slop
829.8801,,,s,5.02E-09,6.14E-10,6.14E-10,erg cm-2 s-1,Integrated Flux,,7.25E+16,2.42E+18,Hz,xray,,slop
830.5217,,,s,4.77E-09,5.83E-10,5.83E-10,erg cm-2 s-1,Integrated Flux,,7.25E+16,2.42E+18,Hz,xray,,slop
831.0633,,,s,6.35E-09,7.63E-10,7.63E-10,erg cm-2 s-1,Integrated Flux,,7.25E+16,2.42E+18,Hz,xray,,slop
831.6412,,,s,4.99E-09,6.10E-10,6.10E-10,erg cm-2 s-1,Integrated Flux,,7.25E+16,2.42E+18,Hz,xray,,slop
832.2006,,,s,5.52E-09,6.84E-10,6.84E-10,erg cm-2 s-1,Integrated Flux,,7.25E+16,2.42E+18,Hz,xray,,slop
832.8,,,s,4.53E-09,5.68E-10,5.68E-10,erg cm-2 s-1,Integrated Flux,,7.25E+16,2.42E+18,Hz,xray,,slop
833.4475,,,s,4.90E-09,6.07E-10,6.07E-10,erg cm-2 s-1,Integrated Flux,,7.25E+16,2.42E+18,Hz,xray,,slop
834.1053,,,s,4.72E-09,5.91E-10,5.91E-10,erg cm-2 s-1,Integrated Flux,,7.25E+16,2.42E+18,Hz,xray,,slop
834.7122,,,s,4.74E-09,5.80E-10,5.80E-10,erg cm-2 s-1,Integrated Flux,,7.25E+16,2.42E+18,Hz,xray,,slop
835.3249,,,s,5.27E-09,6.44E-10,6.44E-10,erg cm-2 s-1,Integrated Flux,,7.25E+16,2.42E+18,Hz,xray,,slop
835.8956,,,s,5.03E-09,6.23E-10,6.23E-10,erg cm-2 s-1,Integrated Flux,,7.25E+16,2.42E+18,Hz,xray,,slop
836.5286,,,s,4.82E-09,5.89E-10,5.89E-10,erg cm-2 s-1,Integrated Flux,,7.25E+16,2.42E+18,Hz,xray,,slop
837.1095,,,s,3.63E-09,5.62E-10,5.62E-10,erg cm-2 s-1,Integrated Flux,,7.25E+16,2.42E+18,Hz,xray,,slop
837.6574,,,s,3.88E-09,5.77E-10,5.77E-10,erg cm-2 s-1,Integrated Flux,,7.25E+16,2.42E+18,Hz,xray,,slop
838.2339,,,s,3.63E-09,5.41E-10,5.41E-10,erg cm-2 s-1,Integrated Flux,,7.25E+16,2.42E+18,Hz,xray,,slop
838.7918,,,s,3.92E-09,5.38E-10,5.38E-10,erg cm-2 s-1,Integrated Flux,,7.25E+16,2.42E+18,Hz,xray,,slop
839.4304,,,s,5.86E-09,7.16E-10,7.16E-10,erg cm-2 s-1,Integrated Flux,,7.25E+16,2.42E+18,Hz,xray,,slop
839.9722,,,s,3.84E-09,5.73E-10,5.73E-10,erg cm-2 s-1,Integrated Flux,,7.25E+16,2.42E+18,Hz,xray,,slop
840.4988,,,s,3.72E-09,5.76E-10,5.76E-10,erg cm-2 s-1,Integrated Flux,,7.25E+16,2.42E+18,Hz,xray,,slop
841.0521,,,s,5.20E-09,6.44E-10,6.44E-10,erg cm-2 s-1,Integrated Flux,,7.25E+16,2.42E+18,Hz,xray,,slop
841.5877,,,s,5.47E-09,6.68E-10,6.68E-10,erg cm-2 s-1,Integrated Flux,,7.25E+16,2.42E+18,Hz,xray,,slop
842.1971,,,s,4.34E-09,5.30E-10,5.30E-10,erg cm-2 s-1,Integrated Flux,,7.25E+16,2.42E+18,Hz,xray,,slop
842.8648,,,s,5.25E-09,6.50E-10,6.50E-10,erg cm-2 s-1,Integrated Flux,,7.25E+16,2.42E+18,Hz,xray,,slop
843.5005,,,s,3.71E-09,5.53E-10,5.53E-10,erg cm-2 s-1,Integrated Flux,,7.25E+16,2.42E+18,Hz,xray,,slop
844.0391,,,s,4.57E-09,5.66E-10,5.66E-10,erg cm-2 s-1,Integrated Flux,,7.25E+16,2.42E+18,Hz,xray,,slop
844.7229,,,s,4.08E-09,5.11E-10,5.11E-10,erg cm-2 s-1,Integrated Flux,,7.25E+16,2.42E+18,Hz,xray,,slop
845.343,,,s,3.90E-09,5.97E-10,5.97E-10,erg cm-2 s-1,Integrated Flux,,7.25E+16,2.42E+18,Hz,xray,,slop
845.9616,,,s,5.16E-09,6.26E-10,6.26E-10,erg cm-2 s-1,Integrated Flux,,7.25E+16,2.42E+18,Hz,xray,,slop
846.5766,,,s,4.93E-09,6.10E-10,6.10E-10,erg cm-2 s-1,Integrated Flux,,7.25E+16,2.42E+18,Hz,xray,,slop
847.1323,,,s,5.96E-09,7.29E-10,7.29E-10,erg cm-2 s-1,Integrated Flux,,7.25E+16,2.42E+18,Hz,xray,,slop
847.6596,,,s,4.77E-09,5.83E-10,5.83E-10,erg cm-2 s-1,Integrated Flux,,7.25E+16,2.42E+18,Hz,xray,,slop
848.3865,,,s,4.18E-09,5.17E-10,5.17E-10,erg cm-2 s-1,Integrated Flux,,7.25E+16,2.42E+18,Hz,xray,,slop
848.9892,,,s,3.97E-09,5.40E-10,5.40E-10,erg cm-2 s-1,Integrated Flux,,7.25E+16,2.42E+18,Hz,xray,,slop
849.6775,,,s,4.50E-09,5.49E-10,5.49E-10,erg cm-2 s-1,Integrated Flux,,7.25E+16,2.42E+18,Hz,xray,,slop
850.3289,,,s,3.98E-09,5.61E-10,5.61E-10,erg cm-2 s-1,Integrated Flux,,7.25E+16,2.42E+18,Hz,xray,,slop
850.8967,,,s,6.27E-09,7.50E-10,7.50E-10,erg cm-2 s-1,Integrated Flux,,7.25E+16,2.42E+18,Hz,xray,,slop
851.4289,,,s,4.42E-09,5.54E-10,5.54E-10,erg cm-2 s-1,Integrated Flux,,7.25E+16,2.42E+18,Hz,xray,,slop
852.132,,,s,4.65E-09,5.90E-10,5.90E-10,erg cm-2 s-1,Integrated Flux,,7.25E+16,2.42E+18,Hz,xray,,slop
852.754,,,s,4.69E-09,5.88E-10,5.88E-10,erg cm-2 s-1,Integrated Flux,,7.25E+16,2.42E+18,Hz,xray,,slop
853.4176,,,s,4.41E-09,5.45E-10,5.45E-10,erg cm-2 s-1,Integrated Flux,,7.25E+16,2.42E+18,Hz,xray,,slop
854.0873,,,s,4.56E-09,5.67E-10,5.67E-10,erg cm-2 s-1,Integrated Flux,,7.25E+16,2.42E+18,Hz,xray,,slop
854.7004,,,s,5.22E-09,6.38E-10,6.38E-10,erg cm-2 s-1,Integrated Flux,,7.25E+16,2.42E+18,Hz,xray,,slop
855.3439,,,s,4.70E-09,5.75E-10,5.75E-10,erg cm-2 s-1,Integrated Flux,,7.25E+16,2.42E+18,Hz,xray,,slop
855.9751,,,s,4.53E-09,5.53E-10,5.53E-10,erg cm-2 s-1,Integrated Flux,,7.25E+16,2.42E+18,Hz,xray,,slop
856.6605,,,s,4.15E-09,5.20E-10,5.20E-10,erg cm-2 s-1,Integrated Flux,,7.25E+16,2.42E+18,Hz,xray,,slop
857.3906,,,s,4.37E-09,5.34E-10,5.34E-10,erg cm-2 s-1,Integrated Flux,,7.25E+16,2.42E+18,Hz,xray,,slop
858.0932,,,s,4.81E-09,5.87E-10,5.87E-10,erg cm-2 s-1,Integrated Flux,,7.25E+16,2.42E+18,Hz,xray,,slop
858.752,,,s,4.29E-09,5.38E-10,5.38E-10,erg cm-2 s-1,Integrated Flux,,7.25E+16,2.42E+18,Hz,xray,,slop
859.4308,,,s,3.81E-09,4.73E-10,4.73E-10,erg cm-2 s-1,Integrated Flux,,7.25E+16,2.42E+18,Hz,xray,,slop
860.1132,,,s,5.22E-09,6.37E-10,6.37E-10,erg cm-2 s-1,Integrated Flux,,7.25E+16,2.42E+18,Hz,xray,,slop
860.7867,,,s,4.58E-09,5.67E-10,5.67E-10,erg cm-2 s-1,Integrated Flux,,7.25E+16,2.42E+18,Hz,xray,,slop
861.4629,,,s,4.45E-09,5.46E-10,5.46E-10,erg cm-2 s-1,Integrated Flux,,7.25E+16,2.42E+18,Hz,xray,,slop
862.0829,,,s,5.11E-09,6.24E-10,6.24E-10,erg cm-2 s-1,Integrated Flux,,7.25E+16,2.42E+18,Hz,xray,,slop
862.7741,,,s,4.27E-09,5.22E-10,5.22E-10,erg cm-2 s-1,Integrated Flux,,7.25E+16,2.42E+18,Hz,xray,,slop
863.4278,,,s,3.46E-09,5.16E-10,5.16E-10,erg cm-2 s-1,Integrated Flux,,7.25E+16,2.42E+18,Hz,xray,,slop
864.0267,,,s,5.00E-09,6.11E-10,6.11E-10,erg cm-2 s-1,Integrated Flux,,7.25E+16,2.42E+18,Hz,xray,,slop
864.5822,,,s,6.28E-09,7.60E-10,7.60E-10,erg cm-2 s-1,Integrated Flux,,7.25E+16,2.42E+18,Hz,xray,,slop
865.1742,,,s,4.42E-09,5.41E-10,5.41E-10,erg cm-2 s-1,Integrated Flux,,7.25E+16,2.42E+18,Hz,xray,,slop
865.837,,,s,4.51E-09,5.51E-10,5.51E-10,erg cm-2 s-1,Integrated Flux,,7.25E+16,2.42E+18,Hz,xray,,slop
866.5603,,,s,4.70E-09,5.75E-10,5.75E-10,erg cm-2 s-1,Integrated Flux,,7.25E+16,2.42E+18,Hz,xray,,slop
867.1747,,,s,4.52E-09,5.66E-10,5.66E-10,erg cm-2 s-1,Integrated Flux,,7.25E+16,2.42E+18,Hz,xray,,slop
867.8828,,,s,4.31E-09,5.33E-10,5.33E-10,erg cm-2 s-1,Integrated Flux,,7.25E+16,2.42E+18,Hz,xray,,slop
868.5203,,,s,3.83E-09,5.71E-10,5.71E-10,erg cm-2 s-1,Integrated Flux,,7.25E+16,2.42E+18,Hz,xray,,slop
869.0104,,,s,6.07E-09,7.42E-10,7.42E-10,erg cm-2 s-1,Integrated Flux,,7.25E+16,2.42E+18,Hz,xray,,slop
869.5504,,,s,5.02E-09,6.14E-10,6.14E-10,erg cm-2 s-1,Integrated Flux,,7.25E+16,2.42E+18,Hz,xray,,slop
870.1491,,,s,5.30E-09,6.48E-10,6.48E-10,erg cm-2 s-1,Integrated Flux,,7.25E+16,2.42E+18,Hz,xray,,slop
870.6968,,,s,3.92E-09,5.85E-10,5.85E-10,erg cm-2 s-1,Integrated Flux,,7.25E+16,2.42E+18,Hz,xray,,slop
871.3039,,,s,4.53E-09,5.54E-10,5.54E-10,erg cm-2 s-1,Integrated Flux,,7.25E+16,2.42E+18,Hz,xray,,slop
871.9764,,,s,4.50E-09,5.46E-10,5.46E-10,erg cm-2 s-1,Integrated Flux,,7.25E+16,2.42E+18,Hz,xray,,slop
872.6582,,,s,4.73E-09,5.78E-10,5.78E-10,erg cm-2 s-1,Integrated Flux,,7.25E+16,2.42E+18,Hz,xray,,slop
873.3436,,,s,4.27E-09,5.18E-10,5.18E-10,erg cm-2 s-1,Integrated Flux,,7.25E+16,2.42E+18,Hz,xray,,slop
874.0342,,,s,4.63E-09,5.66E-10,5.66E-10,erg cm-2 s-1,Integrated Flux,,7.25E+16,2.42E+18,Hz,xray,,slop
874.7292,,,s,4.23E-09,5.17E-10,5.17E-10,erg cm-2 s-1,Integrated Flux,,7.25E+16,2.42E+18,Hz,xray,,slop
875.3367,,,s,3.95E-09,6.00E-10,6.00E-10,erg cm-2 s-1,Integrated Flux,,7.25E+16,2.42E+18,Hz,xray,,slop
875.9062,,,s,5.01E-09,6.12E-10,6.12E-10,erg cm-2 s-1,Integrated Flux,,7.25E+16,2.42E+18,Hz,xray,,slop
876.532,,,s,4.95E-09,6.05E-10,6.05E-10,erg cm-2 s-1,Integrated Flux,,7.25E+16,2.42E+18,Hz,xray,,slop
877.1308,,,s,5.04E-09,6.16E-10,6.16E-10,erg cm-2 s-1,Integrated Flux,,7.25E+16,2.42E+18,Hz,xray,,slop
877.6877,,,s,5.14E-09,6.37E-10,6.37E-10,erg cm-2 s-1,Integrated Flux,,7.25E+16,2.42E+18,Hz,xray,,slop
878.3294,,,s,4.50E-09,5.50E-10,5.50E-10,erg cm-2 s-1,Integrated Flux,,7.25E+16,2.42E+18,Hz,xray,,slop
879.0262,,,s,4.57E-09,5.73E-10,5.73E-10,erg cm-2 s-1,Integrated Flux,,7.25E+16,2.42E+18,Hz,xray,,slop
879.7073,,,s,4.63E-09,5.66E-10,5.66E-10,erg cm-2 s-1,Integrated Flux,,7.25E+16,2.42E+18,Hz,xray,,slop
880.3196,,,s,4.88E-09,5.97E-10,5.97E-10,erg cm-2 s-1,Integrated Flux,,7.25E+16,2.42E+18,Hz,xray,,slop
880.9655,,,s,4.60E-09,5.69E-10,5.69E-10,erg cm-2 s-1,Integrated Flux,,7.25E+16,2.42E+18,Hz,xray,,slop
881.6217,,,s,4.70E-09,5.82E-10,5.82E-10,erg cm-2 s-1,Integrated Flux,,7.25E+16,2.42E+18,Hz,xray,,slop
882.2456,,,s,5.08E-09,6.29E-10,6.29E-10,erg cm-2 s-1,Integrated Flux,,7.25E+16,2.42E+18,Hz,xray,,slop
882.8092,,,s,5.04E-09,6.23E-10,6.23E-10,erg cm-2 s-1,Integrated Flux,,7.25E+16,2.42E+18,Hz,xray,,slop
883.3993,,,s,6.04E-09,7.42E-10,7.42E-10,erg cm-2 s-1,Integrated Flux,,7.25E+16,2.42E+18,Hz,xray,,slop
883.9213,,,s,3.90E-09,5.81E-10,5.81E-10,erg cm-2 s-1,Integrated Flux,,7.25E+16,2.42E+18,Hz,xray,,slop
884.5006,,,s,4.32E-09,5.35E-10,5.35E-10,erg cm-2 s-1,Integrated Flux,,7.25E+16,2.42E+18,Hz,xray,,slop
885.207,,,s,4.15E-09,5.20E-10,5.20E-10,erg cm-2 s-1,Integrated Flux,,7.25E+16,2.42E+18,Hz,xray,,slop
885.901,,,s,4.94E-09,6.04E-10,6.04E-10,erg cm-2 s-1,Integrated Flux,,7.25E+16,2.42E+18,Hz,xray,,slop
886.5544,,,s,4.42E-09,5.47E-10,5.47E-10,erg cm-2 s-1,Integrated Flux,,7.25E+16,2.42E+18,Hz,xray,,slop
887.2148,,,s,3.31E-09,5.12E-10,5.12E-10,erg cm-2 s-1,Integrated Flux,,7.25E+16,2.42E+18,Hz,xray,,slop
887.8624,,,s,4.84E-09,5.92E-10,5.92E-10,erg cm-2 s-1,Integrated Flux,,7.25E+16,2.42E+18,Hz,xray,,slop
888.3945,,,s,6.03E-09,7.47E-10,7.47E-10,erg cm-2 s-1,Integrated Flux,,7.25E+16,2.42E+18,Hz,xray,,slop
888.999,,,s,3.27E-09,4.97E-10,4.97E-10,erg cm-2 s-1,Integrated Flux,,7.25E+16,2.42E+18,Hz,xray,,slop
889.5169,,,s,3.91E-09,5.83E-10,5.83E-10,erg cm-2 s-1,Integrated Flux,,7.25E+16,2.42E+18,Hz,xray,,slop
890.0939,,,s,4.61E-09,5.71E-10,5.71E-10,erg cm-2 s-1,Integrated Flux,,7.25E+16,2.42E+18,Hz,xray,,slop
890.7539,,,s,4.16E-09,5.22E-10,5.22E-10,erg cm-2 s-1,Integrated Flux,,7.25E+16,2.42E+18,Hz,xray,,slop
891.4906,,,s,4.37E-09,5.34E-10,5.34E-10,erg cm-2 s-1,Integrated Flux,,7.25E+16,2.42E+18,Hz,xray,,slop
892.1451,,,s,5.10E-09,6.31E-10,6.31E-10,erg cm-2 s-1,Integrated Flux,,7.25E+16,2.42E+18,Hz,xray,,slop
892.7172,,,s,4.04E-09,5.90E-10,5.90E-10,erg cm-2 s-1,Integrated Flux,,7.25E+16,2.42E+18,Hz,xray,,slop
893.358,,,s,4.21E-09,5.15E-10,5.15E-10,erg cm-2 s-1,Integrated Flux,,7.25E+16,2.42E+18,Hz,xray,,slop
893.9809,,,s,5.25E-09,6.42E-10,6.42E-10,erg cm-2 s-1,Integrated Flux,,7.25E+16,2.42E+18,Hz,xray,,slop
894.5396,,,s,3.92E-09,5.88E-10,5.88E-10,erg cm-2 s-1,Integrated Flux,,7.25E+16,2.42E+18,Hz,xray,,slop
895.101,,,s,3.98E-09,6.04E-10,6.04E-10,erg cm-2 s-1,Integrated Flux,,7.25E+16,2.42E+18,Hz,xray,,slop
895.5857,,,s,3.82E-09,5.70E-10,5.70E-10,erg cm-2 s-1,Integrated Flux,,7.25E+16,2.42E+18,Hz,xray,,slop
896.1837,,,s,4.70E-09,5.82E-10,5.82E-10,erg cm-2 s-1,Integrated Flux,,7.25E+16,2.42E+18,Hz,xray,,slop
896.8683,,,s,4.53E-09,5.60E-10,5.60E-10,erg cm-2 s-1,Integrated Flux,,7.25E+16,2.42E+18,Hz,xray,,slop
897.4289,,,s,5.77E-09,7.05E-10,7.05E-10,erg cm-2 s-1,Integrated Flux,,7.25E+16,2.42E+18,Hz,xray,,slop
897.9908,,,s,3.91E-09,5.83E-10,5.83E-10,erg cm-2 s-1,Integrated Flux,,7.25E+16,2.42E+18,Hz,xray,,slop
898.5609,,,s,4.39E-09,5.37E-10,5.37E-10,erg cm-2 s-1,Integrated Flux,,7.25E+16,2.42E+18,Hz,xray,,slop
899.2852,,,s,4.23E-09,5.24E-10,5.24E-10,erg cm-2 s-1,Integrated Flux,,7.25E+16,2.42E+18,Hz,xray,,slop
899.9842,,,s,4.80E-09,5.86E-10,5.86E-10,erg cm-2 s-1,Integrated Flux,,7.25E+16,2.42E+18,Hz,xray,,slop
900.6467,,,s,4.60E-09,5.69E-10,5.69E-10,erg cm-2 s-1,Integrated Flux,,7.25E+16,2.42E+18,Hz,xray,,slop
901.2102,,,s,3.51E-09,5.33E-10,5.33E-10,erg cm-2 s-1,Integrated Flux,,7.25E+16,2.42E+18,Hz,xray,,slop
901.8055,,,s,4.02E-09,5.63E-10,5.63E-10,erg cm-2 s-1,Integrated Flux,,7.25E+16,2.42E+18,Hz,xray,,slop
902.4198,,,s,4.30E-09,5.32E-10,5.32E-10,erg cm-2 s-1,Integrated Flux,,7.25E+16,2.42E+18,Hz,xray,,slop
903.1051,,,s,4.43E-09,5.41E-10,5.41E-10,erg cm-2 s-1,Integrated Flux,,7.25E+16,2.42E+18,Hz,xray,,slop
903.7563,,,s,3.96E-09,5.88E-10,5.88E-10,erg cm-2 s-1,Integrated Flux,,7.25E+16,2.42E+18,Hz,xray,,slop
904.3589,,,s,4.62E-09,5.64E-10,5.64E-10,erg cm-2 s-1,Integrated Flux,,7.25E+16,2.42E+18,Hz,xray,,slop
904.9721,,,s,3.64E-09,5.43E-10,5.43E-10,erg cm-2 s-1,Integrated Flux,,7.25E+16,2.42E+18,Hz,xray,,slop
905.5792,,,s,4.31E-09,5.33E-10,5.33E-10,erg cm-2 s-1,Integrated Flux,,7.25E+16,2.42E+18,Hz,xray,,slop
906.307,,,s,3.00E-09,4.56E-10,4.56E-10,erg cm-2 s-1,Integrated Flux,,7.25E+16,2.42E+18,Hz,xray,,slop
906.9537,,,s,3.85E-09,5.73E-10,5.73E-10,erg cm-2 s-1,Integrated Flux,,7.25E+16,2.42E+18,Hz,xray,,slop
907.4921,,,s,4.64E-09,5.67E-10,5.67E-10,erg cm-2 s-1,Integrated Flux,,7.25E+16,2.42E+18,Hz,xray,,slop
908.1629,,,s,4.66E-09,5.65E-10,5.65E-10,erg cm-2 s-1,Integrated Flux,,7.25E+16,2.42E+18,Hz,xray,,slop
908.7756,,,s,3.83E-09,5.72E-10,5.72E-10,erg cm-2 s-1,Integrated Flux,,7.25E+16,2.42E+18,Hz,xray,,slop
909.3479,,,s,4.37E-09,5.41E-10,5.41E-10,erg cm-2 s-1,Integrated Flux,,7.25E+16,2.42E+18,Hz,xray,,slop
909.9527,,,s,3.85E-09,5.73E-10,5.73E-10,erg cm-2 s-1,Integrated Flux,,7.25E+16,2.42E+18,Hz,xray,,slop
910.5457,,,s,5.41E-09,6.57E-10,6.57E-10,erg cm-2 s-1,Integrated Flux,,7.25E+16,2.42E+18,Hz,xray,,slop
911.1497,,,s,4.52E-09,5.52E-10,5.52E-10,erg cm-2 s-1,Integrated Flux,,7.25E+16,2.42E+18,Hz,xray,,slop
911.7919,,,s,5.11E-09,6.32E-10,6.32E-10,erg cm-2 s-1,Integrated Flux,,7.25E+16,2.42E+18,Hz,xray,,slop
912.3996,,,s,4.56E-09,5.65E-10,5.65E-10,erg cm-2 s-1,Integrated Flux,,7.25E+16,2.42E+18,Hz,xray,,slop
913.0284,,,s,5.90E-09,7.21E-10,7.21E-10,erg cm-2 s-1,Integrated Flux,,7.25E+16,2.42E+18,Hz,xray,,slop
913.5903,,,s,4.87E-09,5.95E-10,5.95E-10,erg cm-2 s-1,Integrated Flux,,7.25E+16,2.42E+18,Hz,xray,,slop
914.2167,,,s,4.40E-09,5.51E-10,5.51E-10,erg cm-2 s-1,Integrated Flux,,7.25E+16,2.42E+18,Hz,xray,,slop
914.9395,,,s,4.23E-09,5.17E-10,5.17E-10,erg cm-2 s-1,Integrated Flux,,7.25E+16,2.42E+18,Hz,xray,,slop
915.5919,,,s,5.14E-09,6.36E-10,6.36E-10,erg cm-2 s-1,Integrated Flux,,7.25E+16,2.42E+18,Hz,xray,,slop
916.2174,,,s,4.50E-09,5.57E-10,5.57E-10,erg cm-2 s-1,Integrated Flux,,7.25E+16,2.42E+18,Hz,xray,,slop
916.9035,,,s,4.04E-09,4.97E-10,4.97E-10,erg cm-2 s-1,Integrated Flux,,7.25E+16,2.42E+18,Hz,xray,,slop
917.573,,,s,3.92E-09,5.88E-10,5.88E-10,erg cm-2 s-1,Integrated Flux,,7.25E+16,2.42E+18,Hz,xray,,slop
918.114,,,s,3.87E-09,5.77E-10,5.77E-10,erg cm-2 s-1,Integrated Flux,,7.25E+16,2.42E+18,Hz,xray,,slop
918.6669,,,s,4.37E-09,5.34E-10,5.34E-10,erg cm-2 s-1,Integrated Flux,,7.25E+16,2.42E+18,Hz,xray,,slop
919.3513,,,s,3.93E-09,5.86E-10,5.86E-10,erg cm-2 s-1,Integrated Flux,,7.25E+16,2.42E+18,Hz,xray,,slop
919.851,,,s,4.02E-09,5.99E-10,5.99E-10,erg cm-2 s-1,Integrated Flux,,7.25E+16,2.42E+18,Hz,xray,,slop
920.4023,,,s,3.78E-09,5.68E-10,5.68E-10,erg cm-2 s-1,Integrated Flux,,7.25E+16,2.42E+18,Hz,xray,,slop
920.9656,,,s,3.97E-09,5.59E-10,5.59E-10,erg cm-2 s-1,Integrated Flux,,7.25E+16,2.42E+18,Hz,xray,,slop
921.6501,,,s,4.50E-09,5.64E-10,5.64E-10,erg cm-2 s-1,Integrated Flux,,7.25E+16,2.42E+18,Hz,xray,,slop
922.3245,,,s,4.25E-09,5.27E-10,5.27E-10,erg cm-2 s-1,Integrated Flux,,7.25E+16,2.42E+18,Hz,xray,,slop
923.0683,,,s,4.60E-09,5.65E-10,5.65E-10,erg cm-2 s-1,Integrated Flux,,7.25E+16,2.42E+18,Hz,xray,,slop
923.7095,,,s,4.48E-09,5.55E-10,5.55E-10,erg cm-2 s-1,Integrated Flux,,7.25E+16,2.42E+18,Hz,xray,,slop
924.4656,,,s,4.08E-09,4.98E-10,4.98E-10,erg cm-2 s-1,Integrated Flux,,7.25E+16,2.42E+18,Hz,xray,,slop
925.1453,,,s,3.96E-09,6.01E-10,6.01E-10,erg cm-2 s-1,Integrated Flux,,7.25E+16,2.42E+18,Hz,xray,,slop
925.6637,,,s,3.74E-09,5.57E-10,5.57E-10,erg cm-2 s-1,Integrated Flux,,7.25E+16,2.42E+18,Hz,xray,,slop
926.2709,,,s,3.98E-09,5.04E-10,5.04E-10,erg cm-2 s-1,Integrated Flux,,7.25E+16,2.42E+18,Hz,xray,,slop
926.9915,,,s,3.79E-09,5.76E-10,5.76E-10,erg cm-2 s-1,Integrated Flux,,7.25E+16,2.42E+18,Hz,xray,,slop
927.589,,,s,4.88E-09,5.96E-10,5.96E-10,erg cm-2 s-1,Integrated Flux,,7.25E+16,2.42E+18,Hz,xray,,slop
928.2865,,,s,4.68E-09,5.72E-10,5.72E-10,erg cm-2 s-1,Integrated Flux,,7.25E+16,2.42E+18,Hz,xray,,slop
928.929,,,s,4.28E-09,5.24E-10,5.24E-10,erg cm-2 s-1,Integrated Flux,,7.25E+16,2.42E+18,Hz,xray,,slop
929.6172,,,s,3.50E-09,5.22E-10,5.22E-10,erg cm-2 s-1,Integrated Flux,,7.25E+16,2.42E+18,Hz,xray,,slop
930.243,,,s,4.81E-09,5.88E-10,5.88E-10,erg cm-2 s-1,Integrated Flux,,7.25E+16,2.42E+18,Hz,xray,,slop
930.9015,,,s,4.01E-09,4.90E-10,4.90E-10,erg cm-2 s-1,Integrated Flux,,7.25E+16,2.42E+18,Hz,xray,,slop
931.6228,,,s,4.59E-09,5.61E-10,5.61E-10,erg cm-2 s-1,Integrated Flux,,7.25E+16,2.42E+18,Hz,xray,,slop
932.2293,,,s,3.95E-09,5.59E-10,5.59E-10,erg cm-2 s-1,Integrated Flux,,7.25E+16,2.42E+18,Hz,xray,,slop
932.8949,,,s,4.52E-09,5.60E-10,5.60E-10,erg cm-2 s-1,Integrated Flux,,7.25E+16,2.42E+18,Hz,xray,,slop
933.495,,,s,4.03E-09,6.01E-10,6.01E-10,erg cm-2 s-1,Integrated Flux,,7.25E+16,2.42E+18,Hz,xray,,slop
933.9852,,,s,3.89E-09,5.92E-10,5.92E-10,erg cm-2 s-1,Integrated Flux,,7.25E+16,2.42E+18,Hz,xray,,slop
934.4912,,,s,3.68E-09,5.59E-10,5.59E-10,erg cm-2 s-1,Integrated Flux,,7.25E+16,2.42E+18,Hz,xray,,slop
935.1017,,,s,3.74E-09,5.58E-10,5.58E-10,erg cm-2 s-1,Integrated Flux,,7.25E+16,2.42E+18,Hz,xray,,slop
935.7093,,,s,3.85E-09,4.97E-10,4.97E-10,erg cm-2 s-1,Integrated Flux,,7.25E+16,2.42E+18,Hz,xray,,slop
936.3882,,,s,3.57E-09,5.36E-10,5.36E-10,erg cm-2 s-1,Integrated Flux,,7.25E+16,2.42E+18,Hz,xray,,slop
936.955,,,s,3.63E-09,5.62E-10,5.62E-10,erg cm-2 s-1,Integrated Flux,,7.25E+16,2.42E+18,Hz,xray,,slop
937.5607,,,s,4.41E-09,5.39E-10,5.39E-10,erg cm-2 s-1,Integrated Flux,,7.25E+16,2.42E+18,Hz,xray,,slop
938.2689,,,s,4.71E-09,5.83E-10,5.83E-10,erg cm-2 s-1,Integrated Flux,,7.25E+16,2.42E+18,Hz,xray,,slop
938.8932,,,s,4.23E-09,5.24E-10,5.24E-10,erg cm-2 s-1,Integrated Flux,,7.25E+16,2.42E+18,Hz,xray,,slop
939.5507,,,s,3.63E-09,5.73E-10,5.73E-10,erg cm-2 s-1,Integrated Flux,,7.25E+16,2.42E+18,Hz,xray,,slop
940.0574,,,s,3.52E-09,5.24E-10,5.24E-10,erg cm-2 s-1,Integrated Flux,,7.25E+16,2.42E+18,Hz,xray,,slop
940.6954,,,s,3.51E-09,5.23E-10,5.23E-10,erg cm-2 s-1,Integrated Flux,,7.25E+16,2.42E+18,Hz,xray,,slop
941.2764,,,s,4.45E-09,5.57E-10,5.57E-10,erg cm-2 s-1,Integrated Flux,,7.25E+16,2.42E+18,Hz,xray,,slop
942.0021,,,s,4.50E-09,5.50E-10,5.50E-10,erg cm-2 s-1,Integrated Flux,,7.25E+16,2.42E+18,Hz,xray,,slop
942.7142,,,s,3.28E-09,4.89E-10,4.89E-10,erg cm-2 s-1,Integrated Flux,,7.25E+16,2.42E+18,Hz,xray,,slop
943.1854,,,s,3.98E-09,5.93E-10,5.93E-10,erg cm-2 s-1,Integrated Flux,,7.25E+16,2.42E+18,Hz,xray,,slop
943.748,,,s,3.81E-09,5.90E-10,5.90E-10,erg cm-2 s-1,Integrated Flux,,7.25E+16,2.42E+18,Hz,xray,,slop
944.2896,,,s,3.92E-09,5.85E-10,5.85E-10,erg cm-2 s-1,Integrated Flux,,7.25E+16,2.42E+18,Hz,xray,,slop
944.7741,,,s,3.87E-09,5.77E-10,5.77E-10,erg cm-2 s-1,Integrated Flux,,7.25E+16,2.42E+18,Hz,xray,,slop
945.4081,,,s,3.46E-09,5.17E-10,5.17E-10,erg cm-2 s-1,Integrated Flux,,7.25E+16,2.42E+18,Hz,xray,,slop
946.0244,,,s,4.32E-09,5.34E-10,5.34E-10,erg cm-2 s-1,Integrated Flux,,7.25E+16,2.42E+18,Hz,xray,,slop
946.577,,,s,3.86E-09,5.75E-10,5.75E-10,erg cm-2 s-1,Integrated Flux,,7.25E+16,2.42E+18,Hz,xray,,slop
947.1928,,,s,5.24E-09,6.40E-10,6.40E-10,erg cm-2 s-1,Integrated Flux,,7.25E+16,2.42E+18,Hz,xray,,slop
947.7842,,,s,4.32E-09,5.42E-10,5.42E-10,erg cm-2 s-1,Integrated Flux,,7.25E+16,2.42E+18,Hz,xray,,slop
948.3971,,,s,3.77E-09,5.77E-10,5.77E-10,erg cm-2 s-1,Integrated Flux,,7.25E+16,2.42E+18,Hz,xray,,slop
949.0511,,,s,3.02E-09,4.58E-10,4.58E-10,erg cm-2 s-1,Integrated Flux,,7.25E+16,2.42E+18,Hz,xray,,slop
949.6537,,,s,3.94E-09,5.92E-10,5.92E-10,erg cm-2 s-1,Integrated Flux,,7.25E+16,2.42E+18,Hz,xray,,slop
950.2012,,,s,4.42E-09,5.40E-10,5.40E-10,erg cm-2 s-1,Integrated Flux,,7.25E+16,2.42E+18,Hz,xray,,slop
950.857,,,s,5.07E-09,6.36E-10,6.36E-10,erg cm-2 s-1,Integrated Flux,,7.25E+16,2.42E+18,Hz,xray,,slop
951.5462,,,s,4.01E-09,4.91E-10,4.91E-10,erg cm-2 s-1,Integrated Flux,,7.25E+16,2.42E+18,Hz,xray,,slop
952.295,,,s,3.03E-09,4.52E-10,4.52E-10,erg cm-2 s-1,Integrated Flux,,7.25E+16,2.42E+18,Hz,xray,,slop
952.8862,,,s,3.57E-09,5.42E-10,5.42E-10,erg cm-2 s-1,Integrated Flux,,7.25E+16,2.42E+18,Hz,xray,,slop
953.4687,,,s,5.34E-09,6.52E-10,6.52E-10,erg cm-2 s-1,Integrated Flux,,7.25E+16,2.42E+18,Hz,xray,,slop
954.1001,,,s,4.44E-09,5.50E-10,5.50E-10,erg cm-2 s-1,Integrated Flux,,7.25E+16,2.42E+18,Hz,xray,,slop
954.746,,,s,4.02E-09,5.57E-10,5.57E-10,erg cm-2 s-1,Integrated Flux,,7.25E+16,2.42E+18,Hz,xray,,slop
955.3684,,,s,4.41E-09,5.39E-10,5.39E-10,erg cm-2 s-1,Integrated Flux,,7.25E+16,2.42E+18,Hz,xray,,slop
956.0289,,,s,3.72E-09,5.65E-10,5.65E-10,erg cm-2 s-1,Integrated Flux,,7.25E+16,2.42E+18,Hz,xray,,slop
956.514,,,s,3.97E-09,5.83E-10,5.83E-10,erg cm-2 s-1,Integrated Flux,,7.25E+16,2.42E+18,Hz,xray,,slop
957.1152,,,s,3.93E-09,5.85E-10,5.85E-10,erg cm-2 s-1,Integrated Flux,,7.25E+16,2.42E+18,Hz,xray,,slop
957.6883,,,s,4.72E-09,5.77E-10,5.77E-10,erg cm-2 s-1,Integrated Flux,,7.25E+16,2.42E+18,Hz,xray,,slop
958.2658,,,s,3.38E-09,5.13E-10,5.13E-10,erg cm-2 s-1,Integrated Flux,,7.25E+16,2.42E+18,Hz,xray,,slop
958.8588,,,s,3.90E-09,5.54E-10,5.54E-10,erg cm-2 s-1,Integrated Flux,,7.25E+16,2.42E+18,Hz,xray,,slop
959.4509,,,s,3.79E-09,5.53E-10,5.53E-10,erg cm-2 s-1,Integrated Flux,,7.25E+16,2.42E+18,Hz,xray,,slop
960.0405,,,s,3.40E-09,5.16E-10,5.16E-10,erg cm-2 s-1,Integrated Flux,,7.25E+16,2.42E+18,Hz,xray,,slop
960.6166,,,s,3.92E-09,5.96E-10,5.96E-10,erg cm-2 s-1,Integrated Flux,,7.25E+16,2.42E+18,Hz,xray,,slop
961.1233,,,s,3.86E-09,5.76E-10,5.76E-10,erg cm-2 s-1,Integrated Flux,,7.25E+16,2.42E+18,Hz,xray,,slop
961.663,,,s,3.75E-09,5.81E-10,5.81E-10,erg cm-2 s-1,Integrated Flux,,7.25E+16,2.42E+18,Hz,xray,,slop
962.1941,,,s,3.66E-09,5.46E-10,5.46E-10,erg cm-2 s-1,Integrated Flux,,7.25E+16,2.42E+18,Hz,xray,,slop
962.8095,,,s,4.44E-09,5.50E-10,5.50E-10,erg cm-2 s-1,Integrated Flux,,7.25E+16,2.42E+18,Hz,xray,,slop
963.5319,,,s,4.18E-09,5.24E-10,5.24E-10,erg cm-2 s-1,Integrated Flux,,7.25E+16,2.42E+18,Hz,xray,,slop
964.1702,,,s,3.55E-09,5.49E-10,5.49E-10,erg cm-2 s-1,Integrated Flux,,7.25E+16,2.42E+18,Hz,xray,,slop
964.7592,,,s,4.99E-09,6.17E-10,6.17E-10,erg cm-2 s-1,Integrated Flux,,7.25E+16,2.42E+18,Hz,xray,,slop
965.4429,,,s,2.76E-09,4.12E-10,4.12E-10,erg cm-2 s-1,Integrated Flux,,7.25E+16,2.42E+18,Hz,xray,,slop
966.1508,,,s,4.73E-09,5.85E-10,5.85E-10,erg cm-2 s-1,Integrated Flux,,7.25E+16,2.42E+18,Hz,xray,,slop
966.6995,,,s,4.01E-09,5.46E-10,5.46E-10,erg cm-2 s-1,Integrated Flux,,7.25E+16,2.42E+18,Hz,xray,,slop
967.3393,,,s,3.78E-09,5.64E-10,5.64E-10,erg cm-2 s-1,Integrated Flux,,7.25E+16,2.42E+18,Hz,xray,,slop
967.9323,,,s,2.96E-09,4.58E-10,4.58E-10,erg cm-2 s-1,Integrated Flux,,7.25E+16,2.42E+18,Hz,xray,,slop
968.5292,,,s,3.98E-09,5.75E-10,5.75E-10,erg cm-2 s-1,Integrated Flux,,7.25E+16,2.42E+18,Hz,xray,,slop
969.0551,,,s,3.82E-09,5.80E-10,5.80E-10,erg cm-2 s-1,Integrated Flux,,7.25E+16,2.42E+18,Hz,xray,,slop
969.6612,,,s,3.92E-09,5.09E-10,5.09E-10,erg cm-2 s-1,Integrated Flux,,7.25E+16,2.42E+18,Hz,xray,,slop
970.3691,,,s,3.49E-09,5.41E-10,5.41E-10,erg cm-2 s-1,Integrated Flux,,7.25E+16,2.42E+18,Hz,xray,,slop
970.8841,,,s,4.01E-09,5.92E-10,5.92E-10,erg cm-2 s-1,Integrated Flux,,7.25E+16,2.42E+18,Hz,xray,,slop
971.4482,,,s,3.40E-09,5.07E-10,5.07E-10,erg cm-2 s-1,Integrated Flux,,7.25E+16,2.42E+18,Hz,xray,,slop
972.024,,,s,3.96E-09,5.89E-10,5.89E-10,erg cm-2 s-1,Integrated Flux,,7.25E+16,2.42E+18,Hz,xray,,slop
972.5597,,,s,3.45E-09,5.15E-10,5.15E-10,erg cm-2 s-1,Integrated Flux,,7.25E+16,2.42E+18,Hz,xray,,slop
973.1139,,,s,3.91E-09,5.83E-10,5.83E-10,erg cm-2 s-1,Integrated Flux,,7.25E+16,2.42E+18,Hz,xray,,slop
973.6758,,,s,4.03E-09,5.94E-10,5.94E-10,erg cm-2 s-1,Integrated Flux,,7.25E+16,2.42E+18,Hz,xray,,slop
974.2157,,,s,4.02E-09,5.38E-10,5.38E-10,erg cm-2 s-1,Integrated Flux,,7.25E+16,2.42E+18,Hz,xray,,slop
974.8682,,,s,3.56E-09,5.31E-10,5.31E-10,erg cm-2 s-1,Integrated Flux,,7.25E+16,2.42E+18,Hz,xray,,slop
975.4336,,,s,3.57E-09,5.33E-10,5.33E-10,erg cm-2 s-1,Integrated Flux,,7.25E+16,2.42E+18,Hz,xray,,slop
976.0602,,,s,3.89E-09,5.08E-10,5.08E-10,erg cm-2 s-1,Integrated Flux,,7.25E+16,2.42E+18,Hz,xray,,slop
976.7152,,,s,5.24E-09,6.40E-10,6.40E-10,erg cm-2 s-1,Integrated Flux,,7.25E+16,2.42E+18,Hz,xray,,slop
977.2816,,,s,3.75E-09,5.64E-10,5.64E-10,erg cm-2 s-1,Integrated Flux,,7.25E+16,2.42E+18,Hz,xray,,slop
977.9251,,,s,3.35E-09,5.00E-10,5.00E-10,erg cm-2 s-1,Integrated Flux,,7.25E+16,2.42E+18,Hz,xray,,slop
978.436,,,s,3.94E-09,5.87E-10,5.87E-10,erg cm-2 s-1,Integrated Flux,,7.25E+16,2.42E+18,Hz,xray,,slop
979.0306,,,s,4.35E-09,5.39E-10,5.39E-10,erg cm-2 s-1,Integrated Flux,,7.25E+16,2.42E+18,Hz,xray,,slop
979.7015,,,s,3.96E-09,5.19E-10,5.19E-10,erg cm-2 s-1,Integrated Flux,,7.25E+16,2.42E+18,Hz,xray,,slop
980.4524,,,s,4.31E-09,5.33E-10,5.33E-10,erg cm-2 s-1,Integrated Flux,,7.25E+16,2.42E+18,Hz,xray,,slop
981.0649,,,s,3.76E-09,5.83E-10,5.83E-10,erg cm-2 s-1,Integrated Flux,,7.25E+16,2.42E+18,Hz,xray,,slop
981.6659,,,s,3.03E-09,4.60E-10,4.60E-10,erg cm-2 s-1,Integrated Flux,,7.25E+16,2.42E+18,Hz,xray,,slop
982.316,,,s,2.86E-09,4.27E-10,4.27E-10,erg cm-2 s-1,Integrated Flux,,7.25E+16,2.42E+18,Hz,xray,,slop
982.9937,,,s,3.15E-09,4.70E-10,4.70E-10,erg cm-2 s-1,Integrated Flux,,7.25E+16,2.42E+18,Hz,xray,,slop
983.6363,,,s,3.65E-09,5.54E-10,5.54E-10,erg cm-2 s-1,Integrated Flux,,7.25E+16,2.42E+18,Hz,xray,,slop
984.2987,,,s,2.89E-09,4.31E-10,4.31E-10,erg cm-2 s-1,Integrated Flux,,7.25E+16,2.42E+18,Hz,xray,,slop
984.9123,,,s,3.40E-09,5.16E-10,5.16E-10,erg cm-2 s-1,Integrated Flux,,7.25E+16,2.42E+18,Hz,xray,,slop
985.5009,,,s,3.66E-09,5.56E-10,5.56E-10,erg cm-2 s-1,Integrated Flux,,7.25E+16,2.42E+18,Hz,xray,,slop
986.1363,,,s,3.18E-09,4.74E-10,4.74E-10,erg cm-2 s-1,Integrated Flux,,7.25E+16,2.42E+18,Hz,xray,,slop
986.7264,,,s,3.87E-09,4.89E-10,4.89E-10,erg cm-2 s-1,Integrated Flux,,7.25E+16,2.42E+18,Hz,xray,,slop
987.4395,,,s,3.73E-09,5.67E-10,5.67E-10,erg cm-2 s-1,Integrated Flux,,7.25E+16,2.42E+18,Hz,xray,,slop
988.0723,,,s,3.05E-09,4.55E-10,4.55E-10,erg cm-2 s-1,Integrated Flux,,7.25E+16,2.42E+18,Hz,xray,,slop
988.6766,,,s,4.01E-09,5.23E-10,5.23E-10,erg cm-2 s-1,Integrated Flux,,7.25E+16,2.42E+18,Hz,xray,,slop
989.3861,,,s,3.90E-09,5.19E-10,5.19E-10,erg cm-2 s-1,Integrated Flux,,7.25E+16,2.42E+18,Hz,xray,,slop
990.0543,,,s,4.42E-09,5.40E-10,5.40E-10,erg cm-2 s-1,Integrated Flux,,7.25E+16,2.42E+18,Hz,xray,,slop
990.7364,,,s,3.09E-09,4.60E-10,4.60E-10,erg cm-2 s-1,Integrated Flux,,7.25E+16,2.42E+18,Hz,xray,,slop
991.3435,,,s,3.96E-09,5.82E-10,5.82E-10,erg cm-2 s-1,Integrated Flux,,7.25E+16,2.42E+18,Hz,xray,,slop
992.0186,,,s,3.19E-09,5.14E-10,5.14E-10,erg cm-2 s-1,Integrated Flux,,7.25E+16,2.42E+18,Hz,xray,,slop
992.5434,,,s,3.45E-09,5.24E-10,5.24E-10,erg cm-2 s-1,Integrated Flux,,7.25E+16,2.42E+18,Hz,xray,,slop
993.1588,,,s,3.30E-09,5.11E-10,5.11E-10,erg cm-2 s-1,Integrated Flux,,7.25E+16,2.42E+18,Hz,xray,,slop
993.747,,,s,3.48E-09,5.18E-10,5.18E-10,erg cm-2 s-1,Integrated Flux,,7.25E+16,2.42E+18,Hz,xray,,slop
994.3848,,,s,3.07E-09,4.67E-10,4.67E-10,erg cm-2 s-1,Integrated Flux,,7.25E+16,2.42E+18,Hz,xray,,slop
995.0709,,,s,3.05E-09,4.63E-10,4.63E-10,erg cm-2 s-1,Integrated Flux,,7.25E+16,2.42E+18,Hz,xray,,slop
995.6834,,,s,3.54E-09,5.38E-10,5.38E-10,erg cm-2 s-1,Integrated Flux,,7.25E+16,2.42E+18,Hz,xray,,slop
996.2909,,,s,4.23E-09,5.24E-10,5.24E-10,erg cm-2 s-1,Integrated Flux,,7.25E+16,2.42E+18,Hz,xray,,slop
996.8887,,,s,3.52E-09,5.35E-10,5.35E-10,erg cm-2 s-1,Integrated Flux,,7.25E+16,2.42E+18,Hz,xray,,slop
997.5158,,,s,3.70E-09,5.51E-10,5.51E-10,erg cm-2 s-1,Integrated Flux,,7.25E+16,2.42E+18,Hz,xray,,slop
998.0574,,,s,3.54E-09,5.28E-10,5.28E-10,erg cm-2 s-1,Integrated Flux,,7.25E+16,2.42E+18,Hz,xray,,slop
998.6533,,,s,3.51E-09,5.33E-10,5.33E-10,erg cm-2 s-1,Integrated Flux,,7.25E+16,2.42E+18,Hz,xray,,slop
999.2062,,,s,4.02E-09,5.28E-10,5.28E-10,erg cm-2 s-1,Integrated Flux,,7.25E+16,2.42E+18,Hz,xray,,slop
999.8881,,,s,4.37E-09,5.34E-10,5.34E-10,erg cm-2 s-1,Integrated Flux,,7.25E+16,2.42E+18,Hz,xray,,slop
1000.5615,,,s,3.51E-09,5.33E-10,5.33E-10,erg cm-2 s-1,Integrated Flux,,7.25E+16,2.42E+18,Hz,xray,,slop
1001.2299,,,s,3.43E-09,5.12E-10,5.12E-10,erg cm-2 s-1,Integrated Flux,,7.25E+16,2.42E+18,Hz,xray,,slop
1001.7562,,,s,3.87E-09,5.77E-10,5.77E-10,erg cm-2 s-1,Integrated Flux,,7.25E+16,2.42E+18,Hz,xray,,slop
1002.2472,,,s,3.84E-09,5.84E-10,5.84E-10,erg cm-2 s-1,Integrated Flux,,7.25E+16,2.42E+18,Hz,xray,,slop
1002.8067,,,s,3.69E-09,5.49E-10,5.49E-10,erg cm-2 s-1,Integrated Flux,,7.25E+16,2.42E+18,Hz,xray,,slop
1003.3783,,,s,3.25E-09,4.94E-10,4.94E-10,erg cm-2 s-1,Integrated Flux,,7.25E+16,2.42E+18,Hz,xray,,slop
1004.033,,,s,2.99E-09,4.63E-10,4.63E-10,erg cm-2 s-1,Integrated Flux,,7.25E+16,2.42E+18,Hz,xray,,slop
1004.6326,,,s,3.36E-09,5.10E-10,5.10E-10,erg cm-2 s-1,Integrated Flux,,7.25E+16,2.42E+18,Hz,xray,,slop
1005.2654,,,s,3.33E-09,4.96E-10,4.96E-10,erg cm-2 s-1,Integrated Flux,,7.25E+16,2.42E+18,Hz,xray,,slop
1005.8639,,,s,3.49E-09,5.20E-10,5.20E-10,erg cm-2 s-1,Integrated Flux,,7.25E+16,2.42E+18,Hz,xray,,slop
1006.4733,,,s,4.74E-09,5.79E-10,5.79E-10,erg cm-2 s-1,Integrated Flux,,7.25E+16,2.42E+18,Hz,xray,,slop
1007.1044,,,s,3.35E-09,4.99E-10,4.99E-10,erg cm-2 s-1,Integrated Flux,,7.25E+16,2.42E+18,Hz,xray,,slop
1007.6779,,,s,3.97E-09,5.86E-10,5.86E-10,erg cm-2 s-1,Integrated Flux,,7.25E+16,2.42E+18,Hz,xray,,slop
1008.2709,,,s,4.34E-09,5.33E-10,5.33E-10,erg cm-2 s-1,Integrated Flux,,7.25E+16,2.42E+18,Hz,xray,,slop
1008.9475,,,s,4.02E-09,6.00E-10,6.00E-10,erg cm-2 s-1,Integrated Flux,,7.25E+16,2.42E+18,Hz,xray,,slop
1009.5215,,,s,3.50E-09,5.22E-10,5.22E-10,erg cm-2 s-1,Integrated Flux,,7.25E+16,2.42E+18,Hz,xray,,slop
1010.09,,,s,3.43E-09,5.11E-10,5.11E-10,erg cm-2 s-1,Integrated Flux,,7.25E+16,2.42E+18,Hz,xray,,slop
1010.6448,,,s,3.79E-09,5.87E-10,5.87E-10,erg cm-2 s-1,Integrated Flux,,7.25E+16,2.42E+18,Hz,xray,,slop
1011.1846,,,s,3.39E-09,5.05E-10,5.05E-10,erg cm-2 s-1,Integrated Flux,,7.25E+16,2.42E+18,Hz,xray,,slop
1011.7706,,,s,3.67E-09,5.68E-10,5.68E-10,erg cm-2 s-1,Integrated Flux,,7.25E+16,2.42E+18,Hz,xray,,slop
1012.3279,,,s,3.18E-09,4.74E-10,4.74E-10,erg cm-2 s-1,Integrated Flux,,7.25E+16,2.42E+18,Hz,xray,,slop
1013.0348,,,s,3.37E-09,5.02E-10,5.02E-10,erg cm-2 s-1,Integrated Flux,,7.25E+16,2.42E+18,Hz,xray,,slop
1013.5487,,,s,4.04E-09,5.83E-10,5.83E-10,erg cm-2 s-1,Integrated Flux,,7.25E+16,2.42E+18,Hz,xray,,slop
1014.1399,,,s,3.22E-09,4.90E-10,4.90E-10,erg cm-2 s-1,Integrated Flux,,7.25E+16,2.42E+18,Hz,xray,,slop
1014.7842,,,s,3.24E-09,4.93E-10,4.93E-10,erg cm-2 s-1,Integrated Flux,,7.25E+16,2.42E+18,Hz,xray,,slop
1015.4385,,,s,4.29E-09,5.38E-10,5.38E-10,erg cm-2 s-1,Integrated Flux,,7.25E+16,2.42E+18,Hz,xray,,slop
1016.0989,,,s,3.63E-09,5.62E-10,5.62E-10,erg cm-2 s-1,Integrated Flux,,7.25E+16,2.42E+18,Hz,xray,,slop
1016.6561,,,s,3.95E-09,5.43E-10,5.43E-10,erg cm-2 s-1,Integrated Flux,,7.25E+16,2.42E+18,Hz,xray,,slop
1017.2795,,,s,3.06E-09,4.57E-10,4.57E-10,erg cm-2 s-1,Integrated Flux,,7.25E+16,2.42E+18,Hz,xray,,slop
1017.85,,,s,3.89E-09,5.85E-10,5.85E-10,erg cm-2 s-1,Integrated Flux,,7.25E+16,2.42E+18,Hz,xray,,slop
1018.445,,,s,3.76E-09,5.61E-10,5.61E-10,erg cm-2 s-1,Integrated Flux,,7.25E+16,2.42E+18,Hz,xray,,slop
1018.9289,,,s,4.03E-09,5.94E-10,5.94E-10,erg cm-2 s-1,Integrated Flux,,7.25E+16,2.42E+18,Hz,xray,,slop
1019.5706,,,s,2.97E-09,4.51E-10,4.51E-10,erg cm-2 s-1,Integrated Flux,,7.25E+16,2.42E+18,Hz,xray,,slop
1020.2755,,,s,2.94E-09,4.47E-10,4.47E-10,erg cm-2 s-1,Integrated Flux,,7.25E+16,2.42E+18,Hz,xray,,slop
1020.8585,,,s,3.50E-09,5.22E-10,5.22E-10,erg cm-2 s-1,Integrated Flux,,7.25E+16,2.42E+18,Hz,xray,,slop
1021.4863,,,s,3.33E-09,5.06E-10,5.06E-10,erg cm-2 s-1,Integrated Flux,,7.25E+16,2.42E+18,Hz,xray,,slop
1022.1077,,,s,4.15E-09,5.07E-10,5.07E-10,erg cm-2 s-1,Integrated Flux,,7.25E+16,2.42E+18,Hz,xray,,slop
1022.7688,,,s,3.85E-09,5.74E-10,5.74E-10,erg cm-2 s-1,Integrated Flux,,7.25E+16,2.42E+18,Hz,xray,,slop
1023.3751,,,s,2.96E-09,4.50E-10,4.50E-10,erg cm-2 s-1,Integrated Flux,,7.25E+16,2.42E+18,Hz,xray,,slop
1024.0446,,,s,4.59E-09,5.68E-10,5.68E-10,erg cm-2 s-1,Integrated Flux,,7.25E+16,2.42E+18,Hz,xray,,slop
1024.6442,,,s,3.86E-09,5.91E-10,5.91E-10,erg cm-2 s-1,Integrated Flux,,7.25E+16,2.42E+18,Hz,xray,,slop
1025.2349,,,s,3.48E-09,5.29E-10,5.29E-10,erg cm-2 s-1,Integrated Flux,,7.25E+16,2.42E+18,Hz,xray,,slop
1025.8028,,,s,3.75E-09,5.71E-10,5.71E-10,erg cm-2 s-1,Integrated Flux,,7.25E+16,2.42E+18,Hz,xray,,slop
1026.3502,,,s,3.79E-09,5.59E-10,5.59E-10,erg cm-2 s-1,Integrated Flux,,7.25E+16,2.42E+18,Hz,xray,,slop
1026.876,,,s,3.85E-09,5.68E-10,5.68E-10,erg cm-2 s-1,Integrated Flux,,7.25E+16,2.42E+18,Hz,xray,,slop
1027.4687,,,s,3.62E-09,5.39E-10,5.39E-10,erg cm-2 s-1,Integrated Flux,,7.25E+16,2.42E+18,Hz,xray,,slop
1028.0205,,,s,3.47E-09,5.18E-10,5.18E-10,erg cm-2 s-1,Integrated Flux,,7.25E+16,2.42E+18,Hz,xray,,slop
1028.6997,,,s,2.86E-09,4.26E-10,4.26E-10,erg cm-2 s-1,Integrated Flux,,7.25E+16,2.42E+18,Hz,xray,,slop
1029.3732,,,s,3.27E-09,4.87E-10,4.87E-10,erg cm-2 s-1,Integrated Flux,,7.25E+16,2.42E+18,Hz,xray,,slop
1029.9207,,,s,3.73E-09,5.57E-10,5.57E-10,erg cm-2 s-1,Integrated Flux,,7.25E+16,2.42E+18,Hz,xray,,slop
1030.5231,,,s,3.32E-09,4.96E-10,4.96E-10,erg cm-2 s-1,Integrated Flux,,7.25E+16,2.42E+18,Hz,xray,,slop
1031.1532,,,s,2.91E-09,4.34E-10,4.34E-10,erg cm-2 s-1,Integrated Flux,,7.25E+16,2.42E+18,Hz,xray,,slop
1031.8065,,,s,3.93E-09,5.44E-10,5.44E-10,erg cm-2 s-1,Integrated Flux,,7.25E+16,2.42E+18,Hz,xray,,slop
1032.4627,,,s,3.13E-09,4.66E-10,4.66E-10,erg cm-2 s-1,Integrated Flux,,7.25E+16,2.42E+18,Hz,xray,,slop
1033.1018,,,s,3.23E-09,4.91E-10,4.91E-10,erg cm-2 s-1,Integrated Flux,,7.25E+16,2.42E+18,Hz,xray,,slop
1033.7144,,,s,3.47E-09,5.37E-10,5.37E-10,erg cm-2 s-1,Integrated Flux,,7.25E+16,2.42E+18,Hz,xray,,slop
1034.3181,,,s,2.71E-09,4.04E-10,4.04E-10,erg cm-2 s-1,Integrated Flux,,7.25E+16,2.42E+18,Hz,xray,,slop
1035.1556,,,s,2.54E-09,3.78E-10,3.78E-10,erg cm-2 s-1,Integrated Flux,,7.25E+16,2.42E+18,Hz,xray,,slop
1035.8581,,,s,3.51E-09,5.44E-10,5.44E-10,erg cm-2 s-1,Integrated Flux,,7.25E+16,2.42E+18,Hz,xray,,slop
1036.4286,,,s,3.78E-09,5.57E-10,5.57E-10,erg cm-2 s-1,Integrated Flux,,7.25E+16,2.42E+18,Hz,xray,,slop
1037.0331,,,s,3.23E-09,5.10E-10,5.10E-10,erg cm-2 s-1,Integrated Flux,,7.25E+16,2.42E+18,Hz,xray,,slop
1037.5855,,,s,3.57E-09,5.47E-10,5.47E-10,erg cm-2 s-1,Integrated Flux,,7.25E+16,2.42E+18,Hz,xray,,slop
1038.1301,,,s,3.72E-09,5.55E-10,5.55E-10,erg cm-2 s-1,Integrated Flux,,7.25E+16,2.42E+18,Hz,xray,,slop
1038.7309,,,s,3.48E-09,5.18E-10,5.18E-10,erg cm-2 s-1,Integrated Flux,,7.25E+16,2.42E+18,Hz,xray,,slop
1039.3118,,,s,3.49E-09,5.20E-10,5.20E-10,erg cm-2 s-1,Integrated Flux,,7.25E+16,2.42E+18,Hz,xray,,slop
1039.8562,,,s,3.27E-09,4.87E-10,4.87E-10,erg cm-2 s-1,Integrated Flux,,7.25E+16,2.42E+18,Hz,xray,,slop
1040.4713,,,s,3.90E-09,5.81E-10,5.81E-10,erg cm-2 s-1,Integrated Flux,,7.25E+16,2.42E+18,Hz,xray,,slop
1041.1084,,,s,4.29E-09,5.25E-10,5.25E-10,erg cm-2 s-1,Integrated Flux,,7.25E+16,2.42E+18,Hz,xray,,slop
1041.6966,,,s,3.96E-09,6.02E-10,6.02E-10,erg cm-2 s-1,Integrated Flux,,7.25E+16,2.42E+18,Hz,xray,,slop
1042.3395,,,s,3.12E-09,4.65E-10,4.65E-10,erg cm-2 s-1,Integrated Flux,,7.25E+16,2.42E+18,Hz,xray,,slop
1042.959,,,s,3.28E-09,4.89E-10,4.89E-10,erg cm-2 s-1,Integrated Flux,,7.25E+16,2.42E+18,Hz,xray,,slop
1043.6305,,,s,2.90E-09,4.32E-10,4.32E-10,erg cm-2 s-1,Integrated Flux,,7.25E+16,2.42E+18,Hz,xray,,slop
1044.3552,,,s,3.15E-09,4.70E-10,4.70E-10,erg cm-2 s-1,Integrated Flux,,7.25E+16,2.42E+18,Hz,xray,,slop
1045.0789,,,s,2.82E-09,4.21E-10,4.21E-10,erg cm-2 s-1,Integrated Flux,,7.25E+16,2.42E+18,Hz,xray,,slop
1045.6208,,,s,3.86E-09,5.86E-10,5.86E-10,erg cm-2 s-1,Integrated Flux,,7.25E+16,2.42E+18,Hz,xray,,slop
1046.1917,,,s,3.35E-09,5.08E-10,5.08E-10,erg cm-2 s-1,Integrated Flux,,7.25E+16,2.42E+18,Hz,xray,,slop
1046.7856,,,s,3.65E-09,5.44E-10,5.44E-10,erg cm-2 s-1,Integrated Flux,,7.25E+16,2.42E+18,Hz,xray,,slop
1047.3921,,,s,4.29E-09,5.24E-10,5.24E-10,erg cm-2 s-1,Integrated Flux,,7.25E+16,2.42E+18,Hz,xray,,slop
1048.0961,,,s,3.42E-09,5.20E-10,5.20E-10,erg cm-2 s-1,Integrated Flux,,7.25E+16,2.42E+18,Hz,xray,,slop
1048.677,,,s,2.89E-09,4.32E-10,4.32E-10,erg cm-2 s-1,Integrated Flux,,7.25E+16,2.42E+18,Hz,xray,,slop
1049.3812,,,s,3.19E-09,4.76E-10,4.76E-10,erg cm-2 s-1,Integrated Flux,,7.25E+16,2.42E+18,Hz,xray,,slop
1050.0036,,,s,3.11E-09,4.63E-10,4.63E-10,erg cm-2 s-1,Integrated Flux,,7.25E+16,2.42E+18,Hz,xray,,slop
1050.6598,,,s,3.53E-09,5.27E-10,5.27E-10,erg cm-2 s-1,Integrated Flux,,7.25E+16,2.42E+18,Hz,xray,,slop
1051.1858,,,s,3.77E-09,5.61E-10,5.61E-10,erg cm-2 s-1,Integrated Flux,,7.25E+16,2.42E+18,Hz,xray,,slop
1051.759,,,s,3.75E-09,5.60E-10,5.60E-10,erg cm-2 s-1,Integrated Flux,,7.25E+16,2.42E+18,Hz,xray,,slop
1052.3366,,,s,3.51E-09,5.43E-10,5.43E-10,erg cm-2 s-1,Integrated Flux,,7.25E+16,2.42E+18,Hz,xray,,slop
1052.9309,,,s,3.15E-09,4.79E-10,4.79E-10,erg cm-2 s-1,Integrated Flux,,7.25E+16,2.42E+18,Hz,xray,,slop
1053.6447,,,s,2.54E-09,3.78E-10,3.78E-10,erg cm-2 s-1,Integrated Flux,,7.25E+16,2.42E+18,Hz,xray,,slop
1054.3161,,,s,3.62E-09,5.40E-10,5.40E-10,erg cm-2 s-1,Integrated Flux,,7.25E+16,2.42E+18,Hz,xray,,slop
1054.8992,,,s,3.50E-09,5.22E-10,5.22E-10,erg cm-2 s-1,Integrated Flux,,7.25E+16,2.42E+18,Hz,xray,,slop
1055.4666,,,s,3.64E-09,5.53E-10,5.53E-10,erg cm-2 s-1,Integrated Flux,,7.25E+16,2.42E+18,Hz,xray,,slop
1056.0577,,,s,4.86E-09,6.17E-10,6.17E-10,erg cm-2 s-1,Integrated Flux,,7.25E+16,2.42E+18,Hz,xray,,slop
1056.6687,,,s,3.63E-09,5.42E-10,5.42E-10,erg cm-2 s-1,Integrated Flux,,7.25E+16,2.42E+18,Hz,xray,,slop
1057.1805,,,s,3.50E-09,5.22E-10,5.22E-10,erg cm-2 s-1,Integrated Flux,,7.25E+16,2.42E+18,Hz,xray,,slop
1057.7717,,,s,3.86E-09,5.87E-10,5.87E-10,erg cm-2 s-1,Integrated Flux,,7.25E+16,2.42E+18,Hz,xray,,slop
1058.3527,,,s,3.53E-09,5.26E-10,5.26E-10,erg cm-2 s-1,Integrated Flux,,7.25E+16,2.42E+18,Hz,xray,,slop
1058.9198,,,s,3.56E-09,5.31E-10,5.31E-10,erg cm-2 s-1,Integrated Flux,,7.25E+16,2.42E+18,Hz,xray,,slop
1059.4848,,,s,2.96E-09,4.42E-10,4.42E-10,erg cm-2 s-1,Integrated Flux,,7.25E+16,2.42E+18,Hz,xray,,slop
1060.1531,,,s,3.79E-09,5.66E-10,5.66E-10,erg cm-2 s-1,Integrated Flux,,7.25E+16,2.42E+18,Hz,xray,,slop
1060.7711,,,s,3.02E-09,4.58E-10,4.58E-10,erg cm-2 s-1,Integrated Flux,,7.25E+16,2.42E+18,Hz,xray,,slop
1061.3856,,,s,3.82E-09,5.69E-10,5.69E-10,erg cm-2 s-1,Integrated Flux,,7.25E+16,2.42E+18,Hz,xray,,slop
1061.9269,,,s,3.18E-09,4.83E-10,4.83E-10,erg cm-2 s-1,Integrated Flux,,7.25E+16,2.42E+18,Hz,xray,,slop
1062.585,,,s,3.43E-09,5.12E-10,5.12E-10,erg cm-2 s-1,Integrated Flux,,7.25E+16,2.42E+18,Hz,xray,,slop
1063.2108,,,s,2.83E-09,4.30E-10,4.30E-10,erg cm-2 s-1,Integrated Flux,,7.25E+16,2.42E+18,Hz,xray,,slop
1063.9993,,,s,2.71E-09,4.04E-10,4.04E-10,erg cm-2 s-1,Integrated Flux,,7.25E+16,2.42E+18,Hz,xray,,slop
1064.6231,,,s,3.58E-09,5.34E-10,5.34E-10,erg cm-2 s-1,Integrated Flux,,7.25E+16,2.42E+18,Hz,xray,,slop
1065.297,,,s,2.37E-09,3.54E-10,3.54E-10,erg cm-2 s-1,Integrated Flux,,7.25E+16,2.42E+18,Hz,xray,,slop
1065.9984,,,s,3.92E-09,5.85E-10,5.85E-10,erg cm-2 s-1,Integrated Flux,,7.25E+16,2.42E+18,Hz,xray,,slop
1066.6069,,,s,3.24E-09,4.92E-10,4.92E-10,erg cm-2 s-1,Integrated Flux,,7.25E+16,2.42E+18,Hz,xray,,slop
1067.2526,,,s,3.34E-09,5.08E-10,5.08E-10,erg cm-2 s-1,Integrated Flux,,7.25E+16,2.42E+18,Hz,xray,,slop
1067.7788,,,s,4.02E-09,5.93E-10,5.93E-10,erg cm-2 s-1,Integrated Flux,,7.25E+16,2.42E+18,Hz,xray,,slop
1068.3458,,,s,3.58E-09,5.34E-10,5.34E-10,erg cm-2 s-1,Integrated Flux,,7.25E+16,2.42E+18,Hz,xray,,slop
1068.979,,,s,2.97E-09,4.55E-10,4.55E-10,erg cm-2 s-1,Integrated Flux,,7.25E+16,2.42E+18,Hz,xray,,slop
1069.574,,,s,3.42E-09,5.10E-10,5.10E-10,erg cm-2 s-1,Integrated Flux,,7.25E+16,2.42E+18,Hz,xray,,slop
1070.2757,,,s,2.72E-09,4.22E-10,4.22E-10,erg cm-2 s-1,Integrated Flux,,7.25E+16,2.42E+18,Hz,xray,,slop
1070.891,,,s,3.77E-09,5.73E-10,5.73E-10,erg cm-2 s-1,Integrated Flux,,7.25E+16,2.42E+18,Hz,xray,,slop
1071.4789,,,s,3.38E-09,5.04E-10,5.04E-10,erg cm-2 s-1,Integrated Flux,,7.25E+16,2.42E+18,Hz,xray,,slop
1072.1106,,,s,3.27E-09,4.97E-10,4.97E-10,erg cm-2 s-1,Integrated Flux,,7.25E+16,2.42E+18,Hz,xray,,slop
1072.7209,,,s,3.84E-09,4.96E-10,4.96E-10,erg cm-2 s-1,Integrated Flux,,7.25E+16,2.42E+18,Hz,xray,,slop
1073.4205,,,s,3.53E-09,5.27E-10,5.27E-10,erg cm-2 s-1,Integrated Flux,,7.25E+16,2.42E+18,Hz,xray,,slop
1074.0644,,,s,3.20E-09,4.77E-10,4.77E-10,erg cm-2 s-1,Integrated Flux,,7.25E+16,2.42E+18,Hz,xray,,slop
1074.6147,,,s,3.65E-09,5.44E-10,5.44E-10,erg cm-2 s-1,Integrated Flux,,7.25E+16,2.42E+18,Hz,xray,,slop
1075.1583,,,s,4.04E-09,6.03E-10,6.03E-10,erg cm-2 s-1,Integrated Flux,,7.25E+16,2.42E+18,Hz,xray,,slop
1075.7134,,,s,3.36E-09,5.01E-10,5.01E-10,erg cm-2 s-1,Integrated Flux,,7.25E+16,2.42E+18,Hz,xray,,slop
1076.4249,,,s,2.64E-09,3.93E-10,3.93E-10,erg cm-2 s-1,Integrated Flux,,7.25E+16,2.42E+18,Hz,xray,,slop
1077.104,,,s,3.33E-09,4.97E-10,4.97E-10,erg cm-2 s-1,Integrated Flux,,7.25E+16,2.42E+18,Hz,xray,,slop
1077.7234,,,s,3.31E-09,4.94E-10,4.94E-10,erg cm-2 s-1,Integrated Flux,,7.25E+16,2.42E+18,Hz,xray,,slop
1078.386,,,s,2.83E-09,4.38E-10,4.38E-10,erg cm-2 s-1,Integrated Flux,,7.25E+16,2.42E+18,Hz,xray,,slop
1079.0814,,,s,2.87E-09,4.27E-10,4.27E-10,erg cm-2 s-1,Integrated Flux,,7.25E+16,2.42E+18,Hz,xray,,slop
1079.7156,,,s,3.57E-09,5.32E-10,5.32E-10,erg cm-2 s-1,Integrated Flux,,7.25E+16,2.42E+18,Hz,xray,,slop
1080.3642,,,s,3.04E-09,4.54E-10,4.54E-10,erg cm-2 s-1,Integrated Flux,,7.25E+16,2.42E+18,Hz,xray,,slop
1081.0478,,,s,3.18E-09,4.75E-10,4.75E-10,erg cm-2 s-1,Integrated Flux,,7.25E+16,2.42E+18,Hz,xray,,slop
1081.7087,,,s,2.77E-09,4.21E-10,4.21E-10,erg cm-2 s-1,Integrated Flux,,7.25E+16,2.42E+18,Hz,xray,,slop
1082.4058,,,s,4.24E-09,5.18E-10,5.18E-10,erg cm-2 s-1,Integrated Flux,,7.25E+16,2.42E+18,Hz,xray,,slop
1083.0753,,,s,3.48E-09,5.28E-10,5.28E-10,erg cm-2 s-1,Integrated Flux,,7.25E+16,2.42E+18,Hz,xray,,slop
1083.6867,,,s,3.32E-09,4.95E-10,4.95E-10,erg cm-2 s-1,Integrated Flux,,7.25E+16,2.42E+18,Hz,xray,,slop
1084.245,,,s,3.91E-09,5.83E-10,5.83E-10,erg cm-2 s-1,Integrated Flux,,7.25E+16,2.42E+18,Hz,xray,,slop
1084.9739,,,s,2.32E-09,3.46E-10,3.46E-10,erg cm-2 s-1,Integrated Flux,,7.25E+16,2.42E+18,Hz,xray,,slop
1085.6983,,,s,3.60E-09,5.37E-10,5.37E-10,erg cm-2 s-1,Integrated Flux,,7.25E+16,2.42E+18,Hz,xray,,slop
1086.2621,,,s,3.53E-09,5.26E-10,5.26E-10,erg cm-2 s-1,Integrated Flux,,7.25E+16,2.42E+18,Hz,xray,,slop
1086.9312,,,s,4.06E-09,4.96E-10,4.96E-10,erg cm-2 s-1,Integrated Flux,,7.25E+16,2.42E+18,Hz,xray,,slop
1087.5524,,,s,4.00E-09,5.84E-10,5.84E-10,erg cm-2 s-1,Integrated Flux,,7.25E+16,2.42E+18,Hz,xray,,slop
1088.1371,,,s,2.55E-09,3.80E-10,3.80E-10,erg cm-2 s-1,Integrated Flux,,7.25E+16,2.42E+18,Hz,xray,,slop
1088.9259,,,s,3.44E-09,5.23E-10,5.23E-10,erg cm-2 s-1,Integrated Flux,,7.25E+16,2.42E+18,Hz,xray,,slop
1089.5569,,,s,3.28E-09,4.84E-10,4.84E-10,erg cm-2 s-1,Integrated Flux,,7.25E+16,2.42E+18,Hz,xray,,slop
1090.1692,,,s,3.61E-09,5.38E-10,5.38E-10,erg cm-2 s-1,Integrated Flux,,7.25E+16,2.42E+18,Hz,xray,,slop
1090.7268,,,s,3.32E-09,5.04E-10,5.04E-10,erg cm-2 s-1,Integrated Flux,,7.25E+16,2.42E+18,Hz,xray,,slop
1091.4059,,,s,3.39E-09,5.06E-10,5.06E-10,erg cm-2 s-1,Integrated Flux,,7.25E+16,2.42E+18,Hz,xray,,slop
1091.9885,,,s,3.71E-09,5.53E-10,5.53E-10,erg cm-2 s-1,Integrated Flux,,7.25E+16,2.42E+18,Hz,xray,,slop
1092.5924,,,s,3.05E-09,4.55E-10,4.55E-10,erg cm-2 s-1,Integrated Flux,,7.25E+16,2.42E+18,Hz,xray,,slop
1093.3158,,,s,2.88E-09,4.37E-10,4.37E-10,erg cm-2 s-1,Integrated Flux,,7.25E+16,2.42E+18,Hz,xray,,slop
1094.0155,,,s,3.01E-09,4.57E-10,4.57E-10,erg cm-2 s-1,Integrated Flux,,7.25E+16,2.42E+18,Hz,xray,,slop
1094.7528,,,s,4.21E-09,5.14E-10,5.14E-10,erg cm-2 s-1,Integrated Flux,,7.25E+16,2.42E+18,Hz,xray,,slop
1095.4583,,,s,3.16E-09,4.71E-10,4.71E-10,erg cm-2 s-1,Integrated Flux,,7.25E+16,2.42E+18,Hz,xray,,slop
1096.0723,,,s,3.34E-09,5.28E-10,5.28E-10,erg cm-2 s-1,Integrated Flux,,7.25E+16,2.42E+18,Hz,xray,,slop
1096.6885,,,s,3.57E-09,5.32E-10,5.32E-10,erg cm-2 s-1,Integrated Flux,,7.25E+16,2.42E+18,Hz,xray,,slop
1097.3093,,,s,3.18E-09,5.12E-10,5.12E-10,erg cm-2 s-1,Integrated Flux,,7.25E+16,2.42E+18,Hz,xray,,slop
1097.9161,,,s,3.44E-09,5.23E-10,5.23E-10,erg cm-2 s-1,Integrated Flux,,7.25E+16,2.42E+18,Hz,xray,,slop
1098.5491,,,s,3.10E-09,4.90E-10,4.90E-10,erg cm-2 s-1,Integrated Flux,,7.25E+16,2.42E+18,Hz,xray,,slop
1099.2955,,,s,2.98E-09,4.45E-10,4.45E-10,erg cm-2 s-1,Integrated Flux,,7.25E+16,2.42E+18,Hz,xray,,slop
1099.9521,,,s,3.42E-09,5.10E-10,5.10E-10,erg cm-2 s-1,Integrated Flux,,7.25E+16,2.42E+18,Hz,xray,,slop
1100.4881,,,s,3.50E-09,5.22E-10,5.22E-10,erg cm-2 s-1,Integrated Flux,,7.25E+16,2.42E+18,Hz,xray,,slop
1101.0906,,,s,3.28E-09,4.90E-10,4.90E-10,erg cm-2 s-1,Integrated Flux,,7.25E+16,2.42E+18,Hz,xray,,slop
1101.7325,,,s,3.33E-09,4.97E-10,4.97E-10,erg cm-2 s-1,Integrated Flux,,7.25E+16,2.42E+18,Hz,xray,,slop
1102.3019,,,s,3.70E-09,5.63E-10,5.63E-10,erg cm-2 s-1,Integrated Flux,,7.25E+16,2.42E+18,Hz,xray,,slop
1102.8907,,,s,3.29E-09,4.91E-10,4.91E-10,erg cm-2 s-1,Integrated Flux,,7.25E+16,2.42E+18,Hz,xray,,slop
1103.5137,,,s,3.16E-09,4.66E-10,4.66E-10,erg cm-2 s-1,Integrated Flux,,7.25E+16,2.42E+18,Hz,xray,,slop
1104.1406,,,s,3.97E-09,6.04E-10,6.04E-10,erg cm-2 s-1,Integrated Flux,,7.25E+16,2.42E+18,Hz,xray,,slop
1104.7175,,,s,3.30E-09,4.93E-10,4.93E-10,erg cm-2 s-1,Integrated Flux,,7.25E+16,2.42E+18,Hz,xray,,slop
1105.2805,,,s,3.76E-09,5.60E-10,5.60E-10,erg cm-2 s-1,Integrated Flux,,7.25E+16,2.42E+18,Hz,xray,,slop
1105.8265,,,s,3.87E-09,5.77E-10,5.77E-10,erg cm-2 s-1,Integrated Flux,,7.25E+16,2.42E+18,Hz,xray,,slop
1106.3839,,,s,3.01E-09,4.57E-10,4.57E-10,erg cm-2 s-1,Integrated Flux,,7.25E+16,2.42E+18,Hz,xray,,slop
1107.0093,,,s,3.74E-09,5.58E-10,5.58E-10,erg cm-2 s-1,Integrated Flux,,7.25E+16,2.42E+18,Hz,xray,,slop
1107.6013,,,s,2.88E-09,4.30E-10,4.30E-10,erg cm-2 s-1,Integrated Flux,,7.25E+16,2.42E+18,Hz,xray,,slop
1108.2814,,,s,3.53E-09,5.36E-10,5.36E-10,erg cm-2 s-1,Integrated Flux,,7.25E+16,2.42E+18,Hz,xray,,slop
1108.9693,,,s,3.01E-09,4.57E-10,4.57E-10,erg cm-2 s-1,Integrated Flux,,7.25E+16,2.42E+18,Hz,xray,,slop
1109.5504,,,s,3.48E-09,5.39E-10,5.39E-10,erg cm-2 s-1,Integrated Flux,,7.25E+16,2.42E+18,Hz,xray,,slop
1110.1679,,,s,2.87E-09,4.28E-10,4.28E-10,erg cm-2 s-1,Integrated Flux,,7.25E+16,2.42E+18,Hz,xray,,slop
1110.9121,,,s,2.87E-09,4.53E-10,4.53E-10,erg cm-2 s-1,Integrated Flux,,7.25E+16,2.42E+18,Hz,xray,,slop
1111.5507,,,s,3.59E-09,5.45E-10,5.45E-10,erg cm-2 s-1,Integrated Flux,,7.25E+16,2.42E+18,Hz,xray,,slop
1112.1172,,,s,3.08E-09,4.60E-10,4.60E-10,erg cm-2 s-1,Integrated Flux,,7.25E+16,2.42E+18,Hz,xray,,slop
1112.7761,,,s,3.07E-09,4.98E-10,4.98E-10,erg cm-2 s-1,Integrated Flux,,7.25E+16,2.42E+18,Hz,xray,,slop
1113.3791,,,s,3.08E-09,4.68E-10,4.68E-10,erg cm-2 s-1,Integrated Flux,,7.25E+16,2.42E+18,Hz,xray,,slop
1114.0668,,,s,3.19E-09,4.85E-10,4.85E-10,erg cm-2 s-1,Integrated Flux,,7.25E+16,2.42E+18,Hz,xray,,slop
1114.6343,,,s,3.63E-09,5.41E-10,5.41E-10,erg cm-2 s-1,Integrated Flux,,7.25E+16,2.42E+18,Hz,xray,,slop
1115.2241,,,s,3.40E-09,5.17E-10,5.17E-10,erg cm-2 s-1,Integrated Flux,,7.25E+16,2.42E+18,Hz,xray,,slop
1115.8384,,,s,3.25E-09,4.85E-10,4.85E-10,erg cm-2 s-1,Integrated Flux,,7.25E+16,2.42E+18,Hz,xray,,slop
1116.4324,,,s,3.85E-09,5.73E-10,5.73E-10,erg cm-2 s-1,Integrated Flux,,7.25E+16,2.42E+18,Hz,xray,,slop
1117.0098,,,s,3.46E-09,5.25E-10,5.25E-10,erg cm-2 s-1,Integrated Flux,,7.25E+16,2.42E+18,Hz,xray,,slop
1117.6547,,,s,2.95E-09,4.40E-10,4.40E-10,erg cm-2 s-1,Integrated Flux,,7.25E+16,2.42E+18,Hz,xray,,slop
1118.4841,,,s,2.39E-09,3.56E-10,3.56E-10,erg cm-2 s-1,Integrated Flux,,7.25E+16,2.42E+18,Hz,xray,,slop
1119.1253,,,s,3.03E-09,4.61E-10,4.61E-10,erg cm-2 s-1,Integrated Flux,,7.25E+16,2.42E+18,Hz,xray,,slop
1119.793,,,s,3.67E-09,5.62E-10,5.62E-10,erg cm-2 s-1,Integrated Flux,,7.25E+16,2.42E+18,Hz,xray,,slop
1120.3599,,,s,3.75E-09,5.70E-10,5.70E-10,erg cm-2 s-1,Integrated Flux,,7.25E+16,2.42E+18,Hz,xray,,slop
1120.942,,,s,3.13E-09,4.67E-10,4.67E-10,erg cm-2 s-1,Integrated Flux,,7.25E+16,2.42E+18,Hz,xray,,slop
1121.628,,,s,4.34E-09,5.30E-10,5.30E-10,erg cm-2 s-1,Integrated Flux,,7.25E+16,2.42E+18,Hz,xray,,slop
1122.3432,,,s,2.70E-09,4.03E-10,4.03E-10,erg cm-2 s-1,Integrated Flux,,7.25E+16,2.42E+18,Hz,xray,,slop
1123.0329,,,s,3.99E-09,5.82E-10,5.82E-10,erg cm-2 s-1,Integrated Flux,,7.25E+16,2.42E+18,Hz,xray,,slop
1123.6521,,,s,2.71E-09,4.19E-10,4.19E-10,erg cm-2 s-1,Integrated Flux,,7.25E+16,2.42E+18,Hz,xray,,slop
1124.3689,,,s,2.90E-09,4.49E-10,4.49E-10,erg cm-2 s-1,Integrated Flux,,7.25E+16,2.42E+18,Hz,xray,,slop
1125.0267,,,s,3.01E-09,4.49E-10,4.49E-10,erg cm-2 s-1,Integrated Flux,,7.25E+16,2.42E+18,Hz,xray,,slop
1125.7082,,,s,2.74E-09,4.09E-10,4.09E-10,erg cm-2 s-1,Integrated Flux,,7.25E+16,2.42E+18,Hz,xray,,slop
1126.4817,,,s,2.75E-09,4.11E-10,4.11E-10,erg cm-2 s-1,Integrated Flux,,7.25E+16,2.42E+18,Hz,xray,,slop
1127.1267,,,s,3.90E-09,5.76E-10,5.76E-10,erg cm-2 s-1,Integrated Flux,,7.25E+16,2.42E+18,Hz,xray,,slop
1127.6561,,,s,3.75E-09,5.59E-10,5.59E-10,erg cm-2 s-1,Integrated Flux,,7.25E+16,2.42E+18,Hz,xray,,slop
1128.2357,,,s,3.52E-09,5.35E-10,5.35E-10,erg cm-2 s-1,Integrated Flux,,7.25E+16,2.42E+18,Hz,xray,,slop
1128.9978,,,s,2.61E-09,3.89E-10,3.89E-10,erg cm-2 s-1,Integrated Flux,,7.25E+16,2.42E+18,Hz,xray,,slop
1129.7379,,,s,2.60E-09,3.87E-10,3.87E-10,erg cm-2 s-1,Integrated Flux,,7.25E+16,2.42E+18,Hz,xray,,slop
1130.4129,,,s,3.64E-09,5.43E-10,5.43E-10,erg cm-2 s-1,Integrated Flux,,7.25E+16,2.42E+18,Hz,xray,,slop
1130.9746,,,s,3.69E-09,5.44E-10,5.44E-10,erg cm-2 s-1,Integrated Flux,,7.25E+16,2.42E+18,Hz,xray,,slop
1131.569,,,s,3.20E-09,4.78E-10,4.78E-10,erg cm-2 s-1,Integrated Flux,,7.25E+16,2.42E+18,Hz,xray,,slop
1132.1946,,,s,3.49E-09,5.41E-10,5.41E-10,erg cm-2 s-1,Integrated Flux,,7.25E+16,2.42E+18,Hz,xray,,slop
1132.746,,,s,3.66E-09,5.56E-10,5.56E-10,erg cm-2 s-1,Integrated Flux,,7.25E+16,2.42E+18,Hz,xray,,slop
1133.4177,,,s,2.79E-09,4.16E-10,4.16E-10,erg cm-2 s-1,Integrated Flux,,7.25E+16,2.42E+18,Hz,xray,,slop
1134.023,,,s,3.50E-09,5.22E-10,5.22E-10,erg cm-2 s-1,Integrated Flux,,7.25E+16,2.42E+18,Hz,xray,,slop
1134.6481,,,s,3.36E-09,5.00E-10,5.00E-10,erg cm-2 s-1,Integrated Flux,,7.25E+16,2.42E+18,Hz,xray,,slop
1135.2907,,,s,2.56E-09,3.82E-10,3.82E-10,erg cm-2 s-1,Integrated Flux,,7.25E+16,2.42E+18,Hz,xray,,slop
1136.0586,,,s,3.13E-09,4.75E-10,4.75E-10,erg cm-2 s-1,Integrated Flux,,7.25E+16,2.42E+18,Hz,xray,,slop
1136.7406,,,s,4.23E-09,5.17E-10,5.17E-10,erg cm-2 s-1,Integrated Flux,,7.25E+16,2.42E+18,Hz,xray,,slop
1137.427,,,s,3.19E-09,4.75E-10,4.75E-10,erg cm-2 s-1,Integrated Flux,,7.25E+16,2.42E+18,Hz,xray,,slop
1138.0863,,,s,3.13E-09,4.66E-10,4.66E-10,erg cm-2 s-1,Integrated Flux,,7.25E+16,2.42E+18,Hz,xray,,slop
1138.7151,,,s,3.30E-09,4.92E-10,4.92E-10,erg cm-2 s-1,Integrated Flux,,7.25E+16,2.42E+18,Hz,xray,,slop
1139.5217,,,s,2.07E-09,3.15E-10,3.15E-10,erg cm-2 s-1,Integrated Flux,,7.25E+16,2.42E+18,Hz,xray,,slop
1140.3491,,,s,3.06E-09,4.57E-10,4.57E-10,erg cm-2 s-1,Integrated Flux,,7.25E+16,2.42E+18,Hz,xray,,slop
1141.0177,,,s,2.83E-09,4.30E-10,4.30E-10,erg cm-2 s-1,Integrated Flux,,7.25E+16,2.42E+18,Hz,xray,,slop
1141.7609,,,s,3.21E-09,4.78E-10,4.78E-10,erg cm-2 s-1,Integrated Flux,,7.25E+16,2.42E+18,Hz,xray,,slop
1142.4308,,,s,2.59E-09,3.87E-10,3.87E-10,erg cm-2 s-1,Integrated Flux,,7.25E+16,2.42E+18,Hz,xray,,slop
1143.1735,,,s,2.72E-09,4.13E-10,4.13E-10,erg cm-2 s-1,Integrated Flux,,7.25E+16,2.42E+18,Hz,xray,,slop
1143.8954,,,s,3.10E-09,4.81E-10,4.81E-10,erg cm-2 s-1,Integrated Flux,,7.25E+16,2.42E+18,Hz,xray,,slop
1144.5827,,,s,2.83E-09,4.30E-10,4.30E-10,erg cm-2 s-1,Integrated Flux,,7.25E+16,2.42E+18,Hz,xray,,slop
1145.217,,,s,3.05E-09,4.55E-10,4.55E-10,erg cm-2 s-1,Integrated Flux,,7.25E+16,2.42E+18,Hz,xray,,slop
1146.038,,,s,2.54E-09,3.87E-10,3.87E-10,erg cm-2 s-1,Integrated Flux,,7.25E+16,2.42E+18,Hz,xray,,slop
1146.7247,,,s,3.09E-09,4.61E-10,4.61E-10,erg cm-2 s-1,Integrated Flux,,7.25E+16,2.42E+18,Hz,xray,,slop
1147.4152,,,s,2.56E-09,3.96E-10,3.96E-10,erg cm-2 s-1,Integrated Flux,,7.25E+16,2.42E+18,Hz,xray,,slop
1148.1822,,,s,2.94E-09,4.47E-10,4.47E-10,erg cm-2 s-1,Integrated Flux,,7.25E+16,2.42E+18,Hz,xray,,slop
1148.8369,,,s,3.40E-09,5.17E-10,5.17E-10,erg cm-2 s-1,Integrated Flux,,7.25E+16,2.42E+18,Hz,xray,,slop
1149.4882,,,s,2.42E-09,3.61E-10,3.61E-10,erg cm-2 s-1,Integrated Flux,,7.25E+16,2.42E+18,Hz,xray,,slop
1150.2882,,,s,3.48E-09,5.18E-10,5.18E-10,erg cm-2 s-1,Integrated Flux,,7.25E+16,2.42E+18,Hz,xray,,slop
1150.9572,,,s,2.42E-09,3.82E-10,3.82E-10,erg cm-2 s-1,Integrated Flux,,7.25E+16,2.42E+18,Hz,xray,,slop
1151.6832,,,s,3.41E-09,5.09E-10,5.09E-10,erg cm-2 s-1,Integrated Flux,,7.25E+16,2.42E+18,Hz,xray,,slop
1152.3606,,,s,2.87E-09,4.28E-10,4.28E-10,erg cm-2 s-1,Integrated Flux,,7.25E+16,2.42E+18,Hz,xray,,slop
1153.0213,,,s,2.86E-09,4.35E-10,4.35E-10,erg cm-2 s-1,Integrated Flux,,7.25E+16,2.42E+18,Hz,xray,,slop
1153.7049,,,s,3.20E-09,4.77E-10,4.77E-10,erg cm-2 s-1,Integrated Flux,,7.25E+16,2.42E+18,Hz,xray,,slop
1154.3585,,,s,2.84E-09,4.23E-10,4.23E-10,erg cm-2 s-1,Integrated Flux,,7.25E+16,2.42E+18,Hz,xray,,slop
1155.1124,,,s,2.72E-09,4.14E-10,4.14E-10,erg cm-2 s-1,Integrated Flux,,7.25E+16,2.42E+18,Hz,xray,,slop
1155.8351,,,s,3.02E-09,4.50E-10,4.50E-10,erg cm-2 s-1,Integrated Flux,,7.25E+16,2.42E+18,Hz,xray,,slop
1156.5709,,,s,2.59E-09,3.87E-10,3.87E-10,erg cm-2 s-1,Integrated Flux,,7.25E+16,2.42E+18,Hz,xray,,slop
1157.2267,,,s,4.04E-09,6.02E-10,6.02E-10,erg cm-2 s-1,Integrated Flux,,7.25E+16,2.42E+18,Hz,xray,,slop
1157.8585,,,s,2.50E-09,3.73E-10,3.73E-10,erg cm-2 s-1,Integrated Flux,,7.25E+16,2.42E+18,Hz,xray,,slop
1158.577,,,s,3.82E-09,5.70E-10,5.70E-10,erg cm-2 s-1,Integrated Flux,,7.25E+16,2.42E+18,Hz,xray,,slop
1159.2688,,,s,2.52E-09,3.76E-10,3.76E-10,erg cm-2 s-1,Integrated Flux,,7.25E+16,2.42E+18,Hz,xray,,slop
1159.9905,,,s,2.63E-09,4.07E-10,4.07E-10,erg cm-2 s-1,Integrated Flux,,7.25E+16,2.42E+18,Hz,xray,,slop
1160.8356,,,s,2.62E-09,3.97E-10,3.97E-10,erg cm-2 s-1,Integrated Flux,,7.25E+16,2.42E+18,Hz,xray,,slop
1161.6508,,,s,2.22E-09,3.28E-10,3.28E-10,erg cm-2 s-1,Integrated Flux,,7.25E+16,2.42E+18,Hz,xray,,slop
1162.559,,,s,2.80E-09,4.18E-10,4.18E-10,erg cm-2 s-1,Integrated Flux,,7.25E+16,2.42E+18,Hz,xray,,slop
1163.2394,,,s,3.09E-09,4.70E-10,4.70E-10,erg cm-2 s-1,Integrated Flux,,7.25E+16,2.42E+18,Hz,xray,,slop
1163.8854,,,s,3.00E-09,4.64E-10,4.64E-10,erg cm-2 s-1,Integrated Flux,,7.25E+16,2.42E+18,Hz,xray,,slop
1164.4669,,,s,3.42E-09,5.11E-10,5.11E-10,erg cm-2 s-1,Integrated Flux,,7.25E+16,2.42E+18,Hz,xray,,slop
1165.168,,,s,2.62E-09,3.91E-10,3.91E-10,erg cm-2 s-1,Integrated Flux,,7.25E+16,2.42E+18,Hz,xray,,slop
1165.9877,,,s,2.78E-09,4.14E-10,4.14E-10,erg cm-2 s-1,Integrated Flux,,7.25E+16,2.42E+18,Hz,xray,,slop
1166.5718,,,s,3.24E-09,4.83E-10,4.83E-10,erg cm-2 s-1,Integrated Flux,,7.25E+16,2.42E+18,Hz,xray,,slop
1167.2424,,,s,3.71E-09,5.64E-10,5.64E-10,erg cm-2 s-1,Integrated Flux,,7.25E+16,2.42E+18,Hz,xray,,slop
1167.7794,,,s,3.28E-09,4.88E-10,4.88E-10,erg cm-2 s-1,Integrated Flux,,7.25E+16,2.42E+18,Hz,xray,,slop
1168.5121,,,s,2.81E-09,4.36E-10,4.36E-10,erg cm-2 s-1,Integrated Flux,,7.25E+16,2.42E+18,Hz,xray,,slop
1169.1585,,,s,4.18E-09,5.10E-10,5.10E-10,erg cm-2 s-1,Integrated Flux,,7.25E+16,2.42E+18,Hz,xray,,slop
1169.8002,,,s,3.38E-09,5.14E-10,5.14E-10,erg cm-2 s-1,Integrated Flux,,7.25E+16,2.42E+18,Hz,xray,,slop
1170.4927,,,s,3.03E-09,4.51E-10,4.51E-10,erg cm-2 s-1,Integrated Flux,,7.25E+16,2.42E+18,Hz,xray,,slop
1171.1614,,,s,3.20E-09,4.86E-10,4.86E-10,erg cm-2 s-1,Integrated Flux,,7.25E+16,2.42E+18,Hz,xray,,slop
1171.8166,,,s,3.06E-09,4.56E-10,4.56E-10,erg cm-2 s-1,Integrated Flux,,7.25E+16,2.42E+18,Hz,xray,,slop
1172.5057,,,s,3.07E-09,4.57E-10,4.57E-10,erg cm-2 s-1,Integrated Flux,,7.25E+16,2.42E+18,Hz,xray,,slop
1173.129,,,s,3.06E-09,4.56E-10,4.56E-10,erg cm-2 s-1,Integrated Flux,,7.25E+16,2.42E+18,Hz,xray,,slop
1173.8456,,,s,3.11E-09,4.72E-10,4.72E-10,erg cm-2 s-1,Integrated Flux,,7.25E+16,2.42E+18,Hz,xray,,slop
1174.5721,,,s,2.34E-09,3.49E-10,3.49E-10,erg cm-2 s-1,Integrated Flux,,7.25E+16,2.42E+18,Hz,xray,,slop
1175.3336,,,s,3.59E-09,5.36E-10,5.36E-10,erg cm-2 s-1,Integrated Flux,,7.25E+16,2.42E+18,Hz,xray,,slop
1175.9371,,,s,2.86E-09,4.38E-10,4.38E-10,erg cm-2 s-1,Integrated Flux,,7.25E+16,2.42E+18,Hz,xray,,slop
1176.605,,,s,3.17E-09,4.73E-10,4.73E-10,erg cm-2 s-1,Integrated Flux,,7.25E+16,2.42E+18,Hz,xray,,slop
1177.489,,,s,1.93E-09,2.93E-10,2.93E-10,erg cm-2 s-1,Integrated Flux,,7.25E+16,2.42E+18,Hz,xray,,slop
1178.3542,,,s,2.80E-09,4.17E-10,4.17E-10,erg cm-2 s-1,Integrated Flux,,7.25E+16,2.42E+18,Hz,xray,,slop
1179.1786,,,s,2.36E-09,3.59E-10,3.59E-10,erg cm-2 s-1,Integrated Flux,,7.25E+16,2.42E+18,Hz,xray,,slop
1179.9345,,,s,3.07E-09,4.76E-10,4.76E-10,erg cm-2 s-1,Integrated Flux,,7.25E+16,2.42E+18,Hz,xray,,slop
1180.6234,,,s,2.47E-09,3.76E-10,3.76E-10,erg cm-2 s-1,Integrated Flux,,7.25E+16,2.42E+18,Hz,xray,,slop
1181.3763,,,s,3.24E-09,4.83E-10,4.83E-10,erg cm-2 s-1,Integrated Flux,,7.25E+16,2.42E+18,Hz,xray,,slop
1182.0763,,,s,2.79E-09,4.33E-10,4.33E-10,erg cm-2 s-1,Integrated Flux,,7.25E+16,2.42E+18,Hz,xray,,slop
1182.7594,,,s,2.73E-09,4.15E-10,4.15E-10,erg cm-2 s-1,Integrated Flux,,7.25E+16,2.42E+18,Hz,xray,,slop
1183.3862,,,s,3.72E-09,5.65E-10,5.65E-10,erg cm-2 s-1,Integrated Flux,,7.25E+16,2.42E+18,Hz,xray,,slop
1184.0647,,,s,2.79E-09,4.23E-10,4.23E-10,erg cm-2 s-1,Integrated Flux,,7.25E+16,2.42E+18,Hz,xray,,slop
1184.7936,,,s,2.68E-09,4.07E-10,4.07E-10,erg cm-2 s-1,Integrated Flux,,7.25E+16,2.42E+18,Hz,xray,,slop
1185.4453,,,s,3.78E-09,5.74E-10,5.74E-10,erg cm-2 s-1,Integrated Flux,,7.25E+16,2.42E+18,Hz,xray,,slop
1186.0486,,,s,3.03E-09,4.52E-10,4.52E-10,erg cm-2 s-1,Integrated Flux,,7.25E+16,2.42E+18,Hz,xray,,slop
1186.6701,,,s,3.97E-09,5.22E-10,5.22E-10,erg cm-2 s-1,Integrated Flux,,7.25E+16,2.42E+18,Hz,xray,,slop
1187.3992,,,s,2.40E-09,3.57E-10,3.57E-10,erg cm-2 s-1,Integrated Flux,,7.25E+16,2.42E+18,Hz,xray,,slop
1188.2416,,,s,2.91E-09,4.34E-10,4.34E-10,erg cm-2 s-1,Integrated Flux,,7.25E+16,2.42E+18,Hz,xray,,slop
1188.9104,,,s,3.53E-09,5.26E-10,5.26E-10,erg cm-2 s-1,Integrated Flux,,7.25E+16,2.42E+18,Hz,xray,,slop
1189.5817,,,s,2.58E-09,3.85E-10,3.85E-10,erg cm-2 s-1,Integrated Flux,,7.25E+16,2.42E+18,Hz,xray,,slop
1190.3549,,,s,2.64E-09,4.01E-10,4.01E-10,erg cm-2 s-1,Integrated Flux,,7.25E+16,2.42E+18,Hz,xray,,slop
1191.0945,,,s,2.91E-09,4.34E-10,4.34E-10,erg cm-2 s-1,Integrated Flux,,7.25E+16,2.42E+18,Hz,xray,,slop
1191.7442,,,s,3.07E-09,4.57E-10,4.57E-10,erg cm-2 s-1,Integrated Flux,,7.25E+16,2.42E+18,Hz,xray,,slop
1192.4309,,,s,2.93E-09,4.37E-10,4.37E-10,erg cm-2 s-1,Integrated Flux,,7.25E+16,2.42E+18,Hz,xray,,slop
1193.0395,,,s,4.03E-09,6.01E-10,6.01E-10,erg cm-2 s-1,Integrated Flux,,7.25E+16,2.42E+18,Hz,xray,,slop
1193.7307,,,s,2.40E-09,3.72E-10,3.72E-10,erg cm-2 s-1,Integrated Flux,,7.25E+16,2.42E+18,Hz,xray,,slop
1194.4182,,,s,3.80E-09,5.67E-10,5.67E-10,erg cm-2 s-1,Integrated Flux,,7.25E+16,2.42E+18,Hz,xray,,slop
1195.0681,,,s,2.30E-09,3.43E-10,3.43E-10,erg cm-2 s-1,Integrated Flux,,7.25E+16,2.42E+18,Hz,xray,,slop
1196.0922,,,s,2.09E-09,3.12E-10,3.12E-10,erg cm-2 s-1,Integrated Flux,,7.25E+16,2.42E+18,Hz,xray,,slop
1196.8552,,,s,3.75E-09,5.70E-10,5.70E-10,erg cm-2 s-1,Integrated Flux,,7.25E+16,2.42E+18,Hz,xray,,slop
1197.4966,,,s,2.63E-09,4.00E-10,4.00E-10,erg cm-2 s-1,Integrated Flux,,7.25E+16,2.42E+18,Hz,xray,,slop
1198.1955,,,s,2.88E-09,4.30E-10,4.30E-10,erg cm-2 s-1,Integrated Flux,,7.25E+16,2.42E+18,Hz,xray,,slop
1198.9074,,,s,2.90E-09,4.41E-10,4.41E-10,erg cm-2 s-1,Integrated Flux,,7.25E+16,2.42E+18,Hz,xray,,slop
1199.7103,,,s,2.34E-09,3.56E-10,3.56E-10,erg cm-2 s-1,Integrated Flux,,7.25E+16,2.42E+18,Hz,xray,,slop
1200.5925,,,s,2.33E-09,3.47E-10,3.47E-10,erg cm-2 s-1,Integrated Flux,,7.25E+16,2.42E+18,Hz,xray,,slop
1201.3018,,,s,3.20E-09,4.87E-10,4.87E-10,erg cm-2 s-1,Integrated Flux,,7.25E+16,2.42E+18,Hz,xray,,slop
1201.9508,,,s,3.14E-09,4.77E-10,4.77E-10,erg cm-2 s-1,Integrated Flux,,7.25E+16,2.42E+18,Hz,xray,,slop
1202.6402,,,s,3.15E-09,4.70E-10,4.70E-10,erg cm-2 s-1,Integrated Flux,,7.25E+16,2.42E+18,Hz,xray,,slop
1203.3278,,,s,2.95E-09,4.49E-10,4.49E-10,erg cm-2 s-1,Integrated Flux,,7.25E+16,2.42E+18,Hz,xray,,slop
1204.0397,,,s,2.76E-09,4.11E-10,4.11E-10,erg cm-2 s-1,Integrated Flux,,7.25E+16,2.42E+18,Hz,xray,,slop
1204.6912,,,s,3.09E-09,4.55E-10,4.55E-10,erg cm-2 s-1,Integrated Flux,,7.25E+16,2.42E+18,Hz,xray,,slop
1205.3903,,,s,3.08E-09,4.68E-10,4.68E-10,erg cm-2 s-1,Integrated Flux,,7.25E+16,2.42E+18,Hz,xray,,slop
1206.0211,,,s,3.20E-09,4.78E-10,4.78E-10,erg cm-2 s-1,Integrated Flux,,7.25E+16,2.42E+18,Hz,xray,,slop
1206.6588,,,s,3.30E-09,4.91E-10,4.91E-10,erg cm-2 s-1,Integrated Flux,,7.25E+16,2.42E+18,Hz,xray,,slop
1207.3108,,,s,3.03E-09,4.51E-10,4.51E-10,erg cm-2 s-1,Integrated Flux,,7.25E+16,2.42E+18,Hz,xray,,slop
1207.9461,,,s,2.83E-09,4.29E-10,4.29E-10,erg cm-2 s-1,Integrated Flux,,7.25E+16,2.42E+18,Hz,xray,,slop
1208.7444,,,s,2.32E-09,3.53E-10,3.53E-10,erg cm-2 s-1,Integrated Flux,,7.25E+16,2.42E+18,Hz,xray,,slop
1209.5825,,,s,2.89E-09,4.39E-10,4.39E-10,erg cm-2 s-1,Integrated Flux,,7.25E+16,2.42E+18,Hz,xray,,slop
1210.2098,,,s,3.38E-09,5.14E-10,5.14E-10,erg cm-2 s-1,Integrated Flux,,7.25E+16,2.42E+18,Hz,xray,,slop
1210.9129,,,s,2.82E-09,4.21E-10,4.21E-10,erg cm-2 s-1,Integrated Flux,,7.25E+16,2.42E+18,Hz,xray,,slop
1211.6458,,,s,2.57E-09,3.99E-10,3.99E-10,erg cm-2 s-1,Integrated Flux,,7.25E+16,2.42E+18,Hz,xray,,slop
1212.388,,,s,3.18E-09,4.73E-10,4.73E-10,erg cm-2 s-1,Integrated Flux,,7.25E+16,2.42E+18,Hz,xray,,slop
1212.9729,,,s,3.24E-09,4.92E-10,4.92E-10,erg cm-2 s-1,Integrated Flux,,7.25E+16,2.42E+18,Hz,xray,,slop
1213.6385,,,s,3.16E-09,4.71E-10,4.71E-10,erg cm-2 s-1,Integrated Flux,,7.25E+16,2.42E+18,Hz,xray,,slop
1214.3685,,,s,2.68E-09,4.00E-10,4.00E-10,erg cm-2 s-1,Integrated Flux,,7.25E+16,2.42E+18,Hz,xray,,slop
1215.0999,,,s,2.89E-09,4.31E-10,4.31E-10,erg cm-2 s-1,Integrated Flux,,7.25E+16,2.42E+18,Hz,xray,,slop
1215.7144,,,s,3.05E-09,4.64E-10,4.64E-10,erg cm-2 s-1,Integrated Flux,,7.25E+16,2.42E+18,Hz,xray,,slop
1216.414,,,s,2.82E-09,4.21E-10,4.21E-10,erg cm-2 s-1,Integrated Flux,,7.25E+16,2.42E+18,Hz,xray,,slop
1217.3266,,,s,2.08E-09,3.16E-10,3.16E-10,erg cm-2 s-1,Integrated Flux,,7.25E+16,2.42E+18,Hz,xray,,slop
1218.2137,,,s,2.70E-09,4.03E-10,4.03E-10,erg cm-2 s-1,Integrated Flux,,7.25E+16,2.42E+18,Hz,xray,,slop
1218.9419,,,s,2.81E-09,4.19E-10,4.19E-10,erg cm-2 s-1,Integrated Flux,,7.25E+16,2.42E+18,Hz,xray,,slop
1219.6507,,,s,2.73E-09,4.14E-10,4.14E-10,erg cm-2 s-1,Integrated Flux,,7.25E+16,2.42E+18,Hz,xray,,slop
1220.4103,,,s,2.35E-09,3.57E-10,3.57E-10,erg cm-2 s-1,Integrated Flux,,7.25E+16,2.42E+18,Hz,xray,,slop
1221.1902,,,s,3.15E-09,4.79E-10,4.79E-10,erg cm-2 s-1,Integrated Flux,,7.25E+16,2.42E+18,Hz,xray,,slop
1221.7667,,,s,3.97E-09,5.73E-10,5.73E-10,erg cm-2 s-1,Integrated Flux,,7.25E+16,2.42E+18,Hz,xray,,slop
1222.3103,,,s,3.55E-09,5.40E-10,5.40E-10,erg cm-2 s-1,Integrated Flux,,7.25E+16,2.42E+18,Hz,xray,,slop
1223.0209,,,s,2.99E-09,4.54E-10,4.54E-10,erg cm-2 s-1,Integrated Flux,,7.25E+16,2.42E+18,Hz,xray,,slop
1223.7591,,,s,2.35E-09,3.50E-10,3.50E-10,erg cm-2 s-1,Integrated Flux,,7.25E+16,2.42E+18,Hz,xray,,slop
1224.655,,,s,2.19E-09,3.27E-10,3.27E-10,erg cm-2 s-1,Integrated Flux,,7.25E+16,2.42E+18,Hz,xray,,slop
1225.5619,,,s,2.47E-09,3.68E-10,3.68E-10,erg cm-2 s-1,Integrated Flux,,7.25E+16,2.42E+18,Hz,xray,,slop
1226.3588,,,s,2.79E-09,4.24E-10,4.24E-10,erg cm-2 s-1,Integrated Flux,,7.25E+16,2.42E+18,Hz,xray,,slop
1227.0506,,,s,2.95E-09,4.48E-10,4.48E-10,erg cm-2 s-1,Integrated Flux,,7.25E+16,2.42E+18,Hz,xray,,slop
1227.6691,,,s,3.33E-09,4.96E-10,4.96E-10,erg cm-2 s-1,Integrated Flux,,7.25E+16,2.42E+18,Hz,xray,,slop
1228.291,,,s,3.41E-09,5.09E-10,5.09E-10,erg cm-2 s-1,Integrated Flux,,7.25E+16,2.42E+18,Hz,xray,,slop
1228.8951,,,s,3.89E-09,5.50E-10,5.50E-10,erg cm-2 s-1,Integrated Flux,,7.25E+16,2.42E+18,Hz,xray,,slop
1229.4905,,,s,3.02E-09,4.59E-10,4.59E-10,erg cm-2 s-1,Integrated Flux,,7.25E+16,2.42E+18,Hz,xray,,slop
1230.3232,,,s,2.42E-09,3.57E-10,3.57E-10,erg cm-2 s-1,Integrated Flux,,7.25E+16,2.42E+18,Hz,xray,,slop
1231.1187,,,s,2.76E-09,4.12E-10,4.12E-10,erg cm-2 s-1,Integrated Flux,,7.25E+16,2.42E+18,Hz,xray,,slop
1231.8857,,,s,2.56E-09,4.04E-10,4.04E-10,erg cm-2 s-1,Integrated Flux,,7.25E+16,2.42E+18,Hz,xray,,slop
1232.621,,,s,2.73E-09,4.10E-10,4.10E-10,erg cm-2 s-1,Integrated Flux,,7.25E+16,2.42E+18,Hz,xray,,slop
1233.482,,,s,2.11E-09,3.21E-10,3.21E-10,erg cm-2 s-1,Integrated Flux,,7.25E+16,2.42E+18,Hz,xray,,slop
1234.422,,,s,2.39E-09,3.56E-10,3.56E-10,erg cm-2 s-1,Integrated Flux,,7.25E+16,2.42E+18,Hz,xray,,slop
1235.1529,,,s,2.71E-09,4.19E-10,4.19E-10,erg cm-2 s-1,Integrated Flux,,7.25E+16,2.42E+18,Hz,xray,,slop
1235.9432,,,s,2.73E-09,4.07E-10,4.07E-10,erg cm-2 s-1,Integrated Flux,,7.25E+16,2.42E+18,Hz,xray,,slop
1236.7142,,,s,2.67E-09,3.97E-10,3.97E-10,erg cm-2 s-1,Integrated Flux,,7.25E+16,2.42E+18,Hz,xray,,slop
1237.5176,,,s,2.52E-09,3.76E-10,3.76E-10,erg cm-2 s-1,Integrated Flux,,7.25E+16,2.42E+18,Hz,xray,,slop
1238.1433,,,s,3.40E-09,5.08E-10,5.08E-10,erg cm-2 s-1,Integrated Flux,,7.25E+16,2.42E+18,Hz,xray,,slop
1238.9357,,,s,2.73E-09,4.16E-10,4.16E-10,erg cm-2 s-1,Integrated Flux,,7.25E+16,2.42E+18,Hz,xray,,slop
1239.6009,,,s,2.67E-09,4.14E-10,4.14E-10,erg cm-2 s-1,Integrated Flux,,7.25E+16,2.42E+18,Hz,xray,,slop
1240.3308,,,s,2.70E-09,4.03E-10,4.03E-10,erg cm-2 s-1,Integrated Flux,,7.25E+16,2.42E+18,Hz,xray,,slop
1241.313,,,s,1.91E-09,2.85E-10,2.85E-10,erg cm-2 s-1,Integrated Flux,,7.25E+16,2.42E+18,Hz,xray,,slop
1242.2318,,,s,2.23E-09,3.46E-10,3.46E-10,erg cm-2 s-1,Integrated Flux,,7.25E+16,2.42E+18,Hz,xray,,slop
1243.1462,,,s,2.14E-09,3.19E-10,3.19E-10,erg cm-2 s-1,Integrated Flux,,7.25E+16,2.42E+18,Hz,xray,,slop
1243.9464,,,s,2.91E-09,4.43E-10,4.43E-10,erg cm-2 s-1,Integrated Flux,,7.25E+16,2.42E+18,Hz,xray,,slop
1244.7778,,,s,2.68E-09,4.00E-10,4.00E-10,erg cm-2 s-1,Integrated Flux,,7.25E+16,2.42E+18,Hz,xray,,slop
1245.4527,,,s,2.66E-09,3.97E-10,3.97E-10,erg cm-2 s-1,Integrated Flux,,7.25E+16,2.42E+18,Hz,xray,,slop
1246.3798,,,s,2.37E-09,3.60E-10,3.60E-10,erg cm-2 s-1,Integrated Flux,,7.25E+16,2.42E+18,Hz,xray,,slop
1247.1151,,,s,2.68E-09,4.00E-10,4.00E-10,erg cm-2 s-1,Integrated Flux,,7.25E+16,2.42E+18,Hz,xray,,slop
1247.934,,,s,2.66E-09,4.04E-10,4.04E-10,erg cm-2 s-1,Integrated Flux,,7.25E+16,2.42E+18,Hz,xray,,slop
1248.6849,,,s,2.43E-09,3.63E-10,3.63E-10,erg cm-2 s-1,Integrated Flux,,7.25E+16,2.42E+18,Hz,xray,,slop
1249.388,,,s,3.56E-09,5.41E-10,5.41E-10,erg cm-2 s-1,Integrated Flux,,7.25E+16,2.42E+18,Hz,xray,,slop
1250.1677,,,s,2.12E-09,3.21E-10,3.21E-10,erg cm-2 s-1,Integrated Flux,,7.25E+16,2.42E+18,Hz,xray,,slop
1251.0807,,,s,2.17E-09,3.24E-10,3.24E-10,erg cm-2 s-1,Integrated Flux,,7.25E+16,2.42E+18,Hz,xray,,slop
1251.9892,,,s,2.38E-09,3.55E-10,3.55E-10,erg cm-2 s-1,Integrated Flux,,7.25E+16,2.42E+18,Hz,xray,,slop
1252.8374,,,s,2.09E-09,3.17E-10,3.17E-10,erg cm-2 s-1,Integrated Flux,,7.25E+16,2.42E+18,Hz,xray,,slop
1253.8555,,,s,2.35E-09,3.50E-10,3.50E-10,erg cm-2 s-1,Integrated Flux,,7.25E+16,2.42E+18,Hz,xray,,slop
1254.6344,,,s,2.74E-09,4.09E-10,4.09E-10,erg cm-2 s-1,Integrated Flux,,7.25E+16,2.42E+18,Hz,xray,,slop
1255.455,,,s,2.53E-09,3.77E-10,3.77E-10,erg cm-2 s-1,Integrated Flux,,7.25E+16,2.42E+18,Hz,xray,,slop
1256.2164,,,s,2.55E-09,3.81E-10,3.81E-10,erg cm-2 s-1,Integrated Flux,,7.25E+16,2.42E+18,Hz,xray,,slop
1256.9651,,,s,2.43E-09,3.62E-10,3.62E-10,erg cm-2 s-1,Integrated Flux,,7.25E+16,2.42E+18,Hz,xray,,slop
1257.9318,,,s,2.21E-09,3.43E-10,3.43E-10,erg cm-2 s-1,Integrated Flux,,7.25E+16,2.42E+18,Hz,xray,,slop
1258.8603,,,s,2.13E-09,3.14E-10,3.14E-10,erg cm-2 s-1,Integrated Flux,,7.25E+16,2.42E+18,Hz,xray,,slop
1259.6993,,,s,2.65E-09,3.95E-10,3.95E-10,erg cm-2 s-1,Integrated Flux,,7.25E+16,2.42E+18,Hz,xray,,slop
1260.3497,,,s,3.84E-09,5.73E-10,5.73E-10,erg cm-2 s-1,Integrated Flux,,7.25E+16,2.42E+18,Hz,xray,,slop
1261.17,,,s,1.96E-09,2.92E-10,2.92E-10,erg cm-2 s-1,Integrated Flux,,7.25E+16,2.42E+18,Hz,xray,,slop
1262.0847,,,s,2.48E-09,3.77E-10,3.77E-10,erg cm-2 s-1,Integrated Flux,,7.25E+16,2.42E+18,Hz,xray,,slop
1263.021,,,s,2.13E-09,3.24E-10,3.24E-10,erg cm-2 s-1,Integrated Flux,,7.25E+16,2.42E+18,Hz,xray,,slop
1263.896,,,s,2.57E-09,3.84E-10,3.84E-10,erg cm-2 s-1,Integrated Flux,,7.25E+16,2.42E+18,Hz,xray,,slop
1264.5401,,,s,3.79E-09,5.66E-10,5.66E-10,erg cm-2 s-1,Integrated Flux,,7.25E+16,2.42E+18,Hz,xray,,slop
1265.2552,,,s,2.47E-09,3.68E-10,3.68E-10,erg cm-2 s-1,Integrated Flux,,7.25E+16,2.42E+18,Hz,xray,,slop
1266.1178,,,s,2.57E-09,3.83E-10,3.83E-10,erg cm-2 s-1,Integrated Flux,,7.25E+16,2.42E+18,Hz,xray,,slop
1266.825,,,s,2.96E-09,4.42E-10,4.42E-10,erg cm-2 s-1,Integrated Flux,,7.25E+16,2.42E+18,Hz,xray,,slop
1267.6072,,,s,2.13E-09,3.24E-10,3.24E-10,erg cm-2 s-1,Integrated Flux,,7.25E+16,2.42E+18,Hz,xray,,slop
1268.5119,,,s,2.30E-09,3.43E-10,3.43E-10,erg cm-2 s-1,Integrated Flux,,7.25E+16,2.42E+18,Hz,xray,,slop
1269.3498,,,s,2.62E-09,3.98E-10,3.98E-10,erg cm-2 s-1,Integrated Flux,,7.25E+16,2.42E+18,Hz,xray,,slop
1270.152,,,s,2.49E-09,3.71E-10,3.71E-10,erg cm-2 s-1,Integrated Flux,,7.25E+16,2.42E+18,Hz,xray,,slop
1270.8782,,,s,3.58E-09,5.34E-10,5.34E-10,erg cm-2 s-1,Integrated Flux,,7.25E+16,2.42E+18,Hz,xray,,slop
1271.461,,,s,3.10E-09,4.62E-10,4.62E-10,erg cm-2 s-1,Integrated Flux,,7.25E+16,2.42E+18,Hz,xray,,slop
1272.2629,,,s,2.58E-09,3.92E-10,3.92E-10,erg cm-2 s-1,Integrated Flux,,7.25E+16,2.42E+18,Hz,xray,,slop
1272.8652,,,s,3.82E-09,5.70E-10,5.70E-10,erg cm-2 s-1,Integrated Flux,,7.25E+16,2.42E+18,Hz,xray,,slop
1273.653,,,s,1.91E-09,2.90E-10,2.90E-10,erg cm-2 s-1,Integrated Flux,,7.25E+16,2.42E+18,Hz,xray,,slop
1274.6782,,,s,2.13E-09,3.18E-10,3.18E-10,erg cm-2 s-1,Integrated Flux,,7.25E+16,2.42E+18,Hz,xray,,slop
1275.4969,,,s,2.64E-09,3.90E-10,3.90E-10,erg cm-2 s-1,Integrated Flux,,7.25E+16,2.42E+18,Hz,xray,,slop
1276.3382,,,s,2.76E-09,4.11E-10,4.11E-10,erg cm-2 s-1,Integrated Flux,,7.25E+16,2.42E+18,Hz,xray,,slop
1277.017,,,s,2.86E-09,4.27E-10,4.27E-10,erg cm-2 s-1,Integrated Flux,,7.25E+16,2.42E+18,Hz,xray,,slop
1277.7531,,,s,2.56E-09,3.81E-10,3.81E-10,erg cm-2 s-1,Integrated Flux,,7.25E+16,2.42E+18,Hz,xray,,slop
1278.474,,,s,3.34E-09,4.99E-10,4.99E-10,erg cm-2 s-1,Integrated Flux,,7.25E+16,2.42E+18,Hz,xray,,slop
1279.37,,,s,1.94E-09,2.95E-10,2.95E-10,erg cm-2 s-1,Integrated Flux,,7.25E+16,2.42E+18,Hz,xray,,slop
1280.1957,,,s,3.39E-09,5.06E-10,5.06E-10,erg cm-2 s-1,Integrated Flux,,7.25E+16,2.42E+18,Hz,xray,,slop
1280.8738,,,s,2.28E-09,3.53E-10,3.53E-10,erg cm-2 s-1,Integrated Flux,,7.25E+16,2.42E+18,Hz,xray,,slop
1281.6809,,,s,2.82E-09,4.21E-10,4.21E-10,erg cm-2 s-1,Integrated Flux,,7.25E+16,2.42E+18,Hz,xray,,slop
1282.4708,,,s,2.88E-09,4.30E-10,4.30E-10,erg cm-2 s-1,Integrated Flux,,7.25E+16,2.42E+18,Hz,xray,,slop
1283.189,,,s,2.93E-09,4.38E-10,4.38E-10,erg cm-2 s-1,Integrated Flux,,7.25E+16,2.42E+18,Hz,xray,,slop
1283.8719,,,s,2.81E-09,4.19E-10,4.19E-10,erg cm-2 s-1,Integrated Flux,,7.25E+16,2.42E+18,Hz,xray,,slop
1284.6184,,,s,2.54E-09,3.86E-10,3.86E-10,erg cm-2 s-1,Integrated Flux,,7.25E+16,2.42E+18,Hz,xray,,slop
1285.4787,,,s,2.14E-09,3.18E-10,3.18E-10,erg cm-2 s-1,Integrated Flux,,7.25E+16,2.42E+18,Hz,xray,,slop
1286.3325,,,s,3.01E-09,4.57E-10,4.57E-10,erg cm-2 s-1,Integrated Flux,,7.25E+16,2.42E+18,Hz,xray,,slop
1287.0481,,,s,2.64E-09,3.94E-10,3.94E-10,erg cm-2 s-1,Integrated Flux,,7.25E+16,2.42E+18,Hz,xray,,slop
1287.8433,,,s,2.44E-09,3.64E-10,3.64E-10,erg cm-2 s-1,Integrated Flux,,7.25E+16,2.42E+18,Hz,xray,,slop
1288.5709,,,s,2.91E-09,4.42E-10,4.42E-10,erg cm-2 s-1,Integrated Flux,,7.25E+16,2.42E+18,Hz,xray,,slop
1289.3814,,,s,2.33E-09,3.47E-10,3.47E-10,erg cm-2 s-1,Integrated Flux,,7.25E+16,2.42E+18,Hz,xray,,slop
1290.356,,,s,2.12E-09,3.22E-10,3.22E-10,erg cm-2 s-1,Integrated Flux,,7.25E+16,2.42E+18,Hz,xray,,slop
1291.2664,,,s,2.28E-09,3.40E-10,3.40E-10,erg cm-2 s-1,Integrated Flux,,7.25E+16,2.42E+18,Hz,xray,,slop
1292.0101,,,s,2.77E-09,4.13E-10,4.13E-10,erg cm-2 s-1,Integrated Flux,,7.25E+16,2.42E+18,Hz,xray,,slop
1292.7369,,,s,3.27E-09,4.87E-10,4.87E-10,erg cm-2 s-1,Integrated Flux,,7.25E+16,2.42E+18,Hz,xray,,slop
1293.4219,,,s,2.31E-09,3.65E-10,3.65E-10,erg cm-2 s-1,Integrated Flux,,7.25E+16,2.42E+18,Hz,xray,,slop
1294.3219,,,s,2.24E-09,3.41E-10,3.41E-10,erg cm-2 s-1,Integrated Flux,,7.25E+16,2.42E+18,Hz,xray,,slop
1295.141,,,s,3.25E-09,4.94E-10,4.94E-10,erg cm-2 s-1,Integrated Flux,,7.25E+16,2.42E+18,Hz,xray,,slop
1295.8071,,,s,2.39E-09,3.63E-10,3.63E-10,erg cm-2 s-1,Integrated Flux,,7.25E+16,2.42E+18,Hz,xray,,slop
1296.6718,,,s,2.59E-09,3.86E-10,3.86E-10,erg cm-2 s-1,Integrated Flux,,7.25E+16,2.42E+18,Hz,xray,,slop
1297.5193,,,s,2.32E-09,3.45E-10,3.45E-10,erg cm-2 s-1,Integrated Flux,,7.25E+16,2.42E+18,Hz,xray,,slop
1298.2509,,,s,2.95E-09,4.49E-10,4.49E-10,erg cm-2 s-1,Integrated Flux,,7.25E+16,2.42E+18,Hz,xray,,slop
1299.1354,,,s,2.13E-09,3.17E-10,3.17E-10,erg cm-2 s-1,Integrated Flux,,7.25E+16,2.42E+18,Hz,xray,,slop
1300.0861,,,s,2.56E-09,3.81E-10,3.81E-10,erg cm-2 s-1,Integrated Flux,,7.25E+16,2.42E+18,Hz,xray,,slop
1300.967,,,s,1.88E-09,2.81E-10,2.81E-10,erg cm-2 s-1,Integrated Flux,,7.25E+16,2.42E+18,Hz,xray,,slop
1301.8826,,,s,2.61E-09,3.97E-10,3.97E-10,erg cm-2 s-1,Integrated Flux,,7.25E+16,2.42E+18,Hz,xray,,slop
1302.6326,,,s,2.43E-09,3.70E-10,3.70E-10,erg cm-2 s-1,Integrated Flux,,7.25E+16,2.42E+18,Hz,xray,,slop
1303.6152,,,s,2.26E-09,3.37E-10,3.37E-10,erg cm-2 s-1,Integrated Flux,,7.25E+16,2.42E+18,Hz,xray,,slop
1304.3123,,,s,3.00E-09,4.48E-10,4.48E-10,erg cm-2 s-1,Integrated Flux,,7.25E+16,2.42E+18,Hz,xray,,slop
1305.1543,,,s,2.07E-09,3.15E-10,3.15E-10,erg cm-2 s-1,Integrated Flux,,7.25E+16,2.42E+18,Hz,xray,,slop
1306.218,,,s,2.00E-09,2.98E-10,2.98E-10,erg cm-2 s-1,Integrated Flux,,7.25E+16,2.42E+18,Hz,xray,,slop
1307.034,,,s,2.93E-09,4.36E-10,4.36E-10,erg cm-2 s-1,Integrated Flux,,7.25E+16,2.42E+18,Hz,xray,,slop
1307.7742,,,s,2.73E-09,4.14E-10,4.14E-10,erg cm-2 s-1,Integrated Flux,,7.25E+16,2.42E+18,Hz,xray,,slop
1308.4875,,,s,2.71E-09,4.11E-10,4.11E-10,erg cm-2 s-1,Integrated Flux,,7.25E+16,2.42E+18,Hz,xray,,slop
1309.3195,,,s,2.45E-09,3.66E-10,3.66E-10,erg cm-2 s-1,Integrated Flux,,7.25E+16,2.42E+18,Hz,xray,,slop
1310.0809,,,s,2.69E-09,4.01E-10,4.01E-10,erg cm-2 s-1,Integrated Flux,,7.25E+16,2.42E+18,Hz,xray,,slop
1310.9095,,,s,2.56E-09,3.82E-10,3.82E-10,erg cm-2 s-1,Integrated Flux,,7.25E+16,2.42E+18,Hz,xray,,slop
1311.6611,,,s,2.50E-09,3.72E-10,3.72E-10,erg cm-2 s-1,Integrated Flux,,7.25E+16,2.42E+18,Hz,xray,,slop
1312.447,,,s,3.45E-09,5.15E-10,5.15E-10,erg cm-2 s-1,Integrated Flux,,7.25E+16,2.42E+18,Hz,xray,,slop
1313.0336,,,s,3.05E-09,4.55E-10,4.55E-10,erg cm-2 s-1,Integrated Flux,,7.25E+16,2.42E+18,Hz,xray,,slop
1313.906,,,s,1.97E-09,2.99E-10,2.99E-10,erg cm-2 s-1,Integrated Flux,,7.25E+16,2.42E+18,Hz,xray,,slop
1314.7951,,,s,3.00E-09,4.56E-10,4.56E-10,erg cm-2 s-1,Integrated Flux,,7.25E+16,2.42E+18,Hz,xray,,slop
1315.5216,,,s,2.30E-09,3.43E-10,3.43E-10,erg cm-2 s-1,Integrated Flux,,7.25E+16,2.42E+18,Hz,xray,,slop
1316.4842,,,s,2.14E-09,3.24E-10,3.24E-10,erg cm-2 s-1,Integrated Flux,,7.25E+16,2.42E+18,Hz,xray,,slop
1317.3309,,,s,2.70E-09,4.02E-10,4.02E-10,erg cm-2 s-1,Integrated Flux,,7.25E+16,2.42E+18,Hz,xray,,slop
1318.1141,,,s,2.33E-09,3.47E-10,3.47E-10,erg cm-2 s-1,Integrated Flux,,7.25E+16,2.42E+18,Hz,xray,,slop
1319.0437,,,s,2.20E-09,3.29E-10,3.29E-10,erg cm-2 s-1,Integrated Flux,,7.25E+16,2.42E+18,Hz,xray,,slop
1319.8874,,,s,2.62E-09,3.91E-10,3.91E-10,erg cm-2 s-1,Integrated Flux,,7.25E+16,2.42E+18,Hz,xray,,slop
1320.7424,,,s,2.59E-09,3.89E-10,3.89E-10,erg cm-2 s-1,Integrated Flux,,7.25E+16,2.42E+18,Hz,xray,,slop
1321.4441,,,s,2.60E-09,3.88E-10,3.88E-10,erg cm-2 s-1,Integrated Flux,,7.25E+16,2.42E+18,Hz,xray,,slop
1322.1684,,,s,3.44E-09,5.12E-10,5.12E-10,erg cm-2 s-1,Integrated Flux,,7.25E+16,2.42E+18,Hz,xray,,slop
1322.835,,,s,2.53E-09,3.73E-10,3.73E-10,erg cm-2 s-1,Integrated Flux,,7.25E+16,2.42E+18,Hz,xray,,slop
1323.6761,,,s,2.54E-09,3.86E-10,3.86E-10,erg cm-2 s-1,Integrated Flux,,7.25E+16,2.42E+18,Hz,xray,,slop
1324.5199,,,s,2.62E-09,3.90E-10,3.90E-10,erg cm-2 s-1,Integrated Flux,,7.25E+16,2.42E+18,Hz,xray,,slop
1325.2779,,,s,2.63E-09,3.92E-10,3.92E-10,erg cm-2 s-1,Integrated Flux,,7.25E+16,2.42E+18,Hz,xray,,slop
1325.8632,,,s,3.74E-09,5.68E-10,5.68E-10,erg cm-2 s-1,Integrated Flux,,7.25E+16,2.42E+18,Hz,xray,,slop
1326.5434,,,s,2.91E-09,4.34E-10,4.34E-10,erg cm-2 s-1,Integrated Flux,,7.25E+16,2.42E+18,Hz,xray,,slop
1327.3347,,,s,2.31E-09,3.45E-10,3.45E-10,erg cm-2 s-1,Integrated Flux,,7.25E+16,2.42E+18,Hz,xray,,slop
1328.2641,,,s,2.06E-09,3.07E-10,3.07E-10,erg cm-2 s-1,Integrated Flux,,7.25E+16,2.42E+18,Hz,xray,,slop
1329.2875,,,s,2.17E-09,3.23E-10,3.23E-10,erg cm-2 s-1,Integrated Flux,,7.25E+16,2.42E+18,Hz,xray,,slop
1330.223,,,s,1.85E-09,2.82E-10,2.82E-10,erg cm-2 s-1,Integrated Flux,,7.25E+16,2.42E+18,Hz,xray,,slop
1331.2283,,,s,2.29E-09,3.47E-10,3.47E-10,erg cm-2 s-1,Integrated Flux,,7.25E+16,2.42E+18,Hz,xray,,slop
1332.1949,,,s,2.16E-09,3.27E-10,3.27E-10,erg cm-2 s-1,Integrated Flux,,7.25E+16,2.42E+18,Hz,xray,,slop
1333.0511,,,s,2.53E-09,3.78E-10,3.78E-10,erg cm-2 s-1,Integrated Flux,,7.25E+16,2.42E+18,Hz,xray,,slop
1333.9817,,,s,2.17E-09,3.23E-10,3.23E-10,erg cm-2 s-1,Integrated Flux,,7.25E+16,2.42E+18,Hz,xray,,slop
1334.907,,,s,1.90E-09,2.94E-10,2.94E-10,erg cm-2 s-1,Integrated Flux,,7.25E+16,2.42E+18,Hz,xray,,slop
1335.8736,,,s,2.65E-09,3.95E-10,3.95E-10,erg cm-2 s-1,Integrated Flux,,7.25E+16,2.42E+18,Hz,xray,,slop
1336.6196,,,s,2.65E-09,4.02E-10,4.02E-10,erg cm-2 s-1,Integrated Flux,,7.25E+16,2.42E+18,Hz,xray,,slop
1337.3554,,,s,2.56E-09,3.81E-10,3.81E-10,erg cm-2 s-1,Integrated Flux,,7.25E+16,2.42E+18,Hz,xray,,slop
1338.1564,,,s,2.50E-09,3.73E-10,3.73E-10,erg cm-2 s-1,Integrated Flux,,7.25E+16,2.42E+18,Hz,xray,,slop
1338.9903,,,s,2.50E-09,3.73E-10,3.73E-10,erg cm-2 s-1,Integrated Flux,,7.25E+16,2.42E+18,Hz,xray,,slop
1339.8983,,,s,2.17E-09,3.30E-10,3.30E-10,erg cm-2 s-1,Integrated Flux,,7.25E+16,2.42E+18,Hz,xray,,slop
1340.8276,,,s,2.49E-09,3.79E-10,3.79E-10,erg cm-2 s-1,Integrated Flux,,7.25E+16,2.42E+18,Hz,xray,,slop
1341.699,,,s,1.80E-09,2.74E-10,2.74E-10,erg cm-2 s-1,Integrated Flux,,7.25E+16,2.42E+18,Hz,xray,,slop
1342.6339,,,s,3.01E-09,4.57E-10,4.57E-10,erg cm-2 s-1,Integrated Flux,,7.25E+16,2.42E+18,Hz,xray,,slop
1343.3353,,,s,2.52E-09,3.75E-10,3.75E-10,erg cm-2 s-1,Integrated Flux,,7.25E+16,2.42E+18,Hz,xray,,slop
1344.1837,,,s,2.68E-09,3.96E-10,3.96E-10,erg cm-2 s-1,Integrated Flux,,7.25E+16,2.42E+18,Hz,xray,,slop
1344.9748,,,s,2.33E-09,3.55E-10,3.55E-10,erg cm-2 s-1,Integrated Flux,,7.25E+16,2.42E+18,Hz,xray,,slop
1345.8911,,,s,2.34E-09,3.49E-10,3.49E-10,erg cm-2 s-1,Integrated Flux,,7.25E+16,2.42E+18,Hz,xray,,slop
1346.6423,,,s,2.66E-09,3.97E-10,3.97E-10,erg cm-2 s-1,Integrated Flux,,7.25E+16,2.42E+18,Hz,xray,,slop
1347.5695,,,s,2.25E-09,3.42E-10,3.42E-10,erg cm-2 s-1,Integrated Flux,,7.25E+16,2.42E+18,Hz,xray,,slop
1348.3785,,,s,2.34E-09,3.49E-10,3.49E-10,erg cm-2 s-1,Integrated Flux,,7.25E+16,2.42E+18,Hz,xray,,slop
1349.2486,,,s,2.81E-09,4.27E-10,4.27E-10,erg cm-2 s-1,Integrated Flux,,7.25E+16,2.42E+18,Hz,xray,,slop
1349.9443,,,s,2.97E-09,4.43E-10,4.43E-10,erg cm-2 s-1,Integrated Flux,,7.25E+16,2.42E+18,Hz,xray,,slop
1350.7013,,,s,2.23E-09,3.32E-10,3.32E-10,erg cm-2 s-1,Integrated Flux,,7.25E+16,2.42E+18,Hz,xray,,slop
1351.6138,,,s,2.35E-09,3.50E-10,3.50E-10,erg cm-2 s-1,Integrated Flux,,7.25E+16,2.42E+18,Hz,xray,,slop
1352.5477,,,s,2.12E-09,3.16E-10,3.16E-10,erg cm-2 s-1,Integrated Flux,,7.25E+16,2.42E+18,Hz,xray,,slop
1353.4844,,,s,2.29E-09,3.42E-10,3.42E-10,erg cm-2 s-1,Integrated Flux,,7.25E+16,2.42E+18,Hz,xray,,slop
1354.454,,,s,1.99E-09,2.97E-10,2.97E-10,erg cm-2 s-1,Integrated Flux,,7.25E+16,2.42E+18,Hz,xray,,slop
1355.4058,,,s,2.37E-09,3.60E-10,3.60E-10,erg cm-2 s-1,Integrated Flux,,7.25E+16,2.42E+18,Hz,xray,,slop
1356.1918,,,s,2.44E-09,3.64E-10,3.64E-10,erg cm-2 s-1,Integrated Flux,,7.25E+16,2.42E+18,Hz,xray,,slop
1357.0478,,,s,2.34E-09,3.55E-10,3.55E-10,erg cm-2 s-1,Integrated Flux,,7.25E+16,2.42E+18,Hz,xray,,slop
1358.032,,,s,2.06E-09,3.07E-10,3.07E-10,erg cm-2 s-1,Integrated Flux,,7.25E+16,2.42E+18,Hz,xray,,slop
1358.9946,,,s,2.48E-09,3.77E-10,3.77E-10,erg cm-2 s-1,Integrated Flux,,7.25E+16,2.42E+18,Hz,xray,,slop
1359.7897,,,s,2.71E-09,4.04E-10,4.04E-10,erg cm-2 s-1,Integrated Flux,,7.25E+16,2.42E+18,Hz,xray,,slop
1360.613,,,s,2.12E-09,3.16E-10,3.16E-10,erg cm-2 s-1,Integrated Flux,,7.25E+16,2.42E+18,Hz,xray,,slop
1361.5283,,,s,2.74E-09,4.32E-10,4.32E-10,erg cm-2 s-1,Integrated Flux,,7.25E+16,2.42E+18,Hz,xray,,slop
1362.3668,,,s,2.62E-09,3.91E-10,3.91E-10,erg cm-2 s-1,Integrated Flux,,7.25E+16,2.42E+18,Hz,xray,,slop
1363.0465,,,s,2.90E-09,4.41E-10,4.41E-10,erg cm-2 s-1,Integrated Flux,,7.25E+16,2.42E+18,Hz,xray,,slop
1363.8839,,,s,2.27E-09,3.45E-10,3.45E-10,erg cm-2 s-1,Integrated Flux,,7.25E+16,2.42E+18,Hz,xray,,slop
1364.714,,,s,3.13E-09,4.67E-10,4.67E-10,erg cm-2 s-1,Integrated Flux,,7.25E+16,2.42E+18,Hz,xray,,slop
1365.538,,,s,2.10E-09,3.13E-10,3.13E-10,erg cm-2 s-1,Integrated Flux,,7.25E+16,2.42E+18,Hz,xray,,slop
1366.3164,,,s,3.25E-09,4.94E-10,4.94E-10,erg cm-2 s-1,Integrated Flux,,7.25E+16,2.42E+18,Hz,xray,,slop
1367.0867,,,s,2.39E-09,3.63E-10,3.63E-10,erg cm-2 s-1,Integrated Flux,,7.25E+16,2.42E+18,Hz,xray,,slop
1367.9642,,,s,2.36E-09,3.58E-10,3.58E-10,erg cm-2 s-1,Integrated Flux,,7.25E+16,2.42E+18,Hz,xray,,slop
1368.7756,,,s,2.43E-09,3.70E-10,3.70E-10,erg cm-2 s-1,Integrated Flux,,7.25E+16,2.42E+18,Hz,xray,,slop
1369.621,,,s,2.24E-09,3.34E-10,3.34E-10,erg cm-2 s-1,Integrated Flux,,7.25E+16,2.42E+18,Hz,xray,,slop
1370.4862,,,s,2.40E-09,3.57E-10,3.57E-10,erg cm-2 s-1,Integrated Flux,,7.25E+16,2.42E+18,Hz,xray,,slop
1371.4444,,,s,2.26E-09,3.43E-10,3.43E-10,erg cm-2 s-1,Integrated Flux,,7.25E+16,2.42E+18,Hz,xray,,slop
1372.409,,,s,1.95E-09,2.96E-10,2.96E-10,erg cm-2 s-1,Integrated Flux,,7.25E+16,2.42E+18,Hz,xray,,slop
1373.4237,,,s,2.01E-09,3.11E-10,3.11E-10,erg cm-2 s-1,Integrated Flux,,7.25E+16,2.42E+18,Hz,xray,,slop
1374.2761,,,s,2.57E-09,3.84E-10,3.84E-10,erg cm-2 s-1,Integrated Flux,,7.25E+16,2.42E+18,Hz,xray,,slop
1375.2119,,,s,2.11E-09,3.15E-10,3.15E-10,erg cm-2 s-1,Integrated Flux,,7.25E+16,2.42E+18,Hz,xray,,slop
1376.1638,,,s,2.24E-09,3.36E-10,3.36E-10,erg cm-2 s-1,Integrated Flux,,7.25E+16,2.42E+18,Hz,xray,,slop
1377.113,,,s,1.99E-09,2.96E-10,2.96E-10,erg cm-2 s-1,Integrated Flux,,7.25E+16,2.42E+18,Hz,xray,,slop
1378.1803,,,s,2.12E-09,3.15E-10,3.15E-10,erg cm-2 s-1,Integrated Flux,,7.25E+16,2.42E+18,Hz,xray,,slop
1379.0654,,,s,2.33E-09,3.47E-10,3.47E-10,erg cm-2 s-1,Integrated Flux,,7.25E+16,2.42E+18,Hz,xray,,slop
1379.8805,,,s,2.35E-09,3.57E-10,3.57E-10,erg cm-2 s-1,Integrated Flux,,7.25E+16,2.42E+18,Hz,xray,,slop
1380.884,,,s,1.96E-09,2.97E-10,2.97E-10,erg cm-2 s-1,Integrated Flux,,7.25E+16,2.42E+18,Hz,xray,,slop
1381.7464,,,s,2.52E-09,3.76E-10,3.76E-10,erg cm-2 s-1,Integrated Flux,,7.25E+16,2.42E+18,Hz,xray,,slop
1382.6931,,,s,2.05E-09,3.11E-10,3.11E-10,erg cm-2 s-1,Integrated Flux,,7.25E+16,2.42E+18,Hz,xray,,slop
1383.4627,,,s,3.51E-09,5.23E-10,5.23E-10,erg cm-2 s-1,Integrated Flux,,7.25E+16,2.42E+18,Hz,xray,,slop
1384.2202,,,s,2.17E-09,3.24E-10,3.24E-10,erg cm-2 s-1,Integrated Flux,,7.25E+16,2.42E+18,Hz,xray,,slop
1385.1257,,,s,2.14E-09,3.19E-10,3.19E-10,erg cm-2 s-1,Integrated Flux,,7.25E+16,2.42E+18,Hz,xray,,slop
1386.0362,,,s,3.22E-09,4.80E-10,4.80E-10,erg cm-2 s-1,Integrated Flux,,7.25E+16,2.42E+18,Hz,xray,,slop
1386.8043,,,s,2.21E-09,3.30E-10,3.30E-10,erg cm-2 s-1,Integrated Flux,,7.25E+16,2.42E+18,Hz,xray,,slop
1387.6578,,,s,2.18E-09,3.31E-10,3.31E-10,erg cm-2 s-1,Integrated Flux,,7.25E+16,2.42E+18,Hz,xray,,slop
1388.801,,,s,1.77E-09,2.68E-10,2.68E-10,erg cm-2 s-1,Integrated Flux,,7.25E+16,2.42E+18,Hz,xray,,slop
1389.7535,,,s,2.23E-09,3.33E-10,3.33E-10,erg cm-2 s-1,Integrated Flux,,7.25E+16,2.42E+18,Hz,xray,,slop
1390.808,,,s,1.74E-09,2.59E-10,2.59E-10,erg cm-2 s-1,Integrated Flux,,7.25E+16,2.42E+18,Hz,xray,,slop
1391.774,,,s,2.66E-09,3.96E-10,3.96E-10,erg cm-2 s-1,Integrated Flux,,7.25E+16,2.42E+18,Hz,xray,,slop
1392.6691,,,s,2.27E-09,3.39E-10,3.39E-10,erg cm-2 s-1,Integrated Flux,,7.25E+16,2.42E+18,Hz,xray,,slop
1393.72,,,s,1.71E-09,2.60E-10,2.60E-10,erg cm-2 s-1,Integrated Flux,,7.25E+16,2.42E+18,Hz,xray,,slop
1394.7721,,,s,2.14E-09,3.25E-10,3.25E-10,erg cm-2 s-1,Integrated Flux,,7.25E+16,2.42E+18,Hz,xray,,slop
1395.712,,,s,2.21E-09,3.29E-10,3.29E-10,erg cm-2 s-1,Integrated Flux,,7.25E+16,2.42E+18,Hz,xray,,slop
1396.3983,,,s,3.72E-09,5.55E-10,5.55E-10,erg cm-2 s-1,Integrated Flux,,7.25E+16,2.42E+18,Hz,xray,,slop
1397.1171,,,s,2.54E-09,3.79E-10,3.79E-10,erg cm-2 s-1,Integrated Flux,,7.25E+16,2.42E+18,Hz,xray,,slop
1397.97,,,s,2.02E-09,3.01E-10,3.01E-10,erg cm-2 s-1,Integrated Flux,,7.25E+16,2.42E+18,Hz,xray,,slop
1398.8498,,,s,2.71E-09,4.05E-10,4.05E-10,erg cm-2 s-1,Integrated Flux,,7.25E+16,2.42E+18,Hz,xray,,slop
1399.6471,,,s,2.61E-09,3.97E-10,3.97E-10,erg cm-2 s-1,Integrated Flux,,7.25E+16,2.42E+18,Hz,xray,,slop
1400.5669,,,s,2.20E-09,3.29E-10,3.29E-10,erg cm-2 s-1,Integrated Flux,,7.25E+16,2.42E+18,Hz,xray,,slop
1401.4938,,,s,2.12E-09,3.22E-10,3.22E-10,erg cm-2 s-1,Integrated Flux,,7.25E+16,2.42E+18,Hz,xray,,slop
1402.4491,,,s,2.16E-09,3.24E-10,3.24E-10,erg cm-2 s-1,Integrated Flux,,7.25E+16,2.42E+18,Hz,xray,,slop
1403.3112,,,s,2.27E-09,3.38E-10,3.38E-10,erg cm-2 s-1,Integrated Flux,,7.25E+16,2.42E+18,Hz,xray,,slop
1404.226,,,s,2.51E-09,3.74E-10,3.74E-10,erg cm-2 s-1,Integrated Flux,,7.25E+16,2.42E+18,Hz,xray,,slop
1405.13,,,s,2.10E-09,3.14E-10,3.14E-10,erg cm-2 s-1,Integrated Flux,,7.25E+16,2.42E+18,Hz,xray,,slop
1406.0566,,,s,2.07E-09,3.09E-10,3.09E-10,erg cm-2 s-1,Integrated Flux,,7.25E+16,2.42E+18,Hz,xray,,slop
1406.9872,,,s,2.49E-09,3.78E-10,3.78E-10,erg cm-2 s-1,Integrated Flux,,7.25E+16,2.42E+18,Hz,xray,,slop
1407.7567,,,s,2.14E-09,3.25E-10,3.25E-10,erg cm-2 s-1,Integrated Flux,,7.25E+16,2.42E+18,Hz,xray,,slop
1408.6673,,,s,2.79E-09,4.16E-10,4.16E-10,erg cm-2 s-1,Integrated Flux,,7.25E+16,2.42E+18,Hz,xray,,slop
1409.64,,,s,1.65E-09,2.55E-10,2.55E-10,erg cm-2 s-1,Integrated Flux,,7.25E+16,2.42E+18,Hz,xray,,slop
1410.819,,,s,1.89E-09,2.88E-10,2.88E-10,erg cm-2 s-1,Integrated Flux,,7.25E+16,2.42E+18,Hz,xray,,slop
1411.7949,,,s,2.43E-09,3.76E-10,3.76E-10,erg cm-2 s-1,Integrated Flux,,7.25E+16,2.42E+18,Hz,xray,,slop
1412.746,,,s,1.89E-09,2.82E-10,2.82E-10,erg cm-2 s-1,Integrated Flux,,7.25E+16,2.42E+18,Hz,xray,,slop
1413.865,,,s,1.96E-09,2.97E-10,2.97E-10,erg cm-2 s-1,Integrated Flux,,7.25E+16,2.42E+18,Hz,xray,,slop
1414.784,,,s,1.93E-09,2.88E-10,2.88E-10,erg cm-2 s-1,Integrated Flux,,7.25E+16,2.42E+18,Hz,xray,,slop
1415.7987,,,s,2.38E-09,3.62E-10,3.62E-10,erg cm-2 s-1,Integrated Flux,,7.25E+16,2.42E+18,Hz,xray,,slop
1416.6898,,,s,2.07E-09,3.14E-10,3.14E-10,erg cm-2 s-1,Integrated Flux,,7.25E+16,2.42E+18,Hz,xray,,slop
1417.708,,,s,2.01E-09,3.05E-10,3.05E-10,erg cm-2 s-1,Integrated Flux,,7.25E+16,2.42E+18,Hz,xray,,slop
1418.6611,,,s,2.20E-09,3.35E-10,3.35E-10,erg cm-2 s-1,Integrated Flux,,7.25E+16,2.42E+18,Hz,xray,,slop
1419.646,,,s,1.96E-09,2.92E-10,2.92E-10,erg cm-2 s-1,Integrated Flux,,7.25E+16,2.42E+18,Hz,xray,,slop
1420.6323,,,s,2.23E-09,3.39E-10,3.39E-10,erg cm-2 s-1,Integrated Flux,,7.25E+16,2.42E+18,Hz,xray,,slop
1421.5248,,,s,2.25E-09,3.36E-10,3.36E-10,erg cm-2 s-1,Integrated Flux,,7.25E+16,2.42E+18,Hz,xray,,slop
1422.4314,,,s,2.13E-09,3.23E-10,3.23E-10,erg cm-2 s-1,Integrated Flux,,7.25E+16,2.42E+18,Hz,xray,,slop
1423.3854,,,s,2.43E-09,3.62E-10,3.62E-10,erg cm-2 s-1,Integrated Flux,,7.25E+16,2.42E+18,Hz,xray,,slop
1424.1461,,,s,2.81E-09,4.19E-10,4.19E-10,erg cm-2 s-1,Integrated Flux,,7.25E+16,2.42E+18,Hz,xray,,slop
1424.9481,,,s,2.29E-09,3.48E-10,3.48E-10,erg cm-2 s-1,Integrated Flux,,7.25E+16,2.42E+18,Hz,xray,,slop
1425.9736,,,s,2.07E-09,3.21E-10,3.21E-10,erg cm-2 s-1,Integrated Flux,,7.25E+16,2.42E+18,Hz,xray,,slop
1426.851,,,s,1.88E-09,2.81E-10,2.81E-10,erg cm-2 s-1,Integrated Flux,,7.25E+16,2.42E+18,Hz,xray,,slop
1427.8142,,,s,2.49E-09,3.78E-10,3.78E-10,erg cm-2 s-1,Integrated Flux,,7.25E+16,2.42E+18,Hz,xray,,slop
1428.7679,,,s,2.04E-09,3.10E-10,3.10E-10,erg cm-2 s-1,Integrated Flux,,7.25E+16,2.42E+18,Hz,xray,,slop
1429.6918,,,s,2.22E-09,3.31E-10,3.31E-10,erg cm-2 s-1,Integrated Flux,,7.25E+16,2.42E+18,Hz,xray,,slop
1430.5705,,,s,2.70E-09,3.99E-10,3.99E-10,erg cm-2 s-1,Integrated Flux,,7.25E+16,2.42E+18,Hz,xray,,slop
1431.4597,,,s,2.14E-09,3.32E-10,3.32E-10,erg cm-2 s-1,Integrated Flux,,7.25E+16,2.42E+18,Hz,xray,,slop
1432.3366,,,s,2.50E-09,3.81E-10,3.81E-10,erg cm-2 s-1,Integrated Flux,,7.25E+16,2.42E+18,Hz,xray,,slop
1433.0832,,,s,2.28E-09,3.41E-10,3.41E-10,erg cm-2 s-1,Integrated Flux,,7.25E+16,2.42E+18,Hz,xray,,slop
1433.955,,,s,2.54E-09,3.86E-10,3.86E-10,erg cm-2 s-1,Integrated Flux,,7.25E+16,2.42E+18,Hz,xray,,slop
1434.8416,,,s,2.37E-09,3.53E-10,3.53E-10,erg cm-2 s-1,Integrated Flux,,7.25E+16,2.42E+18,Hz,xray,,slop
1435.756,,,s,1.69E-09,2.53E-10,2.53E-10,erg cm-2 s-1,Integrated Flux,,7.25E+16,2.42E+18,Hz,xray,,slop
1436.8895,,,s,2.41E-09,3.66E-10,3.66E-10,erg cm-2 s-1,Integrated Flux,,7.25E+16,2.42E+18,Hz,xray,,slop
1437.772,,,s,2.12E-09,3.19E-10,3.19E-10,erg cm-2 s-1,Integrated Flux,,7.25E+16,2.42E+18,Hz,xray,,slop
1438.881,,,s,1.73E-09,2.58E-10,2.58E-10,erg cm-2 s-1,Integrated Flux,,7.25E+16,2.42E+18,Hz,xray,,slop
1439.9752,,,s,2.09E-09,3.11E-10,3.11E-10,erg cm-2 s-1,Integrated Flux,,7.25E+16,2.42E+18,Hz,xray,,slop
1440.9326,,,s,2.34E-09,3.49E-10,3.49E-10,erg cm-2 s-1,Integrated Flux,,7.25E+16,2.42E+18,Hz,xray,,slop
1441.7384,,,s,2.38E-09,3.55E-10,3.55E-10,erg cm-2 s-1,Integrated Flux,,7.25E+16,2.42E+18,Hz,xray,,slop
1442.6607,,,s,2.40E-09,3.58E-10,3.58E-10,erg cm-2 s-1,Integrated Flux,,7.25E+16,2.42E+18,Hz,xray,,slop
1443.4247,,,s,2.59E-09,3.93E-10,3.93E-10,erg cm-2 s-1,Integrated Flux,,7.25E+16,2.42E+18,Hz,xray,,slop
1444.3292,,,s,2.06E-09,3.07E-10,3.07E-10,erg cm-2 s-1,Integrated Flux,,7.25E+16,2.42E+18,Hz,xray,,slop
1445.405,,,s,1.78E-09,2.65E-10,2.65E-10,erg cm-2 s-1,Integrated Flux,,7.25E+16,2.42E+18,Hz,xray,,slop
1446.4563,,,s,2.21E-09,3.30E-10,3.30E-10,erg cm-2 s-1,Integrated Flux,,7.25E+16,2.42E+18,Hz,xray,,slop
1447.482,,,s,1.51E-09,2.24E-10,2.24E-10,erg cm-2 s-1,Integrated Flux,,7.25E+16,2.42E+18,Hz,xray,,slop
1448.844,,,s,1.67E-09,2.48E-10,2.48E-10,erg cm-2 s-1,Integrated Flux,,7.25E+16,2.42E+18,Hz,xray,,slop
1449.9403,,,s,2.09E-09,3.23E-10,3.23E-10,erg cm-2 s-1,Integrated Flux,,7.25E+16,2.42E+18,Hz,xray,,slop
1451.025,,,s,1.63E-09,2.52E-10,2.52E-10,erg cm-2 s-1,Integrated Flux,,7.25E+16,2.42E+18,Hz,xray,,slop
1452.1332,,,s,2.20E-09,3.27E-10,3.27E-10,erg cm-2 s-1,Integrated Flux,,7.25E+16,2.42E+18,Hz,xray,,slop
1453.12,,,s,2.00E-09,2.98E-10,2.98E-10,erg cm-2 s-1,Integrated Flux,,7.25E+16,2.42E+18,Hz,xray,,slop
1454.0984,,,s,2.13E-09,3.30E-10,3.30E-10,erg cm-2 s-1,Integrated Flux,,7.25E+16,2.42E+18,Hz,xray,,slop
1455.112,,,s,1.93E-09,2.88E-10,2.88E-10,erg cm-2 s-1,Integrated Flux,,7.25E+16,2.42E+18,Hz,xray,,slop
1456.0484,,,s,2.29E-09,3.41E-10,3.41E-10,erg cm-2 s-1,Integrated Flux,,7.25E+16,2.42E+18,Hz,xray,,slop
1457.035,,,s,1.96E-09,3.09E-10,3.09E-10,erg cm-2 s-1,Integrated Flux,,7.25E+16,2.42E+18,Hz,xray,,slop
1457.9951,,,s,2.11E-09,3.15E-10,3.15E-10,erg cm-2 s-1,Integrated Flux,,7.25E+16,2.42E+18,Hz,xray,,slop
1459.0138,,,s,2.13E-09,3.18E-10,3.18E-10,erg cm-2 s-1,Integrated Flux,,7.25E+16,2.42E+18,Hz,xray,,slop
1459.956,,,s,1.90E-09,3.00E-10,3.00E-10,erg cm-2 s-1,Integrated Flux,,7.25E+16,2.42E+18,Hz,xray,,slop
1461.088,,,s,1.75E-09,2.76E-10,2.76E-10,erg cm-2 s-1,Integrated Flux,,7.25E+16,2.42E+18,Hz,xray,,slop
1462.0685,,,s,2.12E-09,3.22E-10,3.22E-10,erg cm-2 s-1,Integrated Flux,,7.25E+16,2.42E+18,Hz,xray,,slop
1463.0119,,,s,2.35E-09,3.57E-10,3.57E-10,erg cm-2 s-1,Integrated Flux,,7.25E+16,2.42E+18,Hz,xray,,slop
1463.966,,,s,1.83E-09,2.79E-10,2.79E-10,erg cm-2 s-1,Integrated Flux,,7.25E+16,2.42E+18,Hz,xray,,slop
1464.9028,,,s,2.63E-09,3.99E-10,3.99E-10,erg cm-2 s-1,Integrated Flux,,7.25E+16,2.42E+18,Hz,xray,,slop
1465.7344,,,s,2.06E-09,3.13E-10,3.13E-10,erg cm-2 s-1,Integrated Flux,,7.25E+16,2.42E+18,Hz,xray,,slop
1466.813,,,s,1.86E-09,2.78E-10,2.78E-10,erg cm-2 s-1,Integrated Flux,,7.25E+16,2.42E+18,Hz,xray,,slop
1467.7813,,,s,2.77E-09,4.12E-10,4.12E-10,erg cm-2 s-1,Integrated Flux,,7.25E+16,2.42E+18,Hz,xray,,slop
1468.618,,,s,1.96E-09,2.92E-10,2.92E-10,erg cm-2 s-1,Integrated Flux,,7.25E+16,2.42E+18,Hz,xray,,slop
1469.706,,,s,1.99E-09,3.03E-10,3.03E-10,erg cm-2 s-1,Integrated Flux,,7.25E+16,2.42E+18,Hz,xray,,slop
1470.6784,,,s,2.13E-09,3.24E-10,3.24E-10,erg cm-2 s-1,Integrated Flux,,7.25E+16,2.42E+18,Hz,xray,,slop
1471.6399,,,s,2.22E-09,3.37E-10,3.37E-10,erg cm-2 s-1,Integrated Flux,,7.25E+16,2.42E+18,Hz,xray,,slop
1472.5365,,,s,2.33E-09,3.48E-10,3.48E-10,erg cm-2 s-1,Integrated Flux,,7.25E+16,2.42E+18,Hz,xray,,slop
1473.3306,,,s,2.58E-09,3.85E-10,3.85E-10,erg cm-2 s-1,Integrated Flux,,7.25E+16,2.42E+18,Hz,xray,,slop
1474.363,,,s,1.82E-09,2.72E-10,2.72E-10,erg cm-2 s-1,Integrated Flux,,7.25E+16,2.42E+18,Hz,xray,,slop
1475.417,,,s,1.87E-09,2.84E-10,2.84E-10,erg cm-2 s-1,Integrated Flux,,7.25E+16,2.42E+18,Hz,xray,,slop
1476.3808,,,s,2.36E-09,3.52E-10,3.52E-10,erg cm-2 s-1,Integrated Flux,,7.25E+16,2.42E+18,Hz,xray,,slop
1477.2648,,,s,2.31E-09,3.50E-10,3.50E-10,erg cm-2 s-1,Integrated Flux,,7.25E+16,2.42E+18,Hz,xray,,slop
1478.42,,,s,1.67E-09,2.49E-10,2.49E-10,erg cm-2 s-1,Integrated Flux,,7.25E+16,2.42E+18,Hz,xray,,slop
1479.3911,,,s,2.17E-09,3.23E-10,3.23E-10,erg cm-2 s-1,Integrated Flux,,7.25E+16,2.42E+18,Hz,xray,,slop
1480.1828,,,s,2.69E-09,4.01E-10,4.01E-10,erg cm-2 s-1,Integrated Flux,,7.25E+16,2.42E+18,Hz,xray,,slop
1481.25,,,s,1.91E-09,2.84E-10,2.84E-10,erg cm-2 s-1,Integrated Flux,,7.25E+16,2.42E+18,Hz,xray,,slop
1482.157,,,s,2.04E-09,3.04E-10,3.04E-10,erg cm-2 s-1,Integrated Flux,,7.25E+16,2.42E+18,Hz,xray,,slop
1483.294,,,s,1.63E-09,2.43E-10,2.43E-10,erg cm-2 s-1,Integrated Flux,,7.25E+16,2.42E+18,Hz,xray,,slop
1484.489,,,s,1.74E-09,2.65E-10,2.65E-10,erg cm-2 s-1,Integrated Flux,,7.25E+16,2.42E+18,Hz,xray,,slop
1485.71,,,s,1.70E-09,2.58E-10,2.58E-10,erg cm-2 s-1,Integrated Flux,,7.25E+16,2.42E+18,Hz,xray,,slop
1486.839,,,s,1.92E-09,2.86E-10,2.86E-10,erg cm-2 s-1,Integrated Flux,,7.25E+16,2.42E+18,Hz,xray,,slop
1487.8472,,,s,2.24E-09,3.34E-10,3.34E-10,erg cm-2 s-1,Integrated Flux,,7.25E+16,2.42E+18,Hz,xray,,slop
1488.836,,,s,1.86E-09,2.83E-10,2.83E-10,erg cm-2 s-1,Integrated Flux,,7.25E+16,2.42E+18,Hz,xray,,slop
1489.895,,,s,1.80E-09,2.68E-10,2.68E-10,erg cm-2 s-1,Integrated Flux,,7.25E+16,2.42E+18,Hz,xray,,slop
1490.9774,,,s,2.35E-09,3.50E-10,3.50E-10,erg cm-2 s-1,Integrated Flux,,7.25E+16,2.42E+18,Hz,xray,,slop
1492.029,,,s,1.65E-09,2.56E-10,2.56E-10,erg cm-2 s-1,Integrated Flux,,7.25E+16,2.42E+18,Hz,xray,,slop
1493.0705,,,s,2.21E-09,3.30E-10,3.30E-10,erg cm-2 s-1,Integrated Flux,,7.25E+16,2.42E+18,Hz,xray,,slop
1493.874,,,s,2.32E-09,3.45E-10,3.45E-10,erg cm-2 s-1,Integrated Flux,,7.25E+16,2.42E+18,Hz,xray,,slop
1495.117,,,s,1.63E-09,2.47E-10,2.47E-10,erg cm-2 s-1,Integrated Flux,,7.25E+16,2.42E+18,Hz,xray,,slop
1496.174,,,s,1.88E-09,2.86E-10,2.86E-10,erg cm-2 s-1,Integrated Flux,,7.25E+16,2.42E+18,Hz,xray,,slop
1497.271,,,s,1.84E-09,2.80E-10,2.80E-10,erg cm-2 s-1,Integrated Flux,,7.25E+16,2.42E+18,Hz,xray,,slop
1498.506,,,s,1.69E-09,2.57E-10,2.57E-10,erg cm-2 s-1,Integrated Flux,,7.25E+16,2.42E+18,Hz,xray,,slop
1499.493,,,s,2.04E-09,3.04E-10,3.04E-10,erg cm-2 s-1,Integrated Flux,,7.25E+16,2.42E+18,Hz,xray,,slop
1500.4799,,,s,2.23E-09,3.38E-10,3.38E-10,erg cm-2 s-1,Integrated Flux,,7.25E+16,2.42E+18,Hz,xray,,slop
1501.3146,,,s,2.68E-09,4.07E-10,4.07E-10,erg cm-2 s-1,Integrated Flux,,7.25E+16,2.42E+18,Hz,xray,,slop
1502.0844,,,s,2.59E-09,3.94E-10,3.94E-10,erg cm-2 s-1,Integrated Flux,,7.25E+16,2.42E+18,Hz,xray,,slop
1502.8696,,,s,2.06E-09,3.13E-10,3.13E-10,erg cm-2 s-1,Integrated Flux,,7.25E+16,2.42E+18,Hz,xray,,slop
1503.844,,,s,2.10E-09,3.14E-10,3.14E-10,erg cm-2 s-1,Integrated Flux,,7.25E+16,2.42E+18,Hz,xray,,slop
1504.922,,,s,1.91E-09,2.90E-10,2.90E-10,erg cm-2 s-1,Integrated Flux,,7.25E+16,2.42E+18,Hz,xray,,slop
1505.986,,,s,1.94E-09,2.94E-10,2.94E-10,erg cm-2 s-1,Integrated Flux,,7.25E+16,2.42E+18,Hz,xray,,slop
1506.9206,,,s,2.51E-09,3.74E-10,3.74E-10,erg cm-2 s-1,Integrated Flux,,7.25E+16,2.42E+18,Hz,xray,,slop
1507.936,,,s,1.97E-09,2.94E-10,2.94E-10,erg cm-2 s-1,Integrated Flux,,7.25E+16,2.42E+18,Hz,xray,,slop
1508.888,,,s,1.74E-09,2.65E-10,2.65E-10,erg cm-2 s-1,Integrated Flux,,7.25E+16,2.42E+18,Hz,xray,,slop
1509.9603,,,s,2.24E-09,3.34E-10,3.34E-10,erg cm-2 s-1,Integrated Flux,,7.25E+16,2.42E+18,Hz,xray,,slop
1510.8126,,,s,2.33E-09,3.54E-10,3.54E-10,erg cm-2 s-1,Integrated Flux,,7.25E+16,2.42E+18,Hz,xray,,slop
1511.975,,,s,1.65E-09,2.51E-10,2.51E-10,erg cm-2 s-1,Integrated Flux,,7.25E+16,2.42E+18,Hz,xray,,slop
1513.0228,,,s,2.04E-09,3.10E-10,3.10E-10,erg cm-2 s-1,Integrated Flux,,7.25E+16,2.42E+18,Hz,xray,,slop
1514.076,,,s,1.97E-09,3.00E-10,3.00E-10,erg cm-2 s-1,Integrated Flux,,7.25E+16,2.42E+18,Hz,xray,,slop
1514.9805,,,s,2.28E-09,3.40E-10,3.40E-10,erg cm-2 s-1,Integrated Flux,,7.25E+16,2.42E+18,Hz,xray,,slop
1515.968,,,s,1.89E-09,2.92E-10,2.92E-10,erg cm-2 s-1,Integrated Flux,,7.25E+16,2.42E+18,Hz,xray,,slop
1517.043,,,s,1.79E-09,2.71E-10,2.71E-10,erg cm-2 s-1,Integrated Flux,,7.25E+16,2.42E+18,Hz,xray,,slop
1518.1128,,,s,2.18E-09,3.31E-10,3.31E-10,erg cm-2 s-1,Integrated Flux,,7.25E+16,2.42E+18,Hz,xray,,slop
1519.1079,,,s,2.10E-09,3.13E-10,3.13E-10,erg cm-2 s-1,Integrated Flux,,7.25E+16,2.42E+18,Hz,xray,,slop
1519.9589,,,s,2.56E-09,3.81E-10,3.81E-10,erg cm-2 s-1,Integrated Flux,,7.25E+16,2.42E+18,Hz,xray,,slop
1520.8355,,,s,2.29E-09,3.41E-10,3.41E-10,erg cm-2 s-1,Integrated Flux,,7.25E+16,2.42E+18,Hz,xray,,slop
1521.6556,,,s,2.19E-09,3.27E-10,3.27E-10,erg cm-2 s-1,Integrated Flux,,7.25E+16,2.42E+18,Hz,xray,,slop
1522.741,,,s,1.75E-09,2.60E-10,2.60E-10,erg cm-2 s-1,Integrated Flux,,7.25E+16,2.42E+18,Hz,xray,,slop
1523.931,,,s,1.78E-09,2.71E-10,2.71E-10,erg cm-2 s-1,Integrated Flux,,7.25E+16,2.42E+18,Hz,xray,,slop
1524.8564,,,s,2.78E-09,4.15E-10,4.15E-10,erg cm-2 s-1,Integrated Flux,,7.25E+16,2.42E+18,Hz,xray,,slop
1525.7114,,,s,2.20E-09,3.41E-10,3.41E-10,erg cm-2 s-1,Integrated Flux,,7.25E+16,2.42E+18,Hz,xray,,slop
1526.691,,,s,1.77E-09,2.74E-10,2.74E-10,erg cm-2 s-1,Integrated Flux,,7.25E+16,2.42E+18,Hz,xray,,slop
1527.7397,,,s,2.14E-09,3.19E-10,3.19E-10,erg cm-2 s-1,Integrated Flux,,7.25E+16,2.42E+18,Hz,xray,,slop
1528.814,,,s,1.86E-09,2.82E-10,2.82E-10,erg cm-2 s-1,Integrated Flux,,7.25E+16,2.42E+18,Hz,xray,,slop
1529.897,,,s,1.99E-09,3.02E-10,3.02E-10,erg cm-2 s-1,Integrated Flux,,7.25E+16,2.42E+18,Hz,xray,,slop
1530.863,,,s,2.02E-09,3.02E-10,3.02E-10,erg cm-2 s-1,Integrated Flux,,7.25E+16,2.42E+18,Hz,xray,,slop
1531.933,,,s,1.74E-09,2.60E-10,2.60E-10,erg cm-2 s-1,Integrated Flux,,7.25E+16,2.42E+18,Hz,xray,,slop
1533.0046,,,s,2.43E-09,3.63E-10,3.63E-10,erg cm-2 s-1,Integrated Flux,,7.25E+16,2.42E+18,Hz,xray,,slop
1533.939,,,s,1.76E-09,2.68E-10,2.68E-10,erg cm-2 s-1,Integrated Flux,,7.25E+16,2.42E+18,Hz,xray,,slop
1535.181,,,s,1.51E-09,2.25E-10,2.25E-10,erg cm-2 s-1,Integrated Flux,,7.25E+16,2.42E+18,Hz,xray,,slop
1536.3364,,,s,2.17E-09,3.30E-10,3.30E-10,erg cm-2 s-1,Integrated Flux,,7.25E+16,2.42E+18,Hz,xray,,slop
1537.12,,,s,3.02E-09,4.50E-10,4.50E-10,erg cm-2 s-1,Integrated Flux,,7.25E+16,2.42E+18,Hz,xray,,slop
1537.9661,,,s,2.16E-09,3.34E-10,3.34E-10,erg cm-2 s-1,Integrated Flux,,7.25E+16,2.42E+18,Hz,xray,,slop
1538.94,,,s,1.89E-09,2.81E-10,2.81E-10,erg cm-2 s-1,Integrated Flux,,7.25E+16,2.42E+18,Hz,xray,,slop
1540.03,,,s,1.89E-09,2.81E-10,2.81E-10,erg cm-2 s-1,Integrated Flux,,7.25E+16,2.42E+18,Hz,xray,,slop
1541.0124,,,s,2.18E-09,3.31E-10,3.31E-10,erg cm-2 s-1,Integrated Flux,,7.25E+16,2.42E+18,Hz,xray,,slop
1541.9322,,,s,2.17E-09,3.24E-10,3.24E-10,erg cm-2 s-1,Integrated Flux,,7.25E+16,2.42E+18,Hz,xray,,slop
1542.995,,,s,1.66E-09,2.53E-10,2.53E-10,erg cm-2 s-1,Integrated Flux,,7.25E+16,2.42E+18,Hz,xray,,slop
1544.24,,,s,1.86E-09,2.77E-10,2.77E-10,erg cm-2 s-1,Integrated Flux,,7.25E+16,2.42E+18,Hz,xray,,slop
1545.351,,,s,1.81E-09,2.86E-10,2.86E-10,erg cm-2 s-1,Integrated Flux,,7.25E+16,2.42E+18,Hz,xray,,slop
1546.3076,,,s,2.20E-09,3.41E-10,3.41E-10,erg cm-2 s-1,Integrated Flux,,7.25E+16,2.42E+18,Hz,xray,,slop
1547.419,,,s,1.73E-09,2.64E-10,2.64E-10,erg cm-2 s-1,Integrated Flux,,7.25E+16,2.42E+18,Hz,xray,,slop
1548.376,,,s,2.01E-09,3.06E-10,3.06E-10,erg cm-2 s-1,Integrated Flux,,7.25E+16,2.42E+18,Hz,xray,,slop
1549.4335,,,s,1.94E-09,3.12E-10,3.12E-10,erg cm-2 s-1,Integrated Flux,,7.25E+16,2.42E+18,Hz,xray,,slop
1550.2685,,,s,2.83E-09,4.38E-10,4.38E-10,erg cm-2 s-1,Integrated Flux,,7.25E+16,2.42E+18,Hz,xray,,slop
1551.227,,,s,2.04E-09,3.05E-10,3.05E-10,erg cm-2 s-1,Integrated Flux,,7.25E+16,2.42E+18,Hz,xray,,slop
1552.0469,,,s,2.08E-09,3.28E-10,3.28E-10,erg cm-2 s-1,Integrated Flux,,7.25E+16,2.42E+18,Hz,xray,,slop
1552.9836,,,s,2.40E-09,3.57E-10,3.57E-10,erg cm-2 s-1,Integrated Flux,,7.25E+16,2.42E+18,Hz,xray,,slop
1553.868,,,s,2.35E-09,3.50E-10,3.50E-10,erg cm-2 s-1,Integrated Flux,,7.25E+16,2.42E+18,Hz,xray,,slop
1554.791,,,s,1.86E-09,2.77E-10,2.77E-10,erg cm-2 s-1,Integrated Flux,,7.25E+16,2.42E+18,Hz,xray,,slop
1555.7498,,,s,2.63E-09,3.92E-10,3.92E-10,erg cm-2 s-1,Integrated Flux,,7.25E+16,2.42E+18,Hz,xray,,slop
1556.5745,,,s,2.43E-09,3.62E-10,3.62E-10,erg cm-2 s-1,Integrated Flux,,7.25E+16,2.42E+18,Hz,xray,,slop
1557.506,,,s,1.82E-09,2.77E-10,2.77E-10,erg cm-2 s-1,Integrated Flux,,7.25E+16,2.42E+18,Hz,xray,,slop
1558.601,,,s,2.16E-09,3.22E-10,3.22E-10,erg cm-2 s-1,Integrated Flux,,7.25E+16,2.42E+18,Hz,xray,,slop
1559.612,,,s,2.00E-09,3.05E-10,3.05E-10,erg cm-2 s-1,Integrated Flux,,7.25E+16,2.42E+18,Hz,xray,,slop
1560.836,,,s,1.58E-09,2.35E-10,2.35E-10,erg cm-2 s-1,Integrated Flux,,7.25E+16,2.42E+18,Hz,xray,,slop
1561.9266,,,s,2.08E-09,3.16E-10,3.16E-10,erg cm-2 s-1,Integrated Flux,,7.25E+16,2.42E+18,Hz,xray,,slop
1563.007,,,s,2.01E-09,3.00E-10,3.00E-10,erg cm-2 s-1,Integrated Flux,,7.25E+16,2.42E+18,Hz,xray,,slop
1564.02,,,s,1.96E-09,2.97E-10,2.97E-10,erg cm-2 s-1,Integrated Flux,,7.25E+16,2.42E+18,Hz,xray,,slop
1565.091,,,s,1.54E-09,2.29E-10,2.29E-10,erg cm-2 s-1,Integrated Flux,,7.25E+16,2.42E+18,Hz,xray,,slop
1566.527,,,s,1.77E-09,2.64E-10,2.64E-10,erg cm-2 s-1,Integrated Flux,,7.25E+16,2.42E+18,Hz,xray,,slop
1567.69,,,s,1.72E-09,2.61E-10,2.61E-10,erg cm-2 s-1,Integrated Flux,,7.25E+16,2.42E+18,Hz,xray,,slop
1568.858,,,s,2.07E-09,3.09E-10,3.09E-10,erg cm-2 s-1,Integrated Flux,,7.25E+16,2.42E+18,Hz,xray,,slop
1569.921,,,s,1.94E-09,2.89E-10,2.89E-10,erg cm-2 s-1,Integrated Flux,,7.25E+16,2.42E+18,Hz,xray,,slop
1571.003,,,s,1.85E-09,2.75E-10,2.75E-10,erg cm-2 s-1,Integrated Flux,,7.25E+16,2.42E+18,Hz,xray,,slop
1572.081,,,s,1.92E-09,2.98E-10,2.98E-10,erg cm-2 s-1,Integrated Flux,,7.25E+16,2.42E+18,Hz,xray,,slop
1573.138,,,s,1.88E-09,2.85E-10,2.85E-10,erg cm-2 s-1,Integrated Flux,,7.25E+16,2.42E+18,Hz,xray,,slop
1574.178,,,s,1.78E-09,2.66E-10,2.66E-10,erg cm-2 s-1,Integrated Flux,,7.25E+16,2.42E+18,Hz,xray,,slop
1575.293,,,s,1.83E-09,2.78E-10,2.78E-10,erg cm-2 s-1,Integrated Flux,,7.25E+16,2.42E+18,Hz,xray,,slop
1576.465,,,s,1.79E-09,2.67E-10,2.67E-10,erg cm-2 s-1,Integrated Flux,,7.25E+16,2.42E+18,Hz,xray,,slop
1577.4518,,,s,2.37E-09,3.67E-10,3.67E-10,erg cm-2 s-1,Integrated Flux,,7.25E+16,2.42E+18,Hz,xray,,slop
1578.496,,,s,1.65E-09,2.46E-10,2.46E-10,erg cm-2 s-1,Integrated Flux,,7.25E+16,2.42E+18,Hz,xray,,slop
1579.841,,,s,1.52E-09,2.26E-10,2.26E-10,erg cm-2 s-1,Integrated Flux,,7.25E+16,2.42E+18,Hz,xray,,slop
1581.113,,,s,1.77E-09,2.63E-10,2.63E-10,erg cm-2 s-1,Integrated Flux,,7.25E+16,2.42E+18,Hz,xray,,slop
1582.168,,,s,1.93E-09,2.94E-10,2.94E-10,erg cm-2 s-1,Integrated Flux,,7.25E+16,2.42E+18,Hz,xray,,slop
1583.224,,,s,1.99E-09,2.97E-10,2.97E-10,erg cm-2 s-1,Integrated Flux,,7.25E+16,2.42E+18,Hz,xray,,slop
1584.349,,,s,1.69E-09,2.64E-10,2.64E-10,erg cm-2 s-1,Integrated Flux,,7.25E+16,2.42E+18,Hz,xray,,slop
1585.3773,,,s,1.99E-09,3.14E-10,3.14E-10,erg cm-2 s-1,Integrated Flux,,7.25E+16,2.42E+18,Hz,xray,,slop
1586.663,,,s,1.37E-09,2.08E-10,2.08E-10,erg cm-2 s-1,Integrated Flux,,7.25E+16,2.42E+18,Hz,xray,,slop
1588.185,,,s,1.22E-09,1.89E-10,1.89E-10,erg cm-2 s-1,Integrated Flux,,7.25E+16,2.42E+18,Hz,xray,,slop
1589.5321,,,s,2.28E-09,3.40E-10,3.40E-10,erg cm-2 s-1,Integrated Flux,,7.25E+16,2.42E+18,Hz,xray,,slop
1590.568,,,s,1.84E-09,2.75E-10,2.75E-10,erg cm-2 s-1,Integrated Flux,,7.25E+16,2.42E+18,Hz,xray,,slop
1591.4477,,,s,1.99E-09,3.09E-10,3.09E-10,erg cm-2 s-1,Integrated Flux,,7.25E+16,2.42E+18,Hz,xray,,slop
1592.527,,,s,1.72E-09,2.56E-10,2.56E-10,erg cm-2 s-1,Integrated Flux,,7.25E+16,2.42E+18,Hz,xray,,slop
1593.918,,,s,1.52E-09,2.27E-10,2.27E-10,erg cm-2 s-1,Integrated Flux,,7.25E+16,2.42E+18,Hz,xray,,slop
1595.0093,,,s,2.48E-09,3.70E-10,3.70E-10,erg cm-2 s-1,Integrated Flux,,7.25E+16,2.42E+18,Hz,xray,,slop
1595.746,,,s,2.56E-09,3.82E-10,3.82E-10,erg cm-2 s-1,Integrated Flux,,7.25E+16,2.42E+18,Hz,xray,,slop
1596.689,,,s,1.75E-09,2.61E-10,2.61E-10,erg cm-2 s-1,Integrated Flux,,7.25E+16,2.42E+18,Hz,xray,,slop
1597.9052,,,s,2.12E-09,3.22E-10,3.22E-10,erg cm-2 s-1,Integrated Flux,,7.25E+16,2.42E+18,Hz,xray,,slop
1598.851,,,s,1.70E-09,2.59E-10,2.59E-10,erg cm-2 s-1,Integrated Flux,,7.25E+16,2.42E+18,Hz,xray,,slop
1600.078,,,s,1.61E-09,2.49E-10,2.49E-10,erg cm-2 s-1,Integrated Flux,,7.25E+16,2.42E+18,Hz,xray,,slop
1601.352,,,s,1.75E-09,2.61E-10,2.61E-10,erg cm-2 s-1,Integrated Flux,,7.25E+16,2.42E+18,Hz,xray,,slop
1602.424,,,s,2.17E-09,3.24E-10,3.24E-10,erg cm-2 s-1,Integrated Flux,,7.25E+16,2.42E+18,Hz,xray,,slop
1603.445,,,s,1.67E-09,2.49E-10,2.49E-10,erg cm-2 s-1,Integrated Flux,,7.25E+16,2.42E+18,Hz,xray,,slop
1604.5817,,,s,2.22E-09,3.38E-10,3.38E-10,erg cm-2 s-1,Integrated Flux,,7.25E+16,2.42E+18,Hz,xray,,slop
1605.522,,,s,1.78E-09,2.65E-10,2.65E-10,erg cm-2 s-1,Integrated Flux,,7.25E+16,2.42E+18,Hz,xray,,slop
1606.718,,,s,1.77E-09,2.79E-10,2.79E-10,erg cm-2 s-1,Integrated Flux,,7.25E+16,2.42E+18,Hz,xray,,slop
1607.764,,,s,1.93E-09,2.88E-10,2.88E-10,erg cm-2 s-1,Integrated Flux,,7.25E+16,2.42E+18,Hz,xray,,slop
1608.868,,,s,1.86E-09,2.77E-10,2.77E-10,erg cm-2 s-1,Integrated Flux,,7.25E+16,2.42E+18,Hz,xray,,slop
1610.123,,,s,1.53E-09,2.32E-10,2.32E-10,erg cm-2 s-1,Integrated Flux,,7.25E+16,2.42E+18,Hz,xray,,slop
1611.367,,,s,1.65E-09,2.46E-10,2.46E-10,erg cm-2 s-1,Integrated Flux,,7.25E+16,2.42E+18,Hz,xray,,slop
1612.578,,,s,1.58E-09,2.41E-10,2.41E-10,erg cm-2 s-1,Integrated Flux,,7.25E+16,2.42E+18,Hz,xray,,slop
1613.863,,,s,1.87E-09,2.79E-10,2.79E-10,erg cm-2 s-1,Integrated Flux,,7.25E+16,2.42E+18,Hz,xray,,slop
1614.962,,,s,1.62E-09,2.46E-10,2.46E-10,erg cm-2 s-1,Integrated Flux,,7.25E+16,2.42E+18,Hz,xray,,slop
1616.39,,,s,1.39E-09,2.12E-10,2.12E-10,erg cm-2 s-1,Integrated Flux,,7.25E+16,2.42E+18,Hz,xray,,slop
1617.681,,,s,1.48E-09,2.34E-10,2.34E-10,erg cm-2 s-1,Integrated Flux,,7.25E+16,2.42E+18,Hz,xray,,slop
1618.886,,,s,1.90E-09,2.84E-10,2.84E-10,erg cm-2 s-1,Integrated Flux,,7.25E+16,2.42E+18,Hz,xray,,slop
1620.141,,,s,1.43E-09,2.13E-10,2.13E-10,erg cm-2 s-1,Integrated Flux,,7.25E+16,2.42E+18,Hz,xray,,slop
1621.491,,,s,1.72E-09,2.61E-10,2.61E-10,erg cm-2 s-1,Integrated Flux,,7.25E+16,2.42E+18,Hz,xray,,slop
1622.645,,,s,1.51E-09,2.30E-10,2.30E-10,erg cm-2 s-1,Integrated Flux,,7.25E+16,2.42E+18,Hz,xray,,slop
1623.918,,,s,1.97E-09,2.93E-10,2.93E-10,erg cm-2 s-1,Integrated Flux,,7.25E+16,2.42E+18,Hz,xray,,slop
1624.9583,,,s,2.05E-09,3.06E-10,3.06E-10,erg cm-2 s-1,Integrated Flux,,7.25E+16,2.42E+18,Hz,xray,,slop
1625.8537,,,s,2.45E-09,3.66E-10,3.66E-10,erg cm-2 s-1,Integrated Flux,,7.25E+16,2.42E+18,Hz,xray,,slop
1626.725,,,s,1.83E-09,2.89E-10,2.89E-10,erg cm-2 s-1,Integrated Flux,,7.25E+16,2.42E+18,Hz,xray,,slop
1628.121,,,s,1.28E-09,1.91E-10,1.91E-10,erg cm-2 s-1,Integrated Flux,,7.25E+16,2.42E+18,Hz,xray,,slop
1629.471,,,s,1.96E-09,2.92E-10,2.92E-10,erg cm-2 s-1,Integrated Flux,,7.25E+16,2.42E+18,Hz,xray,,slop
1630.555,,,s,2.00E-09,2.98E-10,2.98E-10,erg cm-2 s-1,Integrated Flux,,7.25E+16,2.42E+18,Hz,xray,,slop
1631.59,,,s,1.85E-09,2.77E-10,2.77E-10,erg cm-2 s-1,Integrated Flux,,7.25E+16,2.42E+18,Hz,xray,,slop
1632.91,,,s,1.28E-09,1.95E-10,1.95E-10,erg cm-2 s-1,Integrated Flux,,7.25E+16,2.42E+18,Hz,xray,,slop
1634.248,,,s,1.98E-09,2.95E-10,2.95E-10,erg cm-2 s-1,Integrated Flux,,7.25E+16,2.42E+18,Hz,xray,,slop
1635.368,,,s,1.77E-09,2.64E-10,2.64E-10,erg cm-2 s-1,Integrated Flux,,7.25E+16,2.42E+18,Hz,xray,,slop
1636.668,,,s,1.63E-09,2.48E-10,2.48E-10,erg cm-2 s-1,Integrated Flux,,7.25E+16,2.42E+18,Hz,xray,,slop
1637.719,,,s,1.74E-09,2.59E-10,2.59E-10,erg cm-2 s-1,Integrated Flux,,7.25E+16,2.42E+18,Hz,xray,,slop
1638.8161,,,s,2.12E-09,3.28E-10,3.28E-10,erg cm-2 s-1,Integrated Flux,,7.25E+16,2.42E+18,Hz,xray,,slop
1639.6942,,,s,2.49E-09,3.71E-10,3.71E-10,erg cm-2 s-1,Integrated Flux,,7.25E+16,2.42E+18,Hz,xray,,slop
1640.568,,,s,2.21E-09,3.30E-10,3.30E-10,erg cm-2 s-1,Integrated Flux,,7.25E+16,2.42E+18,Hz,xray,,slop
1641.632,,,s,1.71E-09,2.55E-10,2.55E-10,erg cm-2 s-1,Integrated Flux,,7.25E+16,2.42E+18,Hz,xray,,slop
1642.682,,,s,1.84E-09,2.80E-10,2.80E-10,erg cm-2 s-1,Integrated Flux,,7.25E+16,2.42E+18,Hz,xray,,slop
1643.888,,,s,1.77E-09,2.69E-10,2.69E-10,erg cm-2 s-1,Integrated Flux,,7.25E+16,2.42E+18,Hz,xray,,slop
1644.9006,,,s,2.18E-09,3.25E-10,3.25E-10,erg cm-2 s-1,Integrated Flux,,7.25E+16,2.42E+18,Hz,xray,,slop
1645.892,,,s,2.04E-09,3.05E-10,3.05E-10,erg cm-2 s-1,Integrated Flux,,7.25E+16,2.42E+18,Hz,xray,,slop
1646.8444,,,s,2.02E-09,3.07E-10,3.07E-10,erg cm-2 s-1,Integrated Flux,,7.25E+16,2.42E+18,Hz,xray,,slop
1647.9645,,,s,2.05E-09,3.11E-10,3.11E-10,erg cm-2 s-1,Integrated Flux,,7.25E+16,2.42E+18,Hz,xray,,slop
1648.7948,,,s,2.60E-09,3.88E-10,3.88E-10,erg cm-2 s-1,Integrated Flux,,7.25E+16,2.42E+18,Hz,xray,,slop
1649.5712,,,s,2.62E-09,4.05E-10,4.05E-10,erg cm-2 s-1,Integrated Flux,,7.25E+16,2.42E+18,Hz,xray,,slop
1650.498,,,s,1.78E-09,2.66E-10,2.66E-10,erg cm-2 s-1,Integrated Flux,,7.25E+16,2.42E+18,Hz,xray,,slop
1651.624,,,s,1.82E-09,2.71E-10,2.71E-10,erg cm-2 s-1,Integrated Flux,,7.25E+16,2.42E+18,Hz,xray,,slop
1652.712,,,s,1.94E-09,3.01E-10,3.01E-10,erg cm-2 s-1,Integrated Flux,,7.25E+16,2.42E+18,Hz,xray,,slop
1653.78,,,s,1.74E-09,2.59E-10,2.59E-10,erg cm-2 s-1,Integrated Flux,,7.25E+16,2.42E+18,Hz,xray,,slop
1655.026,,,s,1.92E-09,2.86E-10,2.86E-10,erg cm-2 s-1,Integrated Flux,,7.25E+16,2.42E+18,Hz,xray,,slop
1655.961,,,s,1.78E-09,2.70E-10,2.70E-10,erg cm-2 s-1,Integrated Flux,,7.25E+16,2.42E+18,Hz,xray,,slop
1657.223,,,s,1.48E-09,2.20E-10,2.20E-10,erg cm-2 s-1,Integrated Flux,,7.25E+16,2.42E+18,Hz,xray,,slop
1658.68,,,s,1.44E-09,2.15E-10,2.15E-10,erg cm-2 s-1,Integrated Flux,,7.25E+16,2.42E+18,Hz,xray,,slop
1659.915,,,s,2.20E-09,3.28E-10,3.28E-10,erg cm-2 s-1,Integrated Flux,,7.25E+16,2.42E+18,Hz,xray,,slop
1661.071,,,s,1.59E-09,2.42E-10,2.42E-10,erg cm-2 s-1,Integrated Flux,,7.25E+16,2.42E+18,Hz,xray,,slop
1662.138,,,s,2.09E-09,3.12E-10,3.12E-10,erg cm-2 s-1,Integrated Flux,,7.25E+16,2.42E+18,Hz,xray,,slop
1663.239,,,s,1.54E-09,2.34E-10,2.34E-10,erg cm-2 s-1,Integrated Flux,,7.25E+16,2.42E+18,Hz,xray,,slop
1664.595,,,s,1.59E-09,2.46E-10,2.46E-10,erg cm-2 s-1,Integrated Flux,,7.25E+16,2.42E+18,Hz,xray,,slop
1665.687,,,s,2.20E-09,3.28E-10,3.28E-10,erg cm-2 s-1,Integrated Flux,,7.25E+16,2.42E+18,Hz,xray,,slop
1666.816,,,s,1.49E-09,2.22E-10,2.22E-10,erg cm-2 s-1,Integrated Flux,,7.25E+16,2.42E+18,Hz,xray,,slop
1668.154,,,s,1.71E-09,2.51E-10,2.51E-10,erg cm-2 s-1,Integrated Flux,,7.25E+16,2.42E+18,Hz,xray,,slop
1669.309,,,s,1.68E-09,2.55E-10,2.55E-10,erg cm-2 s-1,Integrated Flux,,7.25E+16,2.42E+18,Hz,xray,,slop
1670.572,,,s,1.63E-09,2.53E-10,2.53E-10,erg cm-2 s-1,Integrated Flux,,7.25E+16,2.42E+18,Hz,xray,,slop
1671.6713,,,s,2.19E-09,3.33E-10,3.33E-10,erg cm-2 s-1,Integrated Flux,,7.25E+16,2.42E+18,Hz,xray,,slop
1672.904,,,s,1.10E-09,1.74E-10,1.74E-10,erg cm-2 s-1,Integrated Flux,,7.25E+16,2.42E+18,Hz,xray,,slop
1674.402,,,s,1.92E-09,2.83E-10,2.83E-10,erg cm-2 s-1,Integrated Flux,,7.25E+16,2.42E+18,Hz,xray,,slop
1675.556,,,s,1.79E-09,2.66E-10,2.66E-10,erg cm-2 s-1,Integrated Flux,,7.25E+16,2.42E+18,Hz,xray,,slop
1676.766,,,s,1.83E-09,2.72E-10,2.72E-10,erg cm-2 s-1,Integrated Flux,,7.25E+16,2.42E+18,Hz,xray,,slop
1677.793,,,s,1.76E-09,2.62E-10,2.62E-10,erg cm-2 s-1,Integrated Flux,,7.25E+16,2.42E+18,Hz,xray,,slop
1678.939,,,s,1.79E-09,2.72E-10,2.72E-10,erg cm-2 s-1,Integrated Flux,,7.25E+16,2.42E+18,Hz,xray,,slop
1680.124,,,s,1.58E-09,2.35E-10,2.35E-10,erg cm-2 s-1,Integrated Flux,,7.25E+16,2.42E+18,Hz,xray,,slop
1681.4,,,s,1.77E-09,2.71E-10,2.71E-10,erg cm-2 s-1,Integrated Flux,,7.25E+16,2.42E+18,Hz,xray,,slop
1682.4068,,,s,2.69E-09,4.01E-10,4.01E-10,erg cm-2 s-1,Integrated Flux,,7.25E+16,2.42E+18,Hz,xray,,slop
1683.338,,,s,1.53E-09,2.33E-10,2.33E-10,erg cm-2 s-1,Integrated Flux,,7.25E+16,2.42E+18,Hz,xray,,slop
1684.743,,,s,1.74E-09,2.59E-10,2.59E-10,erg cm-2 s-1,Integrated Flux,,7.25E+16,2.42E+18,Hz,xray,,slop
1685.757,,,s,1.97E-09,2.94E-10,2.94E-10,erg cm-2 s-1,Integrated Flux,,7.25E+16,2.42E+18,Hz,xray,,slop
1686.7111,,,s,2.15E-09,3.21E-10,3.21E-10,erg cm-2 s-1,Integrated Flux,,7.25E+16,2.42E+18,Hz,xray,,slop
1687.776,,,s,1.94E-09,2.90E-10,2.90E-10,erg cm-2 s-1,Integrated Flux,,7.25E+16,2.42E+18,Hz,xray,,slop
1688.764,,,s,1.80E-09,2.68E-10,2.68E-10,erg cm-2 s-1,Integrated Flux,,7.25E+16,2.42E+18,Hz,xray,,slop
1690.133,,,s,1.52E-09,2.27E-10,2.27E-10,erg cm-2 s-1,Integrated Flux,,7.25E+16,2.42E+18,Hz,xray,,slop
1691.351,,,s,1.87E-09,2.85E-10,2.85E-10,erg cm-2 s-1,Integrated Flux,,7.25E+16,2.42E+18,Hz,xray,,slop
1692.403,,,s,1.79E-09,2.66E-10,2.66E-10,erg cm-2 s-1,Integrated Flux,,7.25E+16,2.42E+18,Hz,xray,,slop
1693.856,,,s,1.31E-09,1.95E-10,1.95E-10,erg cm-2 s-1,Integrated Flux,,7.25E+16,2.42E+18,Hz,xray,,slop
1695.254,,,s,1.62E-09,2.42E-10,2.42E-10,erg cm-2 s-1,Integrated Flux,,7.25E+16,2.42E+18,Hz,xray,,slop
1696.369,,,s,1.91E-09,2.84E-10,2.84E-10,erg cm-2 s-1,Integrated Flux,,7.25E+16,2.42E+18,Hz,xray,,slop
1697.494,,,s,1.79E-09,2.72E-10,2.72E-10,erg cm-2 s-1,Integrated Flux,,7.25E+16,2.42E+18,Hz,xray,,slop
1698.637,,,s,1.51E-09,2.25E-10,2.25E-10,erg cm-2 s-1,Integrated Flux,,7.25E+16,2.42E+18,Hz,xray,,slop
1700.049,,,s,1.59E-09,2.38E-10,2.38E-10,erg cm-2 s-1,Integrated Flux,,7.25E+16,2.42E+18,Hz,xray,,slop
1701.268,,,s,1.60E-09,2.38E-10,2.38E-10,erg cm-2 s-1,Integrated Flux,,7.25E+16,2.42E+18,Hz,xray,,slop
1702.548,,,s,1.51E-09,2.25E-10,2.25E-10,erg cm-2 s-1,Integrated Flux,,7.25E+16,2.42E+18,Hz,xray,,slop
1703.987,,,s,1.51E-09,2.34E-10,2.34E-10,erg cm-2 s-1,Integrated Flux,,7.25E+16,2.42E+18,Hz,xray,,slop
1705.316,,,s,1.35E-09,2.17E-10,2.17E-10,erg cm-2 s-1,Integrated Flux,,7.25E+16,2.42E+18,Hz,xray,,slop
1706.67,,,s,1.58E-09,2.36E-10,2.36E-10,erg cm-2 s-1,Integrated Flux,,7.25E+16,2.42E+18,Hz,xray,,slop
1707.818,,,s,2.01E-09,3.05E-10,3.05E-10,erg cm-2 s-1,Integrated Flux,,7.25E+16,2.42E+18,Hz,xray,,slop
1708.972,,,s,1.70E-09,2.54E-10,2.54E-10,erg cm-2 s-1,Integrated Flux,,7.25E+16,2.42E+18,Hz,xray,,slop
1710.112,,,s,1.79E-09,2.67E-10,2.67E-10,erg cm-2 s-1,Integrated Flux,,7.25E+16,2.42E+18,Hz,xray,,slop
1711.392,,,s,1.50E-09,2.24E-10,2.24E-10,erg cm-2 s-1,Integrated Flux,,7.25E+16,2.42E+18,Hz,xray,,slop
1712.632,,,s,1.65E-09,2.47E-10,2.47E-10,erg cm-2 s-1,Integrated Flux,,7.25E+16,2.42E+18,Hz,xray,,slop
1713.7531,,,s,2.08E-09,3.22E-10,3.22E-10,erg cm-2 s-1,Integrated Flux,,7.25E+16,2.42E+18,Hz,xray,,slop
1715,,,s,1.56E-09,2.37E-10,2.37E-10,erg cm-2 s-1,Integrated Flux,,7.25E+16,2.42E+18,Hz,xray,,slop
1716.164,,,s,1.56E-09,2.32E-10,2.32E-10,erg cm-2 s-1,Integrated Flux,,7.25E+16,2.42E+18,Hz,xray,,slop
1717.71,,,s,1.32E-09,2.04E-10,2.04E-10,erg cm-2 s-1,Integrated Flux,,7.25E+16,2.42E+18,Hz,xray,,slop
1718.923,,,s,1.90E-09,2.89E-10,2.89E-10,erg cm-2 s-1,Integrated Flux,,7.25E+16,2.42E+18,Hz,xray,,slop
1719.877,,,s,2.23E-09,3.39E-10,3.39E-10,erg cm-2 s-1,Integrated Flux,,7.25E+16,2.42E+18,Hz,xray,,slop
1720.905,,,s,1.59E-09,2.42E-10,2.42E-10,erg cm-2 s-1,Integrated Flux,,7.25E+16,2.42E+18,Hz,xray,,slop
1722.332,,,s,1.62E-09,2.45E-10,2.45E-10,erg cm-2 s-1,Integrated Flux,,7.25E+16,2.42E+18,Hz,xray,,slop
1723.439,,,s,1.83E-09,2.78E-10,2.78E-10,erg cm-2 s-1,Integrated Flux,,7.25E+16,2.42E+18,Hz,xray,,slop
1724.773,,,s,1.32E-09,2.05E-10,2.05E-10,erg cm-2 s-1,Integrated Flux,,7.25E+16,2.42E+18,Hz,xray,,slop
1725.9215,,,s,2.31E-09,3.44E-10,3.44E-10,erg cm-2 s-1,Integrated Flux,,7.25E+16,2.42E+18,Hz,xray,,slop
1727.267,,,s,1.20E-09,1.79E-10,1.79E-10,erg cm-2 s-1,Integrated Flux,,7.25E+16,2.42E+18,Hz,xray,,slop
1728.793,,,s,1.50E-09,2.28E-10,2.28E-10,erg cm-2 s-1,Integrated Flux,,7.25E+16,2.42E+18,Hz,xray,,slop
1730.156,,,s,1.50E-09,2.24E-10,2.24E-10,erg cm-2 s-1,Integrated Flux,,7.25E+16,2.42E+18,Hz,xray,,slop
1731.383,,,s,1.69E-09,2.62E-10,2.62E-10,erg cm-2 s-1,Integrated Flux,,7.25E+16,2.42E+18,Hz,xray,,slop
1732.57,,,s,1.73E-09,2.59E-10,2.59E-10,erg cm-2 s-1,Integrated Flux,,7.25E+16,2.42E+18,Hz,xray,,slop
1734.008,,,s,1.31E-09,1.96E-10,1.96E-10,erg cm-2 s-1,Integrated Flux,,7.25E+16,2.42E+18,Hz,xray,,slop
4976.359,,,s,1.95E-10,3.94E-11,3.94E-11,erg cm-2 s-1,Integrated Flux,,7.25E+16,2.42E+18,Hz,xray,,slop
4998.123,,,s,3.28E-10,7.18E-11,7.18E-11,erg cm-2 s-1,Integrated Flux,,7.25E+16,2.42E+18,Hz,xray,,slop
5022.222,,,s,2.49E-10,5.62E-11,5.62E-11,erg cm-2 s-1,Integrated Flux,,7.25E+16,2.42E+18,Hz,xray,,slop
5042.3,,,s,3.78E-10,8.31E-11,8.31E-11,erg cm-2 s-1,Integrated Flux,,7.25E+16,2.42E+18,Hz,xray,,slop
5059.581,,,s,3.59E-10,8.04E-11,8.04E-11,erg cm-2 s-1,Integrated Flux,,7.25E+16,2.42E+18,Hz,xray,,slop
5078.195,,,s,3.64E-10,7.62E-11,7.62E-11,erg cm-2 s-1,Integrated Flux,,7.25E+16,2.42E+18,Hz,xray,,slop
5100.665,,,s,2.76E-10,5.93E-11,5.93E-11,erg cm-2 s-1,Integrated Flux,,7.25E+16,2.42E+18,Hz,xray,,slop
5127.563,,,s,3.10E-10,6.62E-11,6.62E-11,erg cm-2 s-1,Integrated Flux,,7.25E+16,2.42E+18,Hz,xray,,slop
5158.438,,,s,1.83E-10,3.96E-11,3.96E-11,erg cm-2 s-1,Integrated Flux,,7.25E+16,2.42E+18,Hz,xray,,slop
5182.384,,,s,3.96E-10,8.47E-11,8.47E-11,erg cm-2 s-1,Integrated Flux,,7.25E+16,2.42E+18,Hz,xray,,slop
5204.674,,,s,2.19E-10,4.82E-11,4.82E-11,erg cm-2 s-1,Integrated Flux,,7.25E+16,2.42E+18,Hz,xray,,slop
5236.913,,,s,2.40E-10,5.26E-11,5.26E-11,erg cm-2 s-1,Integrated Flux,,7.25E+16,2.42E+18,Hz,xray,,slop
5265.678,,,s,2.11E-10,4.73E-11,4.73E-11,erg cm-2 s-1,Integrated Flux,,7.25E+16,2.42E+18,Hz,xray,,slop
5294.939,,,s,2.39E-10,5.26E-11,5.26E-11,erg cm-2 s-1,Integrated Flux,,7.25E+16,2.42E+18,Hz,xray,,slop
5319.146,,,s,3.07E-10,6.59E-11,6.59E-11,erg cm-2 s-1,Integrated Flux,,7.25E+16,2.42E+18,Hz,xray,,slop
5338.646,,,s,3.14E-10,7.05E-11,7.05E-11,erg cm-2 s-1,Integrated Flux,,7.25E+16,2.42E+18,Hz,xray,,slop
5363.704,,,s,2.49E-10,5.36E-11,5.36E-11,erg cm-2 s-1,Integrated Flux,,7.25E+16,2.42E+18,Hz,xray,,slop
5387.525,,,s,2.75E-10,5.90E-11,5.90E-11,erg cm-2 s-1,Integrated Flux,,7.25E+16,2.42E+18,Hz,xray,,slop
5411.351,,,s,2.94E-10,6.45E-11,6.45E-11,erg cm-2 s-1,Integrated Flux,,7.25E+16,2.42E+18,Hz,xray,,slop
5441.445,,,s,2.27E-10,5.12E-11,5.12E-11,erg cm-2 s-1,Integrated Flux,,7.25E+16,2.42E+18,Hz,xray,,slop
5477.721,,,s,1.32E-10,2.89E-11,2.89E-11,erg cm-2 s-1,Integrated Flux,,7.25E+16,2.42E+18,Hz,xray,,slop
5525.762,,,s,1.84E-10,3.95E-11,3.95E-11,erg cm-2 s-1,Integrated Flux,,7.25E+16,2.42E+18,Hz,xray,,slop
5550.569,,,s,2.92E-10,6.41E-11,6.41E-11,erg cm-2 s-1,Integrated Flux,,7.25E+16,2.42E+18,Hz,xray,,slop
5579.595,,,s,2.08E-10,4.67E-11,4.67E-11,erg cm-2 s-1,Integrated Flux,,7.25E+16,2.42E+18,Hz,xray,,slop
5606.672,,,s,2.27E-10,5.14E-11,5.14E-11,erg cm-2 s-1,Integrated Flux,,7.25E+16,2.42E+18,Hz,xray,,slop
5636.258,,,s,1.57E-10,3.54E-11,3.54E-11,erg cm-2 s-1,Integrated Flux,,7.25E+16,2.42E+18,Hz,xray,,slop
5674.5,,,s,2.51E-10,5.64E-11,5.64E-11,erg cm-2 s-1,Integrated Flux,,7.25E+16,2.42E+18,Hz,xray,,slop
5706.847,,,s,1.74E-10,3.86E-11,3.86E-11,erg cm-2 s-1,Integrated Flux,,7.25E+16,2.42E+18,Hz,xray,,slop
5744.573,,,s,1.68E-10,3.76E-11,3.76E-11,erg cm-2 s-1,Integrated Flux,,7.25E+16,2.42E+18,Hz,xray,,slop
5771.911,,,s,3.14E-10,7.05E-11,7.05E-11,erg cm-2 s-1,Integrated Flux,,7.25E+16,2.42E+18,Hz,xray,,slop
5798.269,,,s,2.31E-10,4.95E-11,4.95E-11,erg cm-2 s-1,Integrated Flux,,7.25E+16,2.42E+18,Hz,xray,,slop
5827.662,,,s,2.40E-10,5.04E-11,5.04E-11,erg cm-2 s-1,Integrated Flux,,7.25E+16,2.42E+18,Hz,xray,,slop
5862.657,,,s,1.25E-10,2.82E-11,2.82E-11,erg cm-2 s-1,Integrated Flux,,7.25E+16,2.42E+18,Hz,xray,,slop
5913.561,,,s,1.92E-10,4.05E-11,4.05E-11,erg cm-2 s-1,Integrated Flux,,7.25E+16,2.42E+18,Hz,xray,,slop
5947.448,,,s,1.83E-10,3.94E-11,3.94E-11,erg cm-2 s-1,Integrated Flux,,7.25E+16,2.42E+18,Hz,xray,,slop
5981.269,,,s,2.27E-10,5.13E-11,5.13E-11,erg cm-2 s-1,Integrated Flux,,7.25E+16,2.42E+18,Hz,xray,,slop
6012.984,,,s,1.66E-10,3.75E-11,3.75E-11,erg cm-2 s-1,Integrated Flux,,7.25E+16,2.42E+18,Hz,xray,,slop
6047.493,,,s,2.40E-10,5.25E-11,5.25E-11,erg cm-2 s-1,Integrated Flux,,7.25E+16,2.42E+18,Hz,xray,,slop
6083.067,,,s,1.63E-10,3.59E-11,3.59E-11,erg cm-2 s-1,Integrated Flux,,7.25E+16,2.42E+18,Hz,xray,,slop
6116.282,,,s,1.56E-10,3.52E-11,3.52E-11,erg cm-2 s-1,Integrated Flux,,7.25E+16,2.42E+18,Hz,xray,,slop
6157.776,,,s,1.30E-10,2.96E-11,2.96E-11,erg cm-2 s-1,Integrated Flux,,7.25E+16,2.42E+18,Hz,xray,,slop
6200.352,,,s,2.76E-10,5.89E-11,5.89E-11,erg cm-2 s-1,Integrated Flux,,7.25E+16,2.42E+18,Hz,xray,,slop
6225.106,,,s,2.28E-10,5.12E-11,5.12E-11,erg cm-2 s-1,Integrated Flux,,7.25E+16,2.42E+18,Hz,xray,,slop
6251.899,,,s,2.94E-10,6.44E-11,6.44E-11,erg cm-2 s-1,Integrated Flux,,7.25E+16,2.42E+18,Hz,xray,,slop
6287.021,,,s,1.09E-10,2.45E-11,2.45E-11,erg cm-2 s-1,Integrated Flux,,7.25E+16,2.42E+18,Hz,xray,,slop
6338.183,,,s,1.92E-10,4.32E-11,4.32E-11,erg cm-2 s-1,Integrated Flux,,7.25E+16,2.42E+18,Hz,xray,,slop
6382.148,,,s,1.32E-10,2.90E-11,2.90E-11,erg cm-2 s-1,Integrated Flux,,7.25E+16,2.42E+18,Hz,xray,,slop
6424.056,,,s,1.67E-10,3.76E-11,3.76E-11,erg cm-2 s-1,Integrated Flux,,7.25E+16,2.42E+18,Hz,xray,,slop
6455.822,,,s,1.87E-10,4.11E-11,4.11E-11,erg cm-2 s-1,Integrated Flux,,7.25E+16,2.42E+18,Hz,xray,,slop
6487.87,,,s,2.08E-10,4.67E-11,4.67E-11,erg cm-2 s-1,Integrated Flux,,7.25E+16,2.42E+18,Hz,xray,,slop
6529.359,,,s,1.47E-10,3.31E-11,3.31E-11,erg cm-2 s-1,Integrated Flux,,7.25E+16,2.42E+18,Hz,xray,,slop
6565.094,,,s,1.47E-10,3.31E-11,3.31E-11,erg cm-2 s-1,Integrated Flux,,7.25E+16,2.42E+18,Hz,xray,,slop
6614.615,,,s,1.55E-10,3.40E-11,3.40E-11,erg cm-2 s-1,Integrated Flux,,7.25E+16,2.42E+18,Hz,xray,,slop
6655.231,,,s,1.57E-10,3.53E-11,3.53E-11,erg cm-2 s-1,Integrated Flux,,7.25E+16,2.42E+18,Hz,xray,,slop
6693.464,,,s,1.39E-10,3.12E-11,3.12E-11,erg cm-2 s-1,Integrated Flux,,7.25E+16,2.42E+18,Hz,xray,,slop
6743.36,,,s,1.46E-10,3.29E-11,3.29E-11,erg cm-2 s-1,Integrated Flux,,7.25E+16,2.42E+18,Hz,xray,,slop
6776.959,,,s,1.79E-10,4.01E-11,4.01E-11,erg cm-2 s-1,Integrated Flux,,7.25E+16,2.42E+18,Hz,xray,,slop
6820.21,,,s,1.31E-10,2.90E-11,2.90E-11,erg cm-2 s-1,Integrated Flux,,7.25E+16,2.42E+18,Hz,xray,,slop
6885.988,,,s,1.42E-10,2.37E-11,2.37E-11,erg cm-2 s-1,Integrated Flux,,7.25E+16,2.42E+18,Hz,xray,,slop
10721.009,,,s,8.00E-11,1.75E-11,1.75E-11,erg cm-2 s-1,Integrated Flux,,7.25E+16,2.42E+18,Hz,xray,,slop
10753.691,,,s,5.98E-11,1.34E-11,1.34E-11,erg cm-2 s-1,Integrated Flux,,7.25E+16,2.42E+18,Hz,xray,,slop
10789.066,,,s,9.57E-11,2.10E-11,2.10E-11,erg cm-2 s-1,Integrated Flux,,7.25E+16,2.42E+18,Hz,xray,,slop
10825.114,,,s,4.55E-11,1.00E-11,1.00E-11,erg cm-2 s-1,Integrated Flux,,7.25E+16,2.42E+18,Hz,xray,,slop
10870.782,,,s,6.15E-11,1.38E-11,1.38E-11,erg cm-2 s-1,Integrated Flux,,7.25E+16,2.42E+18,Hz,xray,,slop
10908.769,,,s,6.52E-11,1.46E-11,1.46E-11,erg cm-2 s-1,Integrated Flux,,7.25E+16,2.42E+18,Hz,xray,,slop
10946.756,,,s,6.06E-11,1.37E-11,1.37E-11,erg cm-2 s-1,Integrated Flux,,7.25E+16,2.42E+18,Hz,xray,,slop
10994.392,,,s,4.33E-11,9.75E-12,9.75E-12,erg cm-2 s-1,Integrated Flux,,7.25E+16,2.42E+18,Hz,xray,,slop
11040.511,,,s,6.49E-11,1.42E-11,1.42E-11,erg cm-2 s-1,Integrated Flux,,7.25E+16,2.42E+18,Hz,xray,,slop
11074.775,,,s,5.62E-11,1.24E-11,1.24E-11,erg cm-2 s-1,Integrated Flux,,7.25E+16,2.42E+18,Hz,xray,,slop
11122.533,,,s,5.04E-11,1.11E-11,1.11E-11,erg cm-2 s-1,Integrated Flux,,7.25E+16,2.42E+18,Hz,xray,,slop
11164.264,,,s,7.90E-11,1.62E-11,1.62E-11,erg cm-2 s-1,Integrated Flux,,7.25E+16,2.42E+18,Hz,xray,,slop
11187.132,,,s,1.22E-10,2.68E-11,2.68E-11,erg cm-2 s-1,Integrated Flux,,7.25E+16,2.42E+18,Hz,xray,,slop
11223.81,,,s,4.83E-11,1.08E-11,1.08E-11,erg cm-2 s-1,Integrated Flux,,7.25E+16,2.42E+18,Hz,xray,,slop
11274.231,,,s,6.38E-11,1.28E-11,1.28E-11,erg cm-2 s-1,Integrated Flux,,7.25E+16,2.42E+18,Hz,xray,,slop
11325.98,,,s,4.02E-11,9.03E-12,9.03E-12,erg cm-2 s-1,Integrated Flux,,7.25E+16,2.42E+18,Hz,xray,,slop
11368.862,,,s,6.95E-11,1.56E-11,1.56E-11,erg cm-2 s-1,Integrated Flux,,7.25E+16,2.42E+18,Hz,xray,,slop
11406.47,,,s,5.72E-11,1.29E-11,1.29E-11,erg cm-2 s-1,Integrated Flux,,7.25E+16,2.42E+18,Hz,xray,,slop
11441.7,,,s,6.59E-11,1.48E-11,1.48E-11,erg cm-2 s-1,Integrated Flux,,7.25E+16,2.42E+18,Hz,xray,,slop
11480.36,,,s,5.38E-11,1.18E-11,1.18E-11,erg cm-2 s-1,Integrated Flux,,7.25E+16,2.42E+18,Hz,xray,,slop
11522.034,,,s,6.43E-11,1.42E-11,1.42E-11,erg cm-2 s-1,Integrated Flux,,7.25E+16,2.42E+18,Hz,xray,,slop
11565.059,,,s,5.73E-11,1.29E-11,1.29E-11,erg cm-2 s-1,Integrated Flux,,7.25E+16,2.42E+18,Hz,xray,,slop
11602.292,,,s,5.70E-11,1.28E-11,1.28E-11,erg cm-2 s-1,Integrated Flux,,7.25E+16,2.42E+18,Hz,xray,,slop
11644.917,,,s,6.11E-11,1.37E-11,1.37E-11,erg cm-2 s-1,Integrated Flux,,7.25E+16,2.42E+18,Hz,xray,,slop
11684.966,,,s,6.20E-11,1.30E-11,1.30E-11,erg cm-2 s-1,Integrated Flux,,7.25E+16,2.42E+18,Hz,xray,,slop
11718.004,,,s,6.13E-11,1.38E-11,1.38E-11,erg cm-2 s-1,Integrated Flux,,7.25E+16,2.42E+18,Hz,xray,,slop
11762.004,,,s,4.60E-11,1.03E-11,1.03E-11,erg cm-2 s-1,Integrated Flux,,7.25E+16,2.42E+18,Hz,xray,,slop
11810.525,,,s,5.08E-11,1.15E-11,1.15E-11,erg cm-2 s-1,Integrated Flux,,7.25E+16,2.42E+18,Hz,xray,,slop
11854.023,,,s,5.49E-11,1.23E-11,1.23E-11,erg cm-2 s-1,Integrated Flux,,7.25E+16,2.42E+18,Hz,xray,,slop
11898.901,,,s,4.64E-11,1.04E-11,1.04E-11,erg cm-2 s-1,Integrated Flux,,7.25E+16,2.42E+18,Hz,xray,,slop
11954.243,,,s,4.82E-11,1.06E-11,1.06E-11,erg cm-2 s-1,Integrated Flux,,7.25E+16,2.42E+18,Hz,xray,,slop
11992.805,,,s,5.78E-11,1.30E-11,1.30E-11,erg cm-2 s-1,Integrated Flux,,7.25E+16,2.42E+18,Hz,xray,,slop
12039.883,,,s,5.28E-11,1.13E-11,1.13E-11,erg cm-2 s-1,Integrated Flux,,7.25E+16,2.42E+18,Hz,xray,,slop
12077.303,,,s,7.69E-11,1.73E-11,1.73E-11,erg cm-2 s-1,Integrated Flux,,7.25E+16,2.42E+18,Hz,xray,,slop
12115.536,,,s,5.38E-11,1.21E-11,1.21E-11,erg cm-2 s-1,Integrated Flux,,7.25E+16,2.42E+18,Hz,xray,,slop
12154.475,,,s,8.09E-11,1.77E-11,1.77E-11,erg cm-2 s-1,Integrated Flux,,7.25E+16,2.42E+18,Hz,xray,,slop
12185.365,,,s,5.77E-11,1.29E-11,1.29E-11,erg cm-2 s-1,Integrated Flux,,7.25E+16,2.42E+18,Hz,xray,,slop
12234.256,,,s,3.98E-11,8.99E-12,8.99E-12,erg cm-2 s-1,Integrated Flux,,7.25E+16,2.42E+18,Hz,xray,,slop
12300.569,,,s,3.39E-11,7.63E-12,7.63E-12,erg cm-2 s-1,Integrated Flux,,7.25E+16,2.42E+18,Hz,xray,,slop
12355.856,,,s,3.52E-11,7.92E-12,7.92E-12,erg cm-2 s-1,Integrated Flux,,7.25E+16,2.42E+18,Hz,xray,,slop
12415.038,,,s,6.01E-11,1.35E-11,1.35E-11,erg cm-2 s-1,Integrated Flux,,7.25E+16,2.42E+18,Hz,xray,,slop
12458.79,,,s,5.68E-11,1.28E-11,1.28E-11,erg cm-2 s-1,Integrated Flux,,7.25E+16,2.42E+18,Hz,xray,,slop
12498.15,,,s,4.82E-11,1.08E-11,1.08E-11,erg cm-2 s-1,Integrated Flux,,7.25E+16,2.42E+18,Hz,xray,,slop
12550.861,,,s,4.54E-11,9.93E-12,9.93E-12,erg cm-2 s-1,Integrated Flux,,7.25E+16,2.42E+18,Hz,xray,,slop
12597.816,,,s,5.00E-11,1.12E-11,1.12E-11,erg cm-2 s-1,Integrated Flux,,7.25E+16,2.42E+18,Hz,xray,,slop
12645.581,,,s,4.80E-11,1.08E-11,1.08E-11,erg cm-2 s-1,Integrated Flux,,7.25E+16,2.42E+18,Hz,xray,,slop
12705.881,,,s,3.92E-11,8.82E-12,8.82E-12,erg cm-2 s-1,Integrated Flux,,7.25E+16,2.42E+18,Hz,xray,,slop
12744.746,,,s,5.09E-11,1.14E-11,1.14E-11,erg cm-2 s-1,Integrated Flux,,7.25E+16,2.42E+18,Hz,xray,,slop
12817.259,,,s,4.55E-11,7.61E-12,7.61E-12,erg cm-2 s-1,Integrated Flux,,7.25E+16,2.42E+18,Hz,xray,,slop
16535.437,,,s,2.16E-11,4.85E-12,4.85E-12,erg cm-2 s-1,Integrated Flux,,7.25E+16,2.42E+18,Hz,xray,,slop
16619.443,,,s,2.34E-11,5.25E-12,5.25E-12,erg cm-2 s-1,Integrated Flux,,7.25E+16,2.42E+18,Hz,xray,,slop
16698.037,,,s,2.40E-11,5.38E-12,5.38E-12,erg cm-2 s-1,Integrated Flux,,7.25E+16,2.42E+18,Hz,xray,,slop
16787.035,,,s,1.73E-11,3.88E-12,3.88E-12,erg cm-2 s-1,Integrated Flux,,7.25E+16,2.42E+18,Hz,xray,,slop
16897.126,,,s,2.18E-11,4.87E-12,4.87E-12,erg cm-2 s-1,Integrated Flux,,7.25E+16,2.42E+18,Hz,xray,,slop
16960.817,,,s,2.70E-11,6.04E-12,6.04E-12,erg cm-2 s-1,Integrated Flux,,7.25E+16,2.42E+18,Hz,xray,,slop
17026.632,,,s,2.94E-11,6.60E-12,6.60E-12,erg cm-2 s-1,Integrated Flux,,7.25E+16,2.42E+18,Hz,xray,,slop
17099.333,,,s,2.43E-11,5.44E-12,5.44E-12,erg cm-2 s-1,Integrated Flux,,7.25E+16,2.42E+18,Hz,xray,,slop
17169.176,,,s,3.25E-11,7.28E-12,7.28E-12,erg cm-2 s-1,Integrated Flux,,7.25E+16,2.42E+18,Hz,xray,,slop
17227.387,,,s,3.28E-11,7.18E-12,7.18E-12,erg cm-2 s-1,Integrated Flux,,7.25E+16,2.42E+18,Hz,xray,,slop
17299.426,,,s,2.47E-11,5.55E-12,5.55E-12,erg cm-2 s-1,Integrated Flux,,7.25E+16,2.42E+18,Hz,xray,,slop
17387.494,,,s,2.18E-11,4.77E-12,4.77E-12,erg cm-2 s-1,Integrated Flux,,7.25E+16,2.42E+18,Hz,xray,,slop
17452.25,,,s,3.09E-11,6.95E-12,6.95E-12,erg cm-2 s-1,Integrated Flux,,7.25E+16,2.42E+18,Hz,xray,,slop
17542.495,,,s,1.85E-11,4.16E-12,4.16E-12,erg cm-2 s-1,Integrated Flux,,7.25E+16,2.42E+18,Hz,xray,,slop
17626.406,,,s,2.35E-11,5.15E-12,5.15E-12,erg cm-2 s-1,Integrated Flux,,7.25E+16,2.42E+18,Hz,xray,,slop
17697.213,,,s,3.12E-11,7.01E-12,7.01E-12,erg cm-2 s-1,Integrated Flux,,7.25E+16,2.42E+18,Hz,xray,,slop
17753.003,,,s,3.55E-11,7.96E-12,7.96E-12,erg cm-2 s-1,Integrated Flux,,7.25E+16,2.42E+18,Hz,xray,,slop
17814.804,,,s,2.24E-11,5.04E-12,5.04E-12,erg cm-2 s-1,Integrated Flux,,7.25E+16,2.42E+18,Hz,xray,,slop
17912.948,,,s,2.10E-11,4.61E-12,4.61E-12,erg cm-2 s-1,Integrated Flux,,7.25E+16,2.42E+18,Hz,xray,,slop
18002.97,,,s,2.12E-11,4.77E-12,4.77E-12,erg cm-2 s-1,Integrated Flux,,7.25E+16,2.42E+18,Hz,xray,,slop
18076.442,,,s,2.47E-11,5.56E-12,5.56E-12,erg cm-2 s-1,Integrated Flux,,7.25E+16,2.42E+18,Hz,xray,,slop
18174.581,,,s,1.72E-11,3.87E-12,3.87E-12,erg cm-2 s-1,Integrated Flux,,7.25E+16,2.42E+18,Hz,xray,,slop
18260.998,,,s,3.10E-11,6.80E-12,6.80E-12,erg cm-2 s-1,Integrated Flux,,7.25E+16,2.42E+18,Hz,xray,,slop
18342.172,,,s,1.85E-11,4.04E-12,4.04E-12,erg cm-2 s-1,Integrated Flux,,7.25E+16,2.42E+18,Hz,xray,,slop
18449.4,,,s,2.16E-11,4.86E-12,4.86E-12,erg cm-2 s-1,Integrated Flux,,7.25E+16,2.42E+18,Hz,xray,,slop
18506.838,,,s,3.88E-11,8.49E-12,8.49E-12,erg cm-2 s-1,Integrated Flux,,7.25E+16,2.42E+18,Hz,xray,,slop
18583.406,,,s,1.83E-11,4.13E-12,4.13E-12,erg cm-2 s-1,Integrated Flux,,7.25E+16,2.42E+18,Hz,xray,,slop
18685.946,,,s,2.20E-11,4.63E-12,4.63E-12,erg cm-2 s-1,Integrated Flux,,7.25E+16,2.42E+18,Hz,xray,,slop
18771.979,,,s,2.23E-11,4.39E-12,4.39E-12,erg cm-2 s-1,Integrated Flux,,7.25E+16,2.42E+18,Hz,xray,,slop
22388.585,,,s,1.41E-11,2.22E-12,2.22E-12,erg cm-2 s-1,Integrated Flux,,7.25E+16,2.42E+18,Hz,xray,,slop
28104.566,,,s,8.08E-12,1.82E-12,1.82E-12,erg cm-2 s-1,Integrated Flux,,7.25E+16,2.42E+18,Hz,xray,,slop
28210.638,,,s,1.17E-11,2.62E-12,2.62E-12,erg cm-2 s-1,Integrated Flux,,7.25E+16,2.42E+18,Hz,xray,,slop
28319.434,,,s,7.49E-12,1.68E-12,1.68E-12,erg cm-2 s-1,Integrated Flux,,7.25E+16,2.42E+18,Hz,xray,,slop
28427.896,,,s,1.10E-11,2.48E-12,2.48E-12,erg cm-2 s-1,Integrated Flux,,7.25E+16,2.42E+18,Hz,xray,,slop
28515.788,,,s,1.57E-11,3.52E-12,3.52E-12,erg cm-2 s-1,Integrated Flux,,7.25E+16,2.42E+18,Hz,xray,,slop
28615.06,,,s,8.11E-12,1.83E-12,1.83E-12,erg cm-2 s-1,Integrated Flux,,7.25E+16,2.42E+18,Hz,xray,,slop
28741.548,,,s,8.33E-12,1.88E-12,1.88E-12,erg cm-2 s-1,Integrated Flux,,7.25E+16,2.42E+18,Hz,xray,,slop
28869.298,,,s,8.25E-12,1.86E-12,1.86E-12,erg cm-2 s-1,Integrated Flux,,7.25E+16,2.42E+18,Hz,xray,,slop
28974.867,,,s,1.09E-11,2.45E-12,2.45E-12,erg cm-2 s-1,Integrated Flux,,7.25E+16,2.42E+18,Hz,xray,,slop
29065.502,,,s,9.87E-12,2.21E-12,2.21E-12,erg cm-2 s-1,Integrated Flux,,7.25E+16,2.42E+18,Hz,xray,,slop
29171.189,,,s,1.09E-11,2.45E-12,2.45E-12,erg cm-2 s-1,Integrated Flux,,7.25E+16,2.42E+18,Hz,xray,,slop
29270.806,,,s,9.88E-12,2.11E-12,2.11E-12,erg cm-2 s-1,Integrated Flux,,7.25E+16,2.42E+18,Hz,xray,,slop
29379.799,,,s,1.09E-11,2.45E-12,2.45E-12,erg cm-2 s-1,Integrated Flux,,7.25E+16,2.42E+18,Hz,xray,,slop
29481.458,,,s,7.96E-12,1.79E-12,1.79E-12,erg cm-2 s-1,Integrated Flux,,7.25E+16,2.42E+18,Hz,xray,,slop
29589.16,,,s,9.32E-12,2.11E-12,2.11E-12,erg cm-2 s-1,Integrated Flux,,7.25E+16,2.42E+18,Hz,xray,,slop
29720.538,,,s,7.66E-12,1.72E-12,1.72E-12,erg cm-2 s-1,Integrated Flux,,7.25E+16,2.42E+18,Hz,xray,,slop
29837.755,,,s,1.08E-11,2.45E-12,2.45E-12,erg cm-2 s-1,Integrated Flux,,7.25E+16,2.42E+18,Hz,xray,,slop
29927.271,,,s,1.10E-11,2.47E-12,2.47E-12,erg cm-2 s-1,Integrated Flux,,7.25E+16,2.42E+18,Hz,xray,,slop
30019.56,,,s,1.15E-11,2.54E-12,2.54E-12,erg cm-2 s-1,Integrated Flux,,7.25E+16,2.42E+18,Hz,xray,,slop
30115.181,,,s,1.00E-11,2.26E-12,2.26E-12,erg cm-2 s-1,Integrated Flux,,7.25E+16,2.42E+18,Hz,xray,,slop
30204.704,,,s,1.29E-11,2.90E-12,2.90E-12,erg cm-2 s-1,Integrated Flux,,7.25E+16,2.42E+18,Hz,xray,,slop
30294.954,,,s,8.63E-12,1.94E-12,1.94E-12,erg cm-2 s-1,Integrated Flux,,7.25E+16,2.42E+18,Hz,xray,,slop
30483.892,,,s,1.55E-11,3.13E-12,3.13E-12,erg cm-2 s-1,Integrated Flux,,7.25E+16,2.42E+18,Hz,xray,,slop
45585.03,,,s,4.50E-12,1.01E-12,1.01E-12,erg cm-2 s-1,Integrated Flux,,7.25E+16,2.42E+18,Hz,xray,,slop
45994.264,,,s,2.51E-12,6.66E-13,6.66E-13,erg cm-2 s-1,Integrated Flux,,7.25E+16,2.42E+18,Hz,xray,,slop
46384.752,,,s,3.92E-12,1.03E-12,1.03E-12,erg cm-2 s-1,Integrated Flux,,7.25E+16,2.42E+18,Hz,xray,,slop
46732.145,,,s,4.78E-12,1.08E-12,1.08E-12,erg cm-2 s-1,Integrated Flux,,7.25E+16,2.42E+18,Hz,xray,,slop
47027.979,,,s,4.13E-12,1.01E-12,1.01E-12,erg cm-2 s-1,Integrated Flux,,7.25E+16,2.42E+18,Hz,xray,,slop
47374.776,,,s,4.54E-12,1.02E-12,1.02E-12,erg cm-2 s-1,Integrated Flux,,7.25E+16,2.42E+18,Hz,xray,,slop
47730.986,,,s,4.46E-12,9.18E-13,9.18E-13,erg cm-2 s-1,Integrated Flux,,7.25E+16,2.42E+18,Hz,xray,,slop
75715.078,,,s,4.45E-12,8.94E-13,8.94E-13,erg cm-2 s-1,Integrated Flux,,7.25E+16,2.42E+18,Hz,xray,,slop
76075.392,,,s,3.43E-12,5.12E-13,5.12E-13,erg cm-2 s-1,Integrated Flux,,7.25E+16,2.42E+18,Hz,xray,,slop
76530.549,,,s,1.95E-12,4.42E-13,4.42E-13,erg cm-2 s-1,Integrated Flux,,7.25E+16,2.42E+18,Hz,xray,,slop
82462.667,,,s,2.32E-12,5.45E-13,5.45E-13,erg cm-2 s-1,Integrated Flux,,7.25E+16,2.42E+18,Hz,xray,,slop
113202.056,,,s,2.36E-12,3.16E-13,3.16E-13,erg cm-2 s-1,Integrated Flux,,7.25E+16,2.42E+18,Hz,xray,,slop
116993.669,,,s,1.20E-12,3.55E-13,3.55E-13,erg cm-2 s-1,Integrated Flux,,7.25E+16,2.42E+18,Hz,xray,,slop
128019.143,,,s,1.86E-12,3.50E-13,3.50E-13,erg cm-2 s-1,Integrated Flux,,7.25E+16,2.42E+18,Hz,xray,,slop
134009.874,,,s,1.87E-12,2.34E-13,2.34E-13,erg cm-2 s-1,Integrated Flux,,7.25E+16,2.42E+18,Hz,xray,,slop
139664.66,,,s,1.01E-12,2.89E-13,2.89E-13,erg cm-2 s-1,Integrated Flux,,7.25E+16,2.42E+18,Hz,xray,,slop
148874.224,,,s,1.54E-12,1.76E-13,1.76E-13,erg cm-2 s-1,Integrated Flux,,7.25E+16,2.42E+18,Hz,xray,,slop
165880.076,,,s,1.01E-12,2.42E-13,2.42E-13,erg cm-2 s-1,Integrated Flux,,7.25E+16,2.42E+18,Hz,xray,,slop
185702.936,,,s,1.24E-12,2.00E-13,2.00E-13,erg cm-2 s-1,Integrated Flux,,7.25E+16,2.42E+18,Hz,xray,,slop
197726.7,,,s,8.67E-13,2.24E-13,2.24E-13,erg cm-2 s-1,Integrated Flux,,7.25E+16,2.42E+18,Hz,xray,,slop
203460.885,,,s,9.04E-13,2.65E-13,2.65E-13,erg cm-2 s-1,Integrated Flux,,7.25E+16,2.42E+18,Hz,xray,,slop
218090.632,,,s,1.22E-12,1.20E-13,1.20E-13,erg cm-2 s-1,Integrated Flux,,7.25E+16,2.42E+18,Hz,xray,,slop
226679.268,,,s,5.81E-13,1.92E-13,1.92E-13,erg cm-2 s-1,Integrated Flux,,7.25E+16,2.42E+18,Hz,xray,,slop
232535.094,,,s,7.28E-13,1.93E-13,1.93E-13,erg cm-2 s-1,Integrated Flux,,7.25E+16,2.42E+18,Hz,xray,,slop
239289.914,,,s,7.48E-13,1.61E-13,1.61E-13,erg cm-2 s-1,Integrated Flux,,7.25E+16,2.42E+18,Hz,xray,,slop
263371.347,,,s,6.49E-13,1.45E-13,1.45E-13,erg cm-2 s-1,Integrated Flux,,7.25E+16,2.42E+18,Hz,xray,,slop
285557.044,,,s,5.42E-13,9.23E-14,9.23E-14,erg cm-2 s-1,Integrated Flux,,7.25E+16,2.42E+18,Hz,xray,,slop
298012.044,,,s,4.10E-13,1.04E-13,1.04E-13,erg cm-2 s-1,Integrated Flux,,7.25E+16,2.42E+18,Hz,xray,,slop
309814.596,,,s,4.15E-13,1.07E-13,1.07E-13,erg cm-2 s-1,Integrated Flux,,7.25E+16,2.42E+18,Hz,xray,,slop
321444.616,,,s,4.52E-13,1.03E-13,1.03E-13,erg cm-2 s-1,Integrated Flux,,7.25E+16,2.42E+18,Hz,xray,,slop
338638.212,,,s,4.35E-13,6.95E-14,6.95E-14,erg cm-2 s-1,Integrated Flux,,7.25E+16,2.42E+18,Hz,xray,,slop
375019.925,,,s,3.01E-13,8.67E-14,8.67E-14,erg cm-2 s-1,Integrated Flux,,7.25E+16,2.42E+18,Hz,xray,,slop
385925.627,,,s,3.27E-13,8.66E-14,8.66E-14,erg cm-2 s-1,Integrated Flux,,7.25E+16,2.42E+18,Hz,xray,,slop
396770.593,,,s,3.46E-13,9.99E-14,9.99E-14,erg cm-2 s-1,Integrated Flux,,7.25E+16,2.42E+18,Hz,xray,,slop
410044.871,,,s,4.87E-13,7.83E-14,7.83E-14,erg cm-2 s-1,Integrated Flux,,7.25E+16,2.42E+18,Hz,xray,,slop
420311.11,,,s,2.90E-13,8.59E-14,8.59E-14,erg cm-2 s-1,Integrated Flux,,7.25E+16,2.42E+18,Hz,xray,,slop
446428.609,,,s,4.08E-13,9.49E-14,9.49E-14,erg cm-2 s-1,Integrated Flux,,7.25E+16,2.42E+18,Hz,xray,,slop
467523.68,,,s,3.82E-13,5.97E-14,5.97E-14,erg cm-2 s-1,Integrated Flux,,7.25E+16,2.42E+18,Hz,xray,,slop
493249.152,,,s,2.66E-13,4.85E-14,4.85E-14,erg cm-2 s-1,Integrated Flux,,7.25E+16,2.42E+18,Hz,xray,,slop
585221.861,,,s,2.47E-13,5.31E-14,5.31E-14,erg cm-2 s-1,Integrated Flux,,7.25E+16,2.42E+18,Hz,xray,,slop
624594.273,,,s,2.41E-13,9.61E-14,9.61E-14,erg cm-2 s-1,Integrated Flux,,7.25E+16,2.42E+18,Hz,xray,,slop
651783.856,,,s,3.59E-13,4.78E-14,4.78E-14,erg cm-2 s-1,Integrated Flux,,7.25E+16,2.42E+18,Hz,xray,,slop
700669.582,,,s,2.15E-13,5.25E-14,5.25E-14,erg cm-2 s-1,Integrated Flux,,7.25E+16,2.42E+18,Hz,xray,,slop
728563.983,,,s,2.02E-13,5.67E-14,5.67E-14,erg cm-2 s-1,Integrated Flux,,7.25E+16,2.42E+18,Hz,xray,,slop
752074.149,,,s,2.38E-13,4.22E-14,4.22E-14,erg cm-2 s-1,Integrated Flux,,7.25E+16,2.42E+18,Hz,xray,,slop
812813.946,,,s,1.61E-13,5.70E-14,5.70E-14,erg cm-2 s-1,Integrated Flux,,7.25E+16,2.42E+18,Hz,xray,,slop
834308.928,,,s,2.20E-13,3.33E-14,3.33E-14,erg cm-2 s-1,Integrated Flux,,7.25E+16,2.42E+18,Hz,xray,,slop
902697.937,,,s,1.42E-13,2.13E-14,2.13E-14,erg cm-2 s-1,Integrated Flux,,7.25E+16,2.42E+18,Hz,xray,,slop
973393.489,,,s,9.99E-14,3.66E-14,3.66E-14,erg cm-2 s-1,Integrated Flux,,7.25E+16,2.42E+18,Hz,xray,,slop
1003467.918,,,s,1.44E-13,2.65E-14,2.65E-14,erg cm-2 s-1,Integrated Flux,,7.25E+16,2.42E+18,Hz,xray,,slop
1068703.847,,,s,9.84E-14,4.39E-14,4.39E-14,erg cm-2 s-1,Integrated Flux,,7.25E+16,2.42E+18,Hz,xray,,slop
1118822.844,,,s,1.79E-13,2.12E-14,2.12E-14,erg cm-2 s-1,Integrated Flux,,7.25E+16,2.42E+18,Hz,xray,,slop
1246666.368,,,s,8.20E-14,1.86E-14,1.86E-14,erg cm-2 s-1,Integrated Flux,,7.25E+16,2.42E+18,Hz,xray,,slop
1393084.15,,,s,7.37E-14,1.40E-14,1.40E-14,erg cm-2 s-1,Integrated Flux,,7.25E+16,2.42E+18,Hz,xray,,slop
1470429.192,,,s,5.31E-14,1.03E-14,1.03E-14,erg cm-2 s-1,Integrated Flux,,7.25E+16,2.42E+18,Hz,xray,,slop
1572767.974,,,s,3.53E-14,1.69E-14,1.69E-14,erg cm-2 s-1,Integrated Flux,,7.25E+16,2.42E+18,Hz,xray,,slop
1693019.884,,,s,5.94E-14,8.60E-15,8.60E-15,erg cm-2 s-1,Integrated Flux,,7.25E+16,2.42E+18,Hz,xray,,slop
1824639.99,,,s,2.92E-14,1.38E-14,1.38E-14,erg cm-2 s-1,Integrated Flux,,7.25E+16,2.42E+18,Hz,xray,,slop
1985457.458,,,s,5.25E-14,7.52E-15,7.52E-15,erg cm-2 s-1,Integrated Flux,,7.25E+16,2.42E+18,Hz,xray,,slop
2354857.555,,,s,2.51E-14,4.87E-15,4.87E-15,erg cm-2 s-1,Integrated Flux,,7.25E+16,2.42E+18,Hz,xray,,slop
2650576.201,,,s,1.50E-14,4.88E-15,4.88E-15,erg cm-2 s-1,Integrated Flux,,7.25E+16,2.42E+18,Hz,xray,,slop
266,,,s,-6.82E-01,2.10E-02,2.10E-02,erg cm-2 s-1,Spectral Index,,7.25E+16,2.42E+18,Hz,,,
1031,,,s,-7.04E-01,1.30E-02,1.30E-02,erg cm-2 s-1,Spectral Index,,7.25E+16,2.42E+18,Hz,,,
140173,,,s,-8.20E-01,6.00E-02,6.00E-02,erg cm-2 s-1,Spectral Index,,7.25E+16,2.42E+18,Hz,,,
