Time,TimeLower,TimeUpper,TimeUnits,Value,ValueLower,ValueUpper,ValueUnits,ValueType,Wave,WaveLower,WaveUpper,WaveUnits,Filter,CalGroup
355.9000032,,,s,58.61381645,9.860967441,9.860967441,mJy,Spectral Flux,5.48E+14,,,Hz,uvot-v,uvot-v_offset
365.9000256,,,s,51.52286446,6.233106468,6.233106468,mJy,Spectral Flux,5.48E+14,,,Hz,uvot-v,uvot-v_offset
375.8999616,,,s,51.99959965,6.290780692,6.290780692,mJy,Spectral Flux,5.48E+14,,,Hz,uvot-v,uvot-v_offset
385.899984,,,s,49.20395357,5.552370344,5.552370344,mJy,Spectral Flux,5.48E+14,,,Hz,uvot-v,uvot-v_offset
395.9000064,,,s,44.05548635,4.427682925,4.427682925,mJy,Spectral Flux,5.48E+14,,,Hz,uvot-v,uvot-v_offset
405.9000288,,,s,43.65158322,4.387089684,4.387089684,mJy,Spectral Flux,5.48E+14,,,Hz,uvot-v,uvot-v_offset
415.8999648,,,s,39.08408958,3.602750656,3.602750656,mJy,Spectral Flux,5.48E+14,,,Hz,uvot-v,uvot-v_offset
425.8999872,,,s,39.08408958,3.602750656,3.602750656,mJy,Spectral Flux,5.48E+14,,,Hz,uvot-v,uvot-v_offset
435.9000096,,,s,34.67368505,2.904944339,2.904944339,mJy,Spectral Flux,5.48E+14,,,Hz,uvot-v,uvot-v_offset
445.900032,,,s,34.9945167,2.931823458,2.931823458,mJy,Spectral Flux,5.48E+14,,,Hz,uvot-v,uvot-v_offset
455.899968,,,s,34.67368505,2.904944339,2.904944339,mJy,Spectral Flux,5.48E+14,,,Hz,uvot-v,uvot-v_offset
465.8999904,,,s,34.04081897,2.851923129,2.851923129,mJy,Spectral Flux,5.48E+14,,,Hz,uvot-v,uvot-v_offset
475.9000128,,,s,31.6227766,2.381252823,2.381252823,mJy,Spectral Flux,5.48E+14,,,Hz,uvot-v,uvot-v_offset
485.9000352,,,s,31.33285724,2.359421366,2.359421366,mJy,Spectral Flux,5.48E+14,,,Hz,uvot-v,uvot-v_offset
493.3999872,,,s,30.1995172,3.159933563,3.159933563,mJy,Spectral Flux,5.48E+14,,,Hz,uvot-v,uvot-v_offset
500.9000256,,,s,28.57590543,2.151817861,2.151817861,mJy,Spectral Flux,5.48E+14,,,Hz,uvot-v,uvot-v_offset
510.8999616,,,s,27.79713268,2.09317485,2.09317485,mJy,Spectral Flux,5.48E+14,,,Hz,uvot-v,uvot-v_offset
520.899984,,,s,26.0615355,1.851245033,1.851245033,mJy,Spectral Flux,5.48E+14,,,Hz,uvot-v,uvot-v_offset
530.9000064,,,s,24.66039337,1.751716845,1.751716845,mJy,Spectral Flux,5.48E+14,,,Hz,uvot-v,uvot-v_offset
540.9000288,,,s,24.43430553,1.735657008,1.735657008,mJy,Spectral Flux,5.48E+14,,,Hz,uvot-v,uvot-v_offset
550.8999648,,,s,24.43430553,1.735657008,1.735657008,mJy,Spectral Flux,5.48E+14,,,Hz,uvot-v,uvot-v_offset
560.8999872,,,s,22.90867653,1.529055633,1.529055633,mJy,Spectral Flux,5.48E+14,,,Hz,uvot-v,uvot-v_offset
570.2999616,,,s,23.1206479,1.741027007,1.741027007,mJy,Spectral Flux,5.48E+14,,,Hz,uvot-v,uvot-v_offset
710.8999776,,,s,15.99558029,1.340101877,1.340101877,mJy,Spectral Flux,5.48E+14,,,Hz,uvot-v,uvot-v_offset
720.9,,,s,15.27566058,1.150285136,1.150285136,mJy,Spectral Flux,5.48E+14,,,Hz,uvot-v,uvot-v_offset
727.7000256,,,s,15.84893192,1.723556478,1.723556478,mJy,Spectral Flux,5.48E+14,,,Hz,uvot-v,uvot-v_offset
975.9000096,,,s,9.638290236,0.807491232,0.807491232,mJy,Spectral Flux,5.48E+14,,,Hz,uvot-v,uvot-v_offset
985.900032,,,s,9.638290236,0.684642581,0.684642581,mJy,Spectral Flux,5.48E+14,,,Hz,uvot-v,uvot-v_offset
988.400016,,,s,8.7096359,0.875339472,0.875339472,mJy,Spectral Flux,5.48E+14,,,Hz,uvot-v,uvot-v_offset
995.899968,,,s,9.375620069,0.66598417,0.66598417,mJy,Spectral Flux,5.48E+14,,,Hz,uvot-v,uvot-v_offset
1006.000042,,,s,9.120108394,0.647834252,0.647834252,mJy,Spectral Flux,5.48E+14,,,Hz,uvot-v,uvot-v_offset
1015.999978,,,s,8.953647655,0.636009944,0.636009944,mJy,Spectral Flux,5.48E+14,,,Hz,uvot-v,uvot-v_offset
1026,,,s,7.447319739,0.560796776,0.560796776,mJy,Spectral Flux,5.48E+14,,,Hz,uvot-v,uvot-v_offset
1036.000022,,,s,7.943282347,0.598143666,0.598143666,mJy,Spectral Flux,5.48E+14,,,Hz,uvot-v,uvot-v_offset
1045.999958,,,s,7.943282347,0.564240046,0.564240046,mJy,Spectral Flux,5.48E+14,,,Hz,uvot-v,uvot-v_offset
1055.999981,,,s,7.726805851,0.58184259,0.58184259,mJy,Spectral Flux,5.48E+14,,,Hz,uvot-v,uvot-v_offset
1066.000003,,,s,7.798301105,0.587226313,0.587226313,mJy,Spectral Flux,5.48E+14,,,Hz,uvot-v,uvot-v_offset
1076.000026,,,s,7.870457897,0.592659852,0.592659852,mJy,Spectral Flux,5.48E+14,,,Hz,uvot-v,uvot-v_offset
1085.999962,,,s,7.311390835,0.550561081,0.550561081,mJy,Spectral Flux,5.48E+14,,,Hz,uvot-v,uvot-v_offset
1095.999984,,,s,6.546361741,0.492952993,0.492952993,mJy,Spectral Flux,5.48E+14,,,Hz,uvot-v,uvot-v_offset
1106.000006,,,s,7.244359601,0.545513507,0.545513507,mJy,Spectral Flux,5.48E+14,,,Hz,uvot-v,uvot-v_offset
1116.000029,,,s,7.244359601,0.545513507,0.545513507,mJy,Spectral Flux,5.48E+14,,,Hz,uvot-v,uvot-v_offset
1125.999965,,,s,7.244359601,0.545513507,0.545513507,mJy,Spectral Flux,5.48E+14,,,Hz,uvot-v,uvot-v_offset
1135.999987,,,s,6.309573445,0.475122402,0.475122402,mJy,Spectral Flux,5.48E+14,,,Hz,uvot-v,uvot-v_offset
1146.00001,,,s,6.792036326,0.511452738,0.511452738,mJy,Spectral Flux,5.48E+14,,,Hz,uvot-v,uvot-v_offset
1156.000032,,,s,6.546361741,0.492952993,0.492952993,mJy,Spectral Flux,5.48E+14,,,Hz,uvot-v,uvot-v_offset
1165.999968,,,s,5.861381645,0.46627542,0.46627542,mJy,Spectral Flux,5.48E+14,,,Hz,uvot-v,uvot-v_offset
1175.99999,,,s,6.137620052,0.488250304,0.488250304,mJy,Spectral Flux,5.48E+14,,,Hz,uvot-v,uvot-v_offset
1186.000013,,,s,5.445026528,0.456181654,0.456181654,mJy,Spectral Flux,5.48E+14,,,Hz,uvot-v,uvot-v_offset
1196.000035,,,s,6.546361741,0.492952993,0.492952993,mJy,Spectral Flux,5.48E+14,,,Hz,uvot-v,uvot-v_offset
1205.999971,,,s,6.367955209,0.479518656,0.479518656,mJy,Spectral Flux,5.48E+14,,,Hz,uvot-v,uvot-v_offset
1215.999994,,,s,5.495408739,0.460402651,0.460402651,mJy,Spectral Flux,5.48E+14,,,Hz,uvot-v,uvot-v_offset
1226.000016,,,s,5.754399373,0.457764934,0.457764934,mJy,Spectral Flux,5.48E+14,,,Hz,uvot-v,uvot-v_offset
1236.000038,,,s,6.251726928,0.470766454,0.470766454,mJy,Spectral Flux,5.48E+14,,,Hz,uvot-v,uvot-v_offset
1245.999974,,,s,5.649369748,0.473301429,0.473301429,mJy,Spectral Flux,5.48E+14,,,Hz,uvot-v,uvot-v_offset
1255.999997,,,s,5.248074602,0.439681118,0.439681118,mJy,Spectral Flux,5.48E+14,,,Hz,uvot-v,uvot-v_offset
1266.000019,,,s,5.152286446,0.431656033,0.431656033,mJy,Spectral Flux,5.48E+14,,,Hz,uvot-v,uvot-v_offset
1276.000042,,,s,5.861381645,0.46627542,0.46627542,mJy,Spectral Flux,5.48E+14,,,Hz,uvot-v,uvot-v_offset
1285.999978,,,s,5.54625713,0.464662704,0.464662704,mJy,Spectral Flux,5.48E+14,,,Hz,uvot-v,uvot-v_offset
1296,,,s,4.487453899,0.394847302,0.394847302,mJy,Spectral Flux,5.48E+14,,,Hz,uvot-v,uvot-v_offset
1306.000022,,,s,5.248074602,0.439681118,0.439681118,mJy,Spectral Flux,5.48E+14,,,Hz,uvot-v,uvot-v_offset
1315.999958,,,s,4.786300923,0.400993945,0.400993945,mJy,Spectral Flux,5.48E+14,,,Hz,uvot-v,uvot-v_offset
1325.999981,,,s,5.152286446,0.431656033,0.431656033,mJy,Spectral Flux,5.48E+14,,,Hz,uvot-v,uvot-v_offset
1336.000003,,,s,4.965923215,0.416042613,0.416042613,mJy,Spectral Flux,5.48E+14,,,Hz,uvot-v,uvot-v_offset
1346.000026,,,s,4.055085354,0.373795618,0.373795618,mJy,Spectral Flux,5.48E+14,,,Hz,uvot-v,uvot-v_offset
1355.999962,,,s,4.570881896,0.402188061,0.402188061,mJy,Spectral Flux,5.48E+14,,,Hz,uvot-v,uvot-v_offset
1361.000016,,,s,4.655860935,0.390065747,0.390065747,mJy,Spectral Flux,5.48E+14,,,Hz,uvot-v,uvot-v_offset
1369.800029,,,s,5.152286446,0.474935033,0.474935033,mJy,Spectral Flux,5.48E+14,,,Hz,uvot-v,uvot-v_offset
1520.899978,,,s,4.246195639,0.409123185,0.409123185,mJy,Spectral Flux,5.48E+14,,,Hz,uvot-v,uvot-v_offset
1531.199981,,,s,3.01995172,0.315993356,0.315993356,mJy,Spectral Flux,5.48E+14,,,Hz,uvot-v,uvot-v_offset
1680.89999,,,s,3.250872974,0.419480978,0.419480978,mJy,Spectral Flux,5.48E+14,,,Hz,uvot-v,uvot-v_offset
1692.199987,,,s,3.564511334,0.35824201,0.35824201,mJy,Spectral Flux,5.48E+14,,,Hz,uvot-v,uvot-v_offset
5843.599978,,,s,0.575439937,0.030937284,0.030937284,mJy,Spectral Flux,5.48E+14,,,Hz,uvot-v,uvot-v_offset
11763.60002,,,s,0.244343055,0.019437595,0.019437595,mJy,Spectral Flux,5.48E+14,,,Hz,uvot-v,uvot-v_offset
12066.59998,,,s,0.255858589,0.019266619,0.019266619,mJy,Spectral Flux,5.48E+14,,,Hz,uvot-v,uvot-v_offset
12369.60003,,,s,0.201372425,0.018562403,0.018562403,mJy,Spectral Flux,5.48E+14,,,Hz,uvot-v,uvot-v_offset
29912.09999,,,s,0.088715601,0.017921023,0.017921023,mJy,Spectral Flux,5.48E+14,,,Hz,uvot-v,uvot-v_offset
47261.09998,,,s,0.027289778,0.001996798,0.001996798,mJy,Spectral Flux,5.48E+14,,,Hz,uvot-v,uvot-v_offset
658.599984,,,s,18.19700859,0.332132838,0.332132838,mJy,Spectral Flux,6.83E+14,,,Hz,uvot-b,uvot-b_offset
813.6000288,,,s,11.37627286,0.20764038,0.20764038,mJy,Spectral Flux,6.83E+14,,,Hz,uvot-b,uvot-b_offset
1461.600029,,,s,4.055085354,0.128636,0.128636,mJy,Spectral Flux,6.83E+14,,,Hz,uvot-b,uvot-b_offset
1623.600029,,,s,3.280952931,0.118675271,0.118675271,mJy,Spectral Flux,6.83E+14,,,Hz,uvot-b,uvot-b_offset
5228.600026,,,s,0.648634434,0.017677089,0.017677089,mJy,Spectral Flux,6.83E+14,,,Hz,uvot-b,uvot-b_offset
6664.599994,,,s,0.45289758,0.016381748,0.016381748,mJy,Spectral Flux,6.83E+14,,,Hz,uvot-b,uvot-b_offset
28814.10002,,,s,0.082413812,0.008826998,0.008826998,mJy,Spectral Flux,6.83E+14,,,Hz,uvot-b,uvot-b_offset
46161.10002,,,s,0.03801894,0.007819422,0.007819422,mJy,Spectral Flux,6.83E+14,,,Hz,uvot-b,uvot-b_offset
638.6000256,,,s,15.27566058,0.140048098,0.140048098,mJy,Spectral Flux,8.65E+14,,,Hz,uvot-u,uvot-u_offset
792.5999904,,,s,10.47128548,0.096001322,0.096001322,mJy,Spectral Flux,8.65E+14,,,Hz,uvot-u,uvot-u_offset
5023.600042,,,s,0.591561634,0.016121697,0.016121697,mJy,Spectral Flux,8.65E+14,,,Hz,uvot-u,uvot-u_offset
6459.60001,,,s,0.432513831,0.011787203,0.011787203,mJy,Spectral Flux,8.65E+14,,,Hz,uvot-u,uvot-u_offset
18451.59998,,,s,0.110662378,0.005949524,0.005949524,mJy,Spectral Flux,8.65E+14,,,Hz,uvot-u,uvot-u_offset
18724.09997,,,s,0.101859139,0.00635988,0.00635988,mJy,Spectral Flux,8.65E+14,,,Hz,uvot-u,uvot-u_offset
28592.09997,,,s,0.063095734,0.00528613,0.00528613,mJy,Spectral Flux,8.65E+14,,,Hz,uvot-u,uvot-u_offset
45939.09997,,,s,0.029107171,0.004218598,0.004218598,mJy,Spectral Flux,8.65E+14,,,Hz,uvot-u,uvot-u_offset
614.6000064,,,s,11.06623784,0.201981604,0.201981604,mJy,Spectral Flux,1.15E+15,,,Hz,uvw1,uvw1_offset
768.5999712,,,s,7.726805851,0.141030101,0.141030101,mJy,Spectral Flux,1.15E+15,,,Hz,uvw1,uvw1_offset
1412.599997,,,s,2.466039337,0.10011964,0.10011964,mJy,Spectral Flux,1.15E+15,,,Hz,uvw1,uvw1_offset
1574.599997,,,s,2.070141349,0.093171709,0.093171709,mJy,Spectral Flux,1.15E+15,,,Hz,uvw1,uvw1_offset
6253.600032,,,s,0.316227766,0.011438267,0.011438267,mJy,Spectral Flux,1.15E+15,,,Hz,uvw1,uvw1_offset
17845.59997,,,s,0.080167806,0.002899748,0.002899748,mJy,Spectral Flux,1.15E+15,,,Hz,uvw1,uvw1_offset
28262.10001,,,s,0.043651583,0.003287044,0.003287044,mJy,Spectral Flux,1.15E+15,,,Hz,uvw1,uvw1_offset
45608.10002,,,s,0.024660393,0.002580346,0.002580346,mJy,Spectral Flux,1.15E+15,,,Hz,uvw1,uvw1_offset
589.5999936,,,s,11.16863248,0.203850516,0.203850516,mJy,Spectral Flux,1.33E+15,,,Hz,uvm2,uvm2_offset
743.5999584,,,s,7.177942913,0.195618872,0.195618872,mJy,Spectral Flux,1.33E+15,,,Hz,uvm2,uvm2_offset
1388.599978,,,s,2.355049284,0.126614135,0.126614135,mJy,Spectral Flux,1.33E+15,,,Hz,uvm2,uvm2_offset
1549.599984,,,s,1.995262315,0.115945498,0.115945498,mJy,Spectral Flux,1.33E+15,,,Hz,uvm2,uvm2_offset
1711.599984,,,s,1.706082389,0.10652436,0.10652436,mJy,Spectral Flux,1.33E+15,,,Hz,uvm2,uvm2_offset
6048.599962,,,s,0.328095293,0.014766721,0.014766721,mJy,Spectral Flux,1.33E+15,,,Hz,uvm2,uvm2_offset
12695.60002,,,s,0.105681751,0.006598556,0.006598556,mJy,Spectral Flux,1.33E+15,,,Hz,uvm2,uvm2_offset
16938.59999,,,s,0.077268059,0.003477635,0.003477635,mJy,Spectral Flux,1.33E+15,,,Hz,uvm2,uvm2_offset
30336.60004,,,s,0.034355795,0.003022938,0.003022938,mJy,Spectral Flux,1.33E+15,,,Hz,uvm2,uvm2_offset
47683.60004,,,s,0.017218686,0.002290742,0.002290742,mJy,Spectral Flux,1.33E+15,,,Hz,uvm2,uvm2_offset
122.2599744,,,s,660.693448,58.13386193,58.13386193,mJy,Spectral Flux,5.47E+14,,,Hz,V,V_offset
162.9999936,,,s,366.4375746,29.15026599,29.15026599,mJy,Spectral Flux,5.47E+14,,,Hz,V,V_offset
177.2999712,,,s,258.2260191,22.72109067,22.72109067,mJy,Spectral Flux,5.47E+14,,,Hz,V,V_offset
192.1999968,,,s,272.8977783,35.21374962,35.21374962,mJy,Spectral Flux,5.47E+14,,,Hz,V,V_offset
236.0200032,,,s,158.4893192,16.58356708,16.58356708,mJy,Spectral Flux,5.47E+14,,,Hz,V,V_offset
279.4300416,,,s,98.1747943,12.66812301,12.66812301,mJy,Spectral Flux,5.47E+14,,,Hz,V,V_offset
352.2299904,,,s,75.1622894,9.698671995,9.698671995,mJy,Spectral Flux,5.47E+14,,,Hz,V,V_offset
1837.799971,,,s,3.076096815,0.165379697,0.165379697,mJy,Spectral Flux,4.81E+14,,,Hz,r,r_offset
1969.200029,,,s,2.703958364,0.121698173,0.121698173,mJy,Spectral Flux,4.81E+14,,,Hz,r,r_offset
2101.199962,,,s,2.466039337,0.175171684,0.175171684,mJy,Spectral Flux,4.81E+14,,,Hz,r,r_offset
67991.99996,,,s,0.028575905,0.002273226,0.002273226,mJy,Spectral Flux,4.81E+14,,,Hz,r,r_offset
68963.99996,,,s,0.030199517,0.002145181,0.002145181,mJy,Spectral Flux,4.81E+14,,,Hz,r,r_offset
238686,,,s,0.005970353,0.000770393,0.000770393,mJy,Spectral Flux,4.81E+14,,,Hz,r,r_offset
27987.60004,,,s,0.092896639,0.00580028,0.00580028,mJy,Spectral Flux,4.81E+14,,,Hz,r,r_offset
29355.60001,,,s,0.081658237,0.006495948,0.006495948,mJy,Spectral Flux,4.81E+14,,,Hz,r,r_offset
33089.99999,,,s,0.071779429,0.002596332,0.002596332,mJy,Spectral Flux,4.81E+14,,,Hz,r,r_offset
34321.19999,,,s,0.064268772,0.007775074,0.007775074,mJy,Spectral Flux,4.81E+14,,,Hz,r,r_offset
135.9999936,,,s,613.7620052,11.20241909,11.20241909,mJy,Spectral Flux,4.35E+14,,,Hz,R,R_offset
175.9999968,,,s,349.945167,6.387219128,6.387219128,mJy,Spectral Flux,4.35E+14,,,Hz,R,R_offset
215.0000064,,,s,233.3458062,4.259040951,4.259040951,mJy,Spectral Flux,4.35E+14,,,Hz,R,R_offset
254.000016,,,s,151.3561248,2.762560615,2.762560615,mJy,Spectral Flux,4.35E+14,,,Hz,R,R_offset
293.0000256,,,s,110.6623784,3.015857035,3.015857035,mJy,Spectral Flux,4.35E+14,,,Hz,R,R_offset
332.0000352,,,s,80.90958992,2.205010948,2.205010948,mJy,Spectral Flux,4.35E+14,,,Hz,R,R_offset
372.0000384,,,s,59.15616342,2.139736189,2.139736189,mJy,Spectral Flux,4.35E+14,,,Hz,R,R_offset
410.9999616,,,s,50.5824662,1.82961719,1.82961719,mJy,Spectral Flux,4.35E+14,,,Hz,R,R_offset
488.9999808,,,s,34.35579479,1.546265479,1.546265479,mJy,Spectral Flux,4.35E+14,,,Hz,R,R_offset
527.9999904,,,s,31.33285724,1.684543348,1.684543348,mJy,Spectral Flux,4.35E+14,,,Hz,R,R_offset
567,,,s,29.6483139,1.334393937,1.334393937,mJy,Spectral Flux,4.35E+14,,,Hz,R,R_offset
621,,,s,25.11886432,1.130535125,1.130535125,mJy,Spectral Flux,4.35E+14,,,Hz,R,R_offset
689.9999904,,,s,17.86487575,0.32607073,0.32607073,mJy,Spectral Flux,4.35E+14,,,Hz,R,R_offset
758.9999808,,,s,14.99684836,0.273723331,0.273723331,mJy,Spectral Flux,4.35E+14,,,Hz,R,R_offset
828.9999648,,,s,13.30454418,0.242835298,0.242835298,mJy,Spectral Flux,4.35E+14,,,Hz,R,R_offset
928.0000224,,,s,10.47128548,0.2853716,0.2853716,mJy,Spectral Flux,4.35E+14,,,Hz,R,R_offset
1056.999974,,,s,8.016780634,0.360814565,0.360814565,mJy,Spectral Flux,4.35E+14,,,Hz,R,R_offset
1143.000029,,,s,6.854882265,0.368537929,0.368537929,mJy,Spectral Flux,4.35E+14,,,Hz,R,R_offset
1183.000032,,,s,5.649369748,0.401295146,0.401295146,mJy,Spectral Flux,4.35E+14,,,Hz,R,R_offset
1222.000042,,,s,6.194410751,0.386766576,0.386766576,mJy,Spectral Flux,4.35E+14,,,Hz,R,R_offset
1260.999965,,,s,5.754399373,0.408755779,0.408755779,mJy,Spectral Flux,4.35E+14,,,Hz,R,R_offset
1357.000042,,,s,5.05824662,0.359305534,0.359305534,mJy,Spectral Flux,4.35E+14,,,Hz,R,R_offset
1426.000032,,,s,4.742419853,0.37726153,0.37726153,mJy,Spectral Flux,4.35E+14,,,Hz,R,R_offset
1495.000022,,,s,4.446312675,0.353706077,0.353706077,mJy,Spectral Flux,4.35E+14,,,Hz,R,R_offset
1593.999994,,,s,3.467368505,0.275830649,0.275830649,mJy,Spectral Flux,4.35E+14,,,Hz,R,R_offset
1723.000032,,,s,3.3419504,0.17967274,0.17967274,mJy,Spectral Flux,4.35E+14,,,Hz,R,R_offset
3232.999958,,,s,1.674942876,0.332177915,0.332177915,mJy,Spectral Flux,4.35E+14,,,Hz,R,R_offset
24499.20004,,,s,0.103752842,0.011707884,0.011707884,mJy,Spectral Flux,4.35E+14,,,Hz,R,R_offset
25188.59998,,,s,0.099083194,0.006186556,0.006186556,mJy,Spectral Flux,4.35E+14,,,Hz,R,R_offset
26588.39999,,,s,0.100925289,0.010560341,0.010560341,mJy,Spectral Flux,4.35E+14,,,Hz,R,R_offset
25878.59997,,,s,0.119124201,0.004308839,0.004308839,mJy,Spectral Flux,3.93E+14,,,Hz,i,i_offset
27314.40001,,,s,0.105681751,0.004756462,0.004756462,mJy,Spectral Flux,3.93E+14,,,Hz,i,i_offset
28683.59999,,,s,0.098174794,0.005278156,0.005278156,mJy,Spectral Flux,3.93E+14,,,Hz,i,i_offset
33694.20003,,,s,0.089536477,0.004029805,0.004029805,mJy,Spectral Flux,3.93E+14,,,Hz,i,i_offset
34874.40001,,,s,0.081658237,0.020844737,0.020844737,mJy,Spectral Flux,3.93E+14,,,Hz,i,i_offset
70487.99997,,,s,0.034040819,0.00123129,0.00123129,mJy,Spectral Flux,3.93E+14,,,Hz,i,i_offset
1300.999968,,,s,6.025595861,0.479338731,0.479338731,mJy,Spectral Flux,3.43E+14,,,Hz,I,I_offset
24742.8,,,s,0.124738351,0.009922989,0.009922989,mJy,Spectral Flux,3.43E+14,,,Hz,I,I_offset
869.9999616,,,s,17.21868575,0.774968518,0.774968518,mJy,Spectral Flux,2.43E+14,,,Hz,J,J_offset
940.000032,,,s,16.74942876,0.753848474,0.753848474,mJy,Spectral Flux,2.43E+14,,,Hz,J,J_offset
974.9999808,,,s,14.5881426,0.656574573,0.656574573,mJy,Spectral Flux,2.43E+14,,,Hz,J,J_offset
2069.999971,,,s,3.49945167,0.15750127,0.15750127,mJy,Spectral Flux,2.43E+14,,,Hz,J,J_offset
434.9999808,,,s,63.09573445,3.93957103,3.93957103,mJy,Spectral Flux,2.43E+14,,,Hz,J,J_offset
578.000016,,,s,46.55860935,2.907026128,2.907026128,mJy,Spectral Flux,2.43E+14,,,Hz,J,J_offset
661.9999968,,,s,34.04081897,2.125440419,2.125440419,mJy,Spectral Flux,2.43E+14,,,Hz,J,J_offset
742.9999968,,,s,25.82260191,1.612311439,1.612311439,mJy,Spectral Flux,2.43E+14,,,Hz,J,J_offset
130.000032,,,s,1853.531623,67.04404856,67.04404856,mJy,Spectral Flux,1.82E+14,,,Hz,H,H_offset
146.000016,,,s,1330.454418,48.12383532,48.12383532,mJy,Spectral Flux,1.82E+14,,,Hz,H,H_offset
161.0000064,,,s,1086.425624,48.8972078,48.8972078,mJy,Spectral Flux,1.82E+14,,,Hz,H,H_offset
210.0000384,,,s,654.6361741,35.19509899,35.19509899,mJy,Spectral Flux,1.82E+14,,,Hz,H,H_offset
220.999968,,,s,469.8941086,33.37827637,33.37827637,mJy,Spectral Flux,1.82E+14,,,Hz,H,H_offset
240.0000192,,,s,424.6195639,22.8287531,22.8287531,mJy,Spectral Flux,1.82E+14,,,Hz,H,H_offset
288.9999648,,,s,322.1068791,20.11170709,20.11170709,mJy,Spectral Flux,1.82E+14,,,Hz,H,H_offset
304.0000416,,,s,205.1162179,9.231750532,9.231750532,mJy,Spectral Flux,1.82E+14,,,Hz,H,H_offset
320.0000256,,,s,181.9700859,11.36184696,11.36184696,mJy,Spectral Flux,1.82E+14,,,Hz,H,H_offset
378,,,s,111.6863248,6.004573857,6.004573857,mJy,Spectral Flux,1.82E+14,,,Hz,H,H_offset
416.000016,,,s,84.72274141,3.813151496,3.813151496,mJy,Spectral Flux,1.82E+14,,,Hz,H,H_offset
448.9999776,,,s,81.65823714,5.098576445,5.098576445,mJy,Spectral Flux,1.82E+14,,,Hz,H,H_offset
1256.99999,,,s,9.638290236,0.684642581,0.684642581,mJy,Spectral Flux,1.82E+14,,,Hz,H,H_offset
1323,,,s,8.016780634,0.569460895,0.569460895,mJy,Spectral Flux,1.82E+14,,,Hz,H,H_offset
1388.000016,,,s,7.726805851,0.548862938,0.548862938,mJy,Spectral Flux,1.82E+14,,,Hz,H,H_offset
1453.000032,,,s,6.486344335,0.51599147,0.51599147,mJy,Spectral Flux,1.82E+14,,,Hz,H,H_offset
1517.999962,,,s,5.10505,0.406108914,0.406108914,mJy,Spectral Flux,1.82E+14,,,Hz,H,H_offset
3028.999968,,,s,1.584893192,0.266636454,0.266636454,mJy,Spectral Flux,1.82E+14,,,Hz,H,H_offset
788.9999616,,,s,29.10717118,1.052834801,1.052834801,mJy,Spectral Flux,1.36E+14,,,Hz,K,K_offset
1670.000026,,,s,5.597576015,0.445289569,0.445289569,mJy,Spectral Flux,1.36E+14,,,Hz,K,K_offset
844.0000416,,,s,25.82260191,1.834272716,1.834272716,mJy,Spectral Flux,1.36E+14,,,Hz,K,K_offset
933.999984,,,s,26.54605562,1.657482437,1.657482437,mJy,Spectral Flux,1.36E+14,,,Hz,K,K_offset
0.9911,,,d,0.41,0.12,0.12,mJy,Spectral Flux,9.70E+10,,,Hz,W,
7.9911,,,d,0.2,0.09,0.09,mJy,Spectral Flux,9.70E+10,,,Hz,W,
82.1036,,,s,1.22E-07,1.35E-08,1.35E-08,erg cm-2 s-1,Integrated Flux,,7.25E+16,2.42E+18,Hz,xray,
82.8992,,,s,1.14E-07,1.28E-08,1.28E-08,erg cm-2 s-1,Integrated Flux,,7.25E+16,2.42E+18,Hz,xray,
83.664,,,s,1.37E-07,1.55E-08,1.55E-08,erg cm-2 s-1,Integrated Flux,,7.25E+16,2.42E+18,Hz,xray,
84.329,,,s,1.34E-07,1.47E-08,1.47E-08,erg cm-2 s-1,Integrated Flux,,7.25E+16,2.42E+18,Hz,xray,
85.172,,,s,9.74E-08,1.08E-08,1.08E-08,erg cm-2 s-1,Integrated Flux,,7.25E+16,2.42E+18,Hz,xray,
86.1063,,,s,1.14E-07,1.29E-08,1.29E-08,erg cm-2 s-1,Integrated Flux,,7.25E+16,2.42E+18,Hz,xray,
86.9024,,,s,1.03E-07,1.18E-08,1.18E-08,erg cm-2 s-1,Integrated Flux,,7.25E+16,2.42E+18,Hz,xray,
87.7748,,,s,1.24E-07,1.39E-08,1.39E-08,erg cm-2 s-1,Integrated Flux,,7.25E+16,2.42E+18,Hz,xray,
88.581,,,s,1.11E-07,1.24E-08,1.24E-08,erg cm-2 s-1,Integrated Flux,,7.25E+16,2.42E+18,Hz,xray,
89.5035,,,s,1.03E-07,1.13E-08,1.13E-08,erg cm-2 s-1,Integrated Flux,,7.25E+16,2.42E+18,Hz,xray,
90.4491,,,s,9.64E-08,1.10E-08,1.10E-08,erg cm-2 s-1,Integrated Flux,,7.25E+16,2.42E+18,Hz,xray,
91.4181,,,s,1.00E-07,1.13E-08,1.13E-08,erg cm-2 s-1,Integrated Flux,,7.25E+16,2.42E+18,Hz,xray,
92.2244,,,s,1.22E-07,1.34E-08,1.34E-08,erg cm-2 s-1,Integrated Flux,,7.25E+16,2.42E+18,Hz,xray,
93.0551,,,s,1.24E-07,1.31E-08,1.31E-08,erg cm-2 s-1,Integrated Flux,,7.25E+16,2.42E+18,Hz,xray,
93.8811,,,s,1.11E-07,1.20E-08,1.20E-08,erg cm-2 s-1,Integrated Flux,,7.25E+16,2.42E+18,Hz,xray,
94.8344,,,s,1.03E-07,1.11E-08,1.11E-08,erg cm-2 s-1,Integrated Flux,,7.25E+16,2.42E+18,Hz,xray,
95.6746,,,s,1.21E-07,1.33E-08,1.33E-08,erg cm-2 s-1,Integrated Flux,,7.25E+16,2.42E+18,Hz,xray,
96.4828,,,s,1.16E-07,1.27E-08,1.27E-08,erg cm-2 s-1,Integrated Flux,,7.25E+16,2.42E+18,Hz,xray,
97.3613,,,s,1.10E-07,1.21E-08,1.21E-08,erg cm-2 s-1,Integrated Flux,,7.25E+16,2.42E+18,Hz,xray,
98.1804,,,s,1.06E-07,1.16E-08,1.16E-08,erg cm-2 s-1,Integrated Flux,,7.25E+16,2.42E+18,Hz,xray,
99.1677,,,s,1.06E-07,1.13E-08,1.13E-08,erg cm-2 s-1,Integrated Flux,,7.25E+16,2.42E+18,Hz,xray,
100.0247,,,s,1.05E-07,1.13E-08,1.13E-08,erg cm-2 s-1,Integrated Flux,,7.25E+16,2.42E+18,Hz,xray,
101.126,,,s,8.29E-08,9.21E-09,9.21E-09,erg cm-2 s-1,Integrated Flux,,7.25E+16,2.42E+18,Hz,xray,
102.359,,,s,7.82E-08,8.56E-09,8.56E-09,erg cm-2 s-1,Integrated Flux,,7.25E+16,2.42E+18,Hz,xray,
103.468,,,s,8.63E-08,9.57E-09,9.57E-09,erg cm-2 s-1,Integrated Flux,,7.25E+16,2.42E+18,Hz,xray,
104.553,,,s,9.18E-08,1.01E-08,1.01E-08,erg cm-2 s-1,Integrated Flux,,7.25E+16,2.42E+18,Hz,xray,
105.669,,,s,7.82E-08,8.63E-09,8.63E-09,erg cm-2 s-1,Integrated Flux,,7.25E+16,2.42E+18,Hz,xray,
106.779,,,s,8.72E-08,9.75E-09,9.75E-09,erg cm-2 s-1,Integrated Flux,,7.25E+16,2.42E+18,Hz,xray,
108.008,,,s,7.21E-08,8.10E-09,8.10E-09,erg cm-2 s-1,Integrated Flux,,7.25E+16,2.42E+18,Hz,xray,
109.227,,,s,8.25E-08,9.22E-09,9.22E-09,erg cm-2 s-1,Integrated Flux,,7.25E+16,2.42E+18,Hz,xray,
110.2913,,,s,1.05E-07,1.11E-08,1.11E-08,erg cm-2 s-1,Integrated Flux,,7.25E+16,2.42E+18,Hz,xray,
111.316,,,s,7.72E-08,8.45E-09,8.45E-09,erg cm-2 s-1,Integrated Flux,,7.25E+16,2.42E+18,Hz,xray,
112.599,,,s,6.81E-08,7.77E-09,7.77E-09,erg cm-2 s-1,Integrated Flux,,7.25E+16,2.42E+18,Hz,xray,
113.783,,,s,9.25E-08,9.92E-09,9.92E-09,erg cm-2 s-1,Integrated Flux,,7.25E+16,2.42E+18,Hz,xray,
114.935,,,s,7.96E-08,8.82E-09,8.82E-09,erg cm-2 s-1,Integrated Flux,,7.25E+16,2.42E+18,Hz,xray,
116.271,,,s,6.47E-08,7.35E-09,7.35E-09,erg cm-2 s-1,Integrated Flux,,7.25E+16,2.42E+18,Hz,xray,
117.513,,,s,8.65E-08,9.03E-09,9.03E-09,erg cm-2 s-1,Integrated Flux,,7.25E+16,2.42E+18,Hz,xray,
118.852,,,s,6.42E-08,7.04E-09,7.04E-09,erg cm-2 s-1,Integrated Flux,,7.25E+16,2.42E+18,Hz,xray,
120.421,,,s,6.24E-08,6.91E-09,6.91E-09,erg cm-2 s-1,Integrated Flux,,7.25E+16,2.42E+18,Hz,xray,
121.908,,,s,6.50E-08,7.21E-09,7.21E-09,erg cm-2 s-1,Integrated Flux,,7.25E+16,2.42E+18,Hz,xray,
123.218,,,s,7.14E-08,7.98E-09,7.98E-09,erg cm-2 s-1,Integrated Flux,,7.25E+16,2.42E+18,Hz,xray,
124.616,,,s,6.36E-08,6.97E-09,6.97E-09,erg cm-2 s-1,Integrated Flux,,7.25E+16,2.42E+18,Hz,xray,
126.046,,,s,6.33E-08,7.02E-09,7.02E-09,erg cm-2 s-1,Integrated Flux,,7.25E+16,2.42E+18,Hz,xray,
127.568,,,s,6.97E-08,7.70E-09,7.70E-09,erg cm-2 s-1,Integrated Flux,,7.25E+16,2.42E+18,Hz,xray,
129.098,,,s,5.40E-08,6.17E-09,6.17E-09,erg cm-2 s-1,Integrated Flux,,7.25E+16,2.42E+18,Hz,xray,
130.642,,,s,6.67E-08,7.83E-09,7.83E-09,erg cm-2 s-1,Integrated Flux,,7.25E+16,2.42E+18,Hz,xray,
132.139,,,s,7.11E-08,8.58E-09,8.58E-09,erg cm-2 s-1,Integrated Flux,,7.25E+16,2.42E+18,Hz,xray,
133.376,,,s,7.53E-08,8.98E-09,8.98E-09,erg cm-2 s-1,Integrated Flux,,7.25E+16,2.42E+18,Hz,xray,
134.743,,,s,7.16E-08,9.99E-09,9.99E-09,erg cm-2 s-1,Integrated Flux,,7.25E+16,2.42E+18,Hz,xray,
136.163,,,s,6.46E-08,9.40E-09,9.40E-09,erg cm-2 s-1,Integrated Flux,,7.25E+16,2.42E+18,Hz,xray,
137.746,,,s,5.75E-08,7.30E-09,7.30E-09,erg cm-2 s-1,Integrated Flux,,7.25E+16,2.42E+18,Hz,xray,
139.55,,,s,5.21E-08,7.85E-09,7.85E-09,erg cm-2 s-1,Integrated Flux,,7.25E+16,2.42E+18,Hz,xray,
141.15,,,s,6.25E-08,9.37E-09,9.37E-09,erg cm-2 s-1,Integrated Flux,,7.25E+16,2.42E+18,Hz,xray,
142.663,,,s,6.43E-08,1.13E-08,1.13E-08,erg cm-2 s-1,Integrated Flux,,7.25E+16,2.42E+18,Hz,xray,
144.307,,,s,5.37E-08,1.10E-08,1.10E-08,erg cm-2 s-1,Integrated Flux,,7.25E+16,2.42E+18,Hz,xray,
146.122,,,s,4.93E-08,9.23E-09,9.23E-09,erg cm-2 s-1,Integrated Flux,,7.25E+16,2.42E+18,Hz,xray,
148.189,,,s,4.77E-08,6.46E-09,6.46E-09,erg cm-2 s-1,Integrated Flux,,7.25E+16,2.42E+18,Hz,xray,
150.062,,,s,5.29E-08,8.52E-09,8.52E-09,erg cm-2 s-1,Integrated Flux,,7.25E+16,2.42E+18,Hz,xray,
151.997,,,s,4.30E-08,6.05E-09,6.05E-09,erg cm-2 s-1,Integrated Flux,,7.25E+16,2.42E+18,Hz,xray,
153.6593,,,s,5.14E-08,5.73E-09,5.73E-09,erg cm-2 s-1,Integrated Flux,,7.25E+16,2.42E+18,Hz,xray,
154.5339,,,s,5.14E-08,5.52E-09,5.52E-09,erg cm-2 s-1,Integrated Flux,,7.25E+16,2.42E+18,Hz,xray,
155.3483,,,s,5.25E-08,5.74E-09,5.74E-09,erg cm-2 s-1,Integrated Flux,,7.25E+16,2.42E+18,Hz,xray,
156.1921,,,s,4.94E-08,5.37E-09,5.37E-09,erg cm-2 s-1,Integrated Flux,,7.25E+16,2.42E+18,Hz,xray,
157.099,,,s,4.28E-08,4.63E-09,4.63E-09,erg cm-2 s-1,Integrated Flux,,7.25E+16,2.42E+18,Hz,xray,
158.0629,,,s,4.56E-08,5.04E-09,5.04E-09,erg cm-2 s-1,Integrated Flux,,7.25E+16,2.42E+18,Hz,xray,
158.9527,,,s,4.75E-08,5.27E-09,5.27E-09,erg cm-2 s-1,Integrated Flux,,7.25E+16,2.42E+18,Hz,xray,
159.903,,,s,4.25E-08,4.60E-09,4.60E-09,erg cm-2 s-1,Integrated Flux,,7.25E+16,2.42E+18,Hz,xray,
160.8868,,,s,4.36E-08,4.91E-09,4.91E-09,erg cm-2 s-1,Integrated Flux,,7.25E+16,2.42E+18,Hz,xray,
161.8255,,,s,4.90E-08,5.35E-09,5.35E-09,erg cm-2 s-1,Integrated Flux,,7.25E+16,2.42E+18,Hz,xray,
162.775,,,s,4.06E-08,4.59E-09,4.59E-09,erg cm-2 s-1,Integrated Flux,,7.25E+16,2.42E+18,Hz,xray,
163.757,,,s,4.14E-08,4.47E-09,4.47E-09,erg cm-2 s-1,Integrated Flux,,7.25E+16,2.42E+18,Hz,xray,
164.7749,,,s,4.60E-08,4.96E-09,4.96E-09,erg cm-2 s-1,Integrated Flux,,7.25E+16,2.42E+18,Hz,xray,
165.6912,,,s,4.48E-08,4.84E-09,4.84E-09,erg cm-2 s-1,Integrated Flux,,7.25E+16,2.42E+18,Hz,xray,
166.6286,,,s,4.59E-08,4.97E-09,4.97E-09,erg cm-2 s-1,Integrated Flux,,7.25E+16,2.42E+18,Hz,xray,
167.5707,,,s,4.64E-08,5.09E-09,5.09E-09,erg cm-2 s-1,Integrated Flux,,7.25E+16,2.42E+18,Hz,xray,
168.536,,,s,4.12E-08,4.52E-09,4.52E-09,erg cm-2 s-1,Integrated Flux,,7.25E+16,2.42E+18,Hz,xray,
169.581,,,s,3.97E-08,4.36E-09,4.36E-09,erg cm-2 s-1,Integrated Flux,,7.25E+16,2.42E+18,Hz,xray,
170.5655,,,s,4.55E-08,5.11E-09,5.11E-09,erg cm-2 s-1,Integrated Flux,,7.25E+16,2.42E+18,Hz,xray,
171.4598,,,s,5.13E-08,5.70E-09,5.70E-09,erg cm-2 s-1,Integrated Flux,,7.25E+16,2.42E+18,Hz,xray,
172.2561,,,s,3.64E-08,4.70E-09,4.70E-09,erg cm-2 s-1,Integrated Flux,,7.25E+16,2.42E+18,Hz,xray,
173.113,,,s,4.14E-08,4.49E-09,4.49E-09,erg cm-2 s-1,Integrated Flux,,7.25E+16,2.42E+18,Hz,xray,
174.1793,,,s,4.26E-08,4.80E-09,4.80E-09,erg cm-2 s-1,Integrated Flux,,7.25E+16,2.42E+18,Hz,xray,
175.0332,,,s,3.31E-08,4.60E-09,4.60E-09,erg cm-2 s-1,Integrated Flux,,7.25E+16,2.42E+18,Hz,xray,
175.8522,,,s,3.76E-08,4.73E-09,4.73E-09,erg cm-2 s-1,Integrated Flux,,7.25E+16,2.42E+18,Hz,xray,
176.842,,,s,4.10E-08,4.48E-09,4.48E-09,erg cm-2 s-1,Integrated Flux,,7.25E+16,2.42E+18,Hz,xray,
177.763,,,s,3.68E-08,5.01E-09,5.01E-09,erg cm-2 s-1,Integrated Flux,,7.25E+16,2.42E+18,Hz,xray,
178.606,,,s,4.32E-08,4.79E-09,4.79E-09,erg cm-2 s-1,Integrated Flux,,7.25E+16,2.42E+18,Hz,xray,
179.4916,,,s,3.78E-08,5.12E-09,5.12E-09,erg cm-2 s-1,Integrated Flux,,7.25E+16,2.42E+18,Hz,xray,
180.2697,,,s,3.78E-08,4.94E-09,4.94E-09,erg cm-2 s-1,Integrated Flux,,7.25E+16,2.42E+18,Hz,xray,
181.048,,,s,3.69E-08,5.03E-09,5.03E-09,erg cm-2 s-1,Integrated Flux,,7.25E+16,2.42E+18,Hz,xray,
182.013,,,s,3.97E-08,4.51E-09,4.51E-09,erg cm-2 s-1,Integrated Flux,,7.25E+16,2.42E+18,Hz,xray,
183.041,,,s,3.35E-08,4.55E-09,4.55E-09,erg cm-2 s-1,Integrated Flux,,7.25E+16,2.42E+18,Hz,xray,
183.9158,,,s,4.67E-08,5.14E-09,5.14E-09,erg cm-2 s-1,Integrated Flux,,7.25E+16,2.42E+18,Hz,xray,
184.868,,,s,4.27E-08,4.74E-09,4.74E-09,erg cm-2 s-1,Integrated Flux,,7.25E+16,2.42E+18,Hz,xray,
185.792,,,s,3.56E-08,4.37E-09,4.37E-09,erg cm-2 s-1,Integrated Flux,,7.25E+16,2.42E+18,Hz,xray,
186.7093,,,s,3.63E-08,4.78E-09,4.78E-09,erg cm-2 s-1,Integrated Flux,,7.25E+16,2.42E+18,Hz,xray,
187.6067,,,s,2.80E-08,3.94E-09,3.94E-09,erg cm-2 s-1,Integrated Flux,,7.25E+16,2.42E+18,Hz,xray,
188.4596,,,s,3.53E-08,4.83E-09,4.83E-09,erg cm-2 s-1,Integrated Flux,,7.25E+16,2.42E+18,Hz,xray,
189.2292,,,s,3.57E-08,5.05E-09,5.05E-09,erg cm-2 s-1,Integrated Flux,,7.25E+16,2.42E+18,Hz,xray,
190.1483,,,s,4.56E-08,5.08E-09,5.08E-09,erg cm-2 s-1,Integrated Flux,,7.25E+16,2.42E+18,Hz,xray,
191.0392,,,s,3.78E-08,4.51E-09,4.51E-09,erg cm-2 s-1,Integrated Flux,,7.25E+16,2.42E+18,Hz,xray,
191.9466,,,s,3.01E-08,3.97E-09,3.97E-09,erg cm-2 s-1,Integrated Flux,,7.25E+16,2.42E+18,Hz,xray,
192.9141,,,s,3.06E-08,4.34E-09,4.34E-09,erg cm-2 s-1,Integrated Flux,,7.25E+16,2.42E+18,Hz,xray,
193.7237,,,s,3.68E-08,4.91E-09,4.91E-09,erg cm-2 s-1,Integrated Flux,,7.25E+16,2.42E+18,Hz,xray,
194.5963,,,s,3.15E-08,4.13E-09,4.13E-09,erg cm-2 s-1,Integrated Flux,,7.25E+16,2.42E+18,Hz,xray,
195.3959,,,s,3.81E-08,4.85E-09,4.85E-09,erg cm-2 s-1,Integrated Flux,,7.25E+16,2.42E+18,Hz,xray,
196.25,,,s,3.53E-08,4.76E-09,4.76E-09,erg cm-2 s-1,Integrated Flux,,7.25E+16,2.42E+18,Hz,xray,
197.0174,,,s,3.72E-08,4.67E-09,4.67E-09,erg cm-2 s-1,Integrated Flux,,7.25E+16,2.42E+18,Hz,xray,
197.8749,,,s,3.43E-08,4.75E-09,4.75E-09,erg cm-2 s-1,Integrated Flux,,7.25E+16,2.42E+18,Hz,xray,
198.6926,,,s,3.26E-08,4.50E-09,4.50E-09,erg cm-2 s-1,Integrated Flux,,7.25E+16,2.42E+18,Hz,xray,
199.6746,,,s,2.81E-08,3.80E-09,3.80E-09,erg cm-2 s-1,Integrated Flux,,7.25E+16,2.42E+18,Hz,xray,
200.677,,,s,2.55E-08,3.30E-09,3.30E-09,erg cm-2 s-1,Integrated Flux,,7.25E+16,2.42E+18,Hz,xray,
201.6237,,,s,3.53E-08,4.73E-09,4.73E-09,erg cm-2 s-1,Integrated Flux,,7.25E+16,2.42E+18,Hz,xray,
202.538,,,s,3.26E-08,4.49E-09,4.49E-09,erg cm-2 s-1,Integrated Flux,,7.25E+16,2.42E+18,Hz,xray,
203.3111,,,s,4.21E-08,4.85E-09,4.85E-09,erg cm-2 s-1,Integrated Flux,,7.25E+16,2.42E+18,Hz,xray,
204.3855,,,s,3.08E-08,4.08E-09,4.08E-09,erg cm-2 s-1,Integrated Flux,,7.25E+16,2.42E+18,Hz,xray,
205.2469,,,s,3.53E-08,4.59E-09,4.59E-09,erg cm-2 s-1,Integrated Flux,,7.25E+16,2.42E+18,Hz,xray,
206.0898,,,s,3.29E-08,4.56E-09,4.56E-09,erg cm-2 s-1,Integrated Flux,,7.25E+16,2.42E+18,Hz,xray,
206.9415,,,s,3.22E-08,4.37E-09,4.37E-09,erg cm-2 s-1,Integrated Flux,,7.25E+16,2.42E+18,Hz,xray,
207.7472,,,s,3.42E-08,4.53E-09,4.53E-09,erg cm-2 s-1,Integrated Flux,,7.25E+16,2.42E+18,Hz,xray,
208.737,,,s,2.62E-08,3.46E-09,3.46E-09,erg cm-2 s-1,Integrated Flux,,7.25E+16,2.42E+18,Hz,xray,
209.6553,,,s,3.48E-08,4.58E-09,4.58E-09,erg cm-2 s-1,Integrated Flux,,7.25E+16,2.42E+18,Hz,xray,
210.59,,,s,2.58E-08,3.44E-09,3.44E-09,erg cm-2 s-1,Integrated Flux,,7.25E+16,2.42E+18,Hz,xray,
211.6216,,,s,3.19E-08,4.30E-09,4.30E-09,erg cm-2 s-1,Integrated Flux,,7.25E+16,2.42E+18,Hz,xray,
212.4756,,,s,3.80E-08,4.49E-09,4.49E-09,erg cm-2 s-1,Integrated Flux,,7.25E+16,2.42E+18,Hz,xray,
213.3724,,,s,3.53E-08,4.54E-09,4.54E-09,erg cm-2 s-1,Integrated Flux,,7.25E+16,2.42E+18,Hz,xray,
214.2507,,,s,3.10E-08,4.11E-09,4.11E-09,erg cm-2 s-1,Integrated Flux,,7.25E+16,2.42E+18,Hz,xray,
215.242,,,s,2.73E-08,3.58E-09,3.58E-09,erg cm-2 s-1,Integrated Flux,,7.25E+16,2.42E+18,Hz,xray,
216.1525,,,s,3.66E-08,4.83E-09,4.83E-09,erg cm-2 s-1,Integrated Flux,,7.25E+16,2.42E+18,Hz,xray,
217.0165,,,s,2.88E-08,3.87E-09,3.87E-09,erg cm-2 s-1,Integrated Flux,,7.25E+16,2.42E+18,Hz,xray,
218.168,,,s,2.38E-08,3.04E-09,3.04E-09,erg cm-2 s-1,Integrated Flux,,7.25E+16,2.42E+18,Hz,xray,
219.1716,,,s,3.33E-08,4.28E-09,4.28E-09,erg cm-2 s-1,Integrated Flux,,7.25E+16,2.42E+18,Hz,xray,
220.0672,,,s,3.17E-08,4.25E-09,4.25E-09,erg cm-2 s-1,Integrated Flux,,7.25E+16,2.42E+18,Hz,xray,
221.06,,,s,2.32E-08,3.26E-09,3.26E-09,erg cm-2 s-1,Integrated Flux,,7.25E+16,2.42E+18,Hz,xray,
222.1338,,,s,2.95E-08,3.93E-09,3.93E-09,erg cm-2 s-1,Integrated Flux,,7.25E+16,2.42E+18,Hz,xray,
223.402,,,s,2.04E-08,2.73E-09,2.73E-09,erg cm-2 s-1,Integrated Flux,,7.25E+16,2.42E+18,Hz,xray,
224.4708,,,s,2.89E-08,3.94E-09,3.94E-09,erg cm-2 s-1,Integrated Flux,,7.25E+16,2.42E+18,Hz,xray,
225.623,,,s,2.24E-08,2.96E-09,2.96E-09,erg cm-2 s-1,Integrated Flux,,7.25E+16,2.42E+18,Hz,xray,
226.72,,,s,2.86E-08,3.70E-09,3.70E-09,erg cm-2 s-1,Integrated Flux,,7.25E+16,2.42E+18,Hz,xray,
227.744,,,s,2.67E-08,3.52E-09,3.52E-09,erg cm-2 s-1,Integrated Flux,,7.25E+16,2.42E+18,Hz,xray,
228.898,,,s,2.32E-08,3.31E-09,3.31E-09,erg cm-2 s-1,Integrated Flux,,7.25E+16,2.42E+18,Hz,xray,
229.9339,,,s,3.11E-08,4.08E-09,4.08E-09,erg cm-2 s-1,Integrated Flux,,7.25E+16,2.42E+18,Hz,xray,
230.799,,,s,3.18E-08,4.26E-09,4.26E-09,erg cm-2 s-1,Integrated Flux,,7.25E+16,2.42E+18,Hz,xray,
231.6594,,,s,3.62E-08,4.74E-09,4.74E-09,erg cm-2 s-1,Integrated Flux,,7.25E+16,2.42E+18,Hz,xray,
232.694,,,s,2.29E-08,3.03E-09,3.03E-09,erg cm-2 s-1,Integrated Flux,,7.25E+16,2.42E+18,Hz,xray,
233.6912,,,s,3.54E-08,4.54E-09,4.54E-09,erg cm-2 s-1,Integrated Flux,,7.25E+16,2.42E+18,Hz,xray,
234.611,,,s,2.50E-08,3.33E-09,3.33E-09,erg cm-2 s-1,Integrated Flux,,7.25E+16,2.42E+18,Hz,xray,
235.768,,,s,2.71E-08,3.64E-09,3.64E-09,erg cm-2 s-1,Integrated Flux,,7.25E+16,2.42E+18,Hz,xray,
236.891,,,s,2.41E-08,3.35E-09,3.35E-09,erg cm-2 s-1,Integrated Flux,,7.25E+16,2.42E+18,Hz,xray,
237.7983,,,s,2.92E-08,3.86E-09,3.86E-09,erg cm-2 s-1,Integrated Flux,,7.25E+16,2.42E+18,Hz,xray,
238.876,,,s,2.70E-08,3.53E-09,3.53E-09,erg cm-2 s-1,Integrated Flux,,7.25E+16,2.42E+18,Hz,xray,
239.8721,,,s,3.03E-08,3.98E-09,3.98E-09,erg cm-2 s-1,Integrated Flux,,7.25E+16,2.42E+18,Hz,xray,
240.884,,,s,2.72E-08,3.48E-09,3.48E-09,erg cm-2 s-1,Integrated Flux,,7.25E+16,2.42E+18,Hz,xray,
242.133,,,s,2.22E-08,2.86E-09,2.86E-09,erg cm-2 s-1,Integrated Flux,,7.25E+16,2.42E+18,Hz,xray,
243.201,,,s,3.20E-08,4.16E-09,4.16E-09,erg cm-2 s-1,Integrated Flux,,7.25E+16,2.42E+18,Hz,xray,
244.306,,,s,2.21E-08,2.88E-09,2.88E-09,erg cm-2 s-1,Integrated Flux,,7.25E+16,2.42E+18,Hz,xray,
245.39,,,s,2.61E-08,3.48E-09,3.48E-09,erg cm-2 s-1,Integrated Flux,,7.25E+16,2.42E+18,Hz,xray,
246.698,,,s,2.07E-08,2.88E-09,2.88E-09,erg cm-2 s-1,Integrated Flux,,7.25E+16,2.42E+18,Hz,xray,
247.944,,,s,2.46E-08,3.23E-09,3.23E-09,erg cm-2 s-1,Integrated Flux,,7.25E+16,2.42E+18,Hz,xray,
249.026,,,s,2.60E-08,3.38E-09,3.38E-09,erg cm-2 s-1,Integrated Flux,,7.25E+16,2.42E+18,Hz,xray,
250.145,,,s,2.66E-08,3.48E-09,3.48E-09,erg cm-2 s-1,Integrated Flux,,7.25E+16,2.42E+18,Hz,xray,
251.252,,,s,2.42E-08,3.25E-09,3.25E-09,erg cm-2 s-1,Integrated Flux,,7.25E+16,2.42E+18,Hz,xray,
252.416,,,s,2.57E-08,3.36E-09,3.36E-09,erg cm-2 s-1,Integrated Flux,,7.25E+16,2.42E+18,Hz,xray,
253.584,,,s,2.49E-08,3.34E-09,3.34E-09,erg cm-2 s-1,Integrated Flux,,7.25E+16,2.42E+18,Hz,xray,
254.682,,,s,2.28E-08,3.08E-09,3.08E-09,erg cm-2 s-1,Integrated Flux,,7.25E+16,2.42E+18,Hz,xray,
255.797,,,s,2.74E-08,3.58E-09,3.58E-09,erg cm-2 s-1,Integrated Flux,,7.25E+16,2.42E+18,Hz,xray,
256.947,,,s,2.63E-08,3.47E-09,3.47E-09,erg cm-2 s-1,Integrated Flux,,7.25E+16,2.42E+18,Hz,xray,
258.143,,,s,2.20E-08,2.94E-09,2.94E-09,erg cm-2 s-1,Integrated Flux,,7.25E+16,2.42E+18,Hz,xray,
259.393,,,s,2.25E-08,3.02E-09,3.02E-09,erg cm-2 s-1,Integrated Flux,,7.25E+16,2.42E+18,Hz,xray,
260.805,,,s,1.89E-08,2.56E-09,2.56E-09,erg cm-2 s-1,Integrated Flux,,7.25E+16,2.42E+18,Hz,xray,
262.014,,,s,2.38E-08,3.20E-09,3.20E-09,erg cm-2 s-1,Integrated Flux,,7.25E+16,2.42E+18,Hz,xray,
263.303,,,s,2.24E-08,3.02E-09,3.02E-09,erg cm-2 s-1,Integrated Flux,,7.25E+16,2.42E+18,Hz,xray,
264.729,,,s,1.74E-08,2.48E-09,2.48E-09,erg cm-2 s-1,Integrated Flux,,7.25E+16,2.42E+18,Hz,xray,
265.927,,,s,2.57E-08,3.37E-09,3.37E-09,erg cm-2 s-1,Integrated Flux,,7.25E+16,2.42E+18,Hz,xray,
267.178,,,s,2.27E-08,3.00E-09,3.00E-09,erg cm-2 s-1,Integrated Flux,,7.25E+16,2.42E+18,Hz,xray,
268.402,,,s,2.21E-08,2.96E-09,2.96E-09,erg cm-2 s-1,Integrated Flux,,7.25E+16,2.42E+18,Hz,xray,
269.67,,,s,2.29E-08,3.10E-09,3.10E-09,erg cm-2 s-1,Integrated Flux,,7.25E+16,2.42E+18,Hz,xray,
270.884,,,s,2.57E-08,3.40E-09,3.40E-09,erg cm-2 s-1,Integrated Flux,,7.25E+16,2.42E+18,Hz,xray,
271.881,,,s,2.52E-08,3.36E-09,3.36E-09,erg cm-2 s-1,Integrated Flux,,7.25E+16,2.42E+18,Hz,xray,
272.991,,,s,2.51E-08,3.29E-09,3.29E-09,erg cm-2 s-1,Integrated Flux,,7.25E+16,2.42E+18,Hz,xray,
274.288,,,s,1.80E-08,2.42E-09,2.42E-09,erg cm-2 s-1,Integrated Flux,,7.25E+16,2.42E+18,Hz,xray,
275.875,,,s,2.12E-08,2.92E-09,2.92E-09,erg cm-2 s-1,Integrated Flux,,7.25E+16,2.42E+18,Hz,xray,
277.156,,,s,1.91E-08,2.56E-09,2.56E-09,erg cm-2 s-1,Integrated Flux,,7.25E+16,2.42E+18,Hz,xray,
278.56,,,s,2.21E-08,2.97E-09,2.97E-09,erg cm-2 s-1,Integrated Flux,,7.25E+16,2.42E+18,Hz,xray,
279.748,,,s,2.29E-08,2.98E-09,2.98E-09,erg cm-2 s-1,Integrated Flux,,7.25E+16,2.42E+18,Hz,xray,
281.306,,,s,1.58E-08,2.09E-09,2.09E-09,erg cm-2 s-1,Integrated Flux,,7.25E+16,2.42E+18,Hz,xray,
282.937,,,s,1.83E-08,2.50E-09,2.50E-09,erg cm-2 s-1,Integrated Flux,,7.25E+16,2.42E+18,Hz,xray,
284.287,,,s,2.60E-08,3.38E-09,3.38E-09,erg cm-2 s-1,Integrated Flux,,7.25E+16,2.42E+18,Hz,xray,
285.56,,,s,2.05E-08,2.66E-09,2.66E-09,erg cm-2 s-1,Integrated Flux,,7.25E+16,2.42E+18,Hz,xray,
286.919,,,s,2.30E-08,2.94E-09,2.94E-09,erg cm-2 s-1,Integrated Flux,,7.25E+16,2.42E+18,Hz,xray,
288.331,,,s,1.67E-08,2.29E-09,2.29E-09,erg cm-2 s-1,Integrated Flux,,7.25E+16,2.42E+18,Hz,xray,
289.705,,,s,2.21E-08,2.86E-09,2.86E-09,erg cm-2 s-1,Integrated Flux,,7.25E+16,2.42E+18,Hz,xray,
291.116,,,s,1.69E-08,2.18E-09,2.18E-09,erg cm-2 s-1,Integrated Flux,,7.25E+16,2.42E+18,Hz,xray,
291.8782,,,s,1.74E-08,2.17E-09,2.17E-09,erg cm-2 s-1,Integrated Flux,,7.25E+16,2.42E+18,Hz,xray,
292.5346,,,s,1.80E-08,2.22E-09,2.22E-09,erg cm-2 s-1,Integrated Flux,,7.25E+16,2.42E+18,Hz,xray,
293.0904,,,s,2.03E-08,2.54E-09,2.54E-09,erg cm-2 s-1,Integrated Flux,,7.25E+16,2.42E+18,Hz,xray,
293.6507,,,s,1.89E-08,2.29E-09,2.29E-09,erg cm-2 s-1,Integrated Flux,,7.25E+16,2.42E+18,Hz,xray,
294.2807,,,s,1.62E-08,2.05E-09,2.05E-09,erg cm-2 s-1,Integrated Flux,,7.25E+16,2.42E+18,Hz,xray,
294.8924,,,s,1.95E-08,2.46E-09,2.46E-09,erg cm-2 s-1,Integrated Flux,,7.25E+16,2.42E+18,Hz,xray,
295.4872,,,s,1.99E-08,2.47E-09,2.47E-09,erg cm-2 s-1,Integrated Flux,,7.25E+16,2.42E+18,Hz,xray,
296.061,,,s,1.64E-08,2.16E-09,2.16E-09,erg cm-2 s-1,Integrated Flux,,7.25E+16,2.42E+18,Hz,xray,
296.7249,,,s,1.69E-08,2.11E-09,2.11E-09,erg cm-2 s-1,Integrated Flux,,7.25E+16,2.42E+18,Hz,xray,
297.351,,,s,1.73E-08,2.16E-09,2.16E-09,erg cm-2 s-1,Integrated Flux,,7.25E+16,2.42E+18,Hz,xray,
297.9956,,,s,1.57E-08,2.00E-09,2.00E-09,erg cm-2 s-1,Integrated Flux,,7.25E+16,2.42E+18,Hz,xray,
298.655,,,s,1.85E-08,2.29E-09,2.29E-09,erg cm-2 s-1,Integrated Flux,,7.25E+16,2.42E+18,Hz,xray,
299.2272,,,s,2.15E-08,2.69E-09,2.69E-09,erg cm-2 s-1,Integrated Flux,,7.25E+16,2.42E+18,Hz,xray,
299.7632,,,s,1.76E-08,2.18E-09,2.18E-09,erg cm-2 s-1,Integrated Flux,,7.25E+16,2.42E+18,Hz,xray,
300.3239,,,s,2.11E-08,2.67E-09,2.67E-09,erg cm-2 s-1,Integrated Flux,,7.25E+16,2.42E+18,Hz,xray,
300.8288,,,s,2.60E-08,3.00E-09,3.00E-09,erg cm-2 s-1,Integrated Flux,,7.25E+16,2.42E+18,Hz,xray,
301.3538,,,s,2.15E-08,2.69E-09,2.69E-09,erg cm-2 s-1,Integrated Flux,,7.25E+16,2.42E+18,Hz,xray,
301.9296,,,s,1.89E-08,2.41E-09,2.41E-09,erg cm-2 s-1,Integrated Flux,,7.25E+16,2.42E+18,Hz,xray,
302.4148,,,s,2.45E-08,2.85E-09,2.85E-09,erg cm-2 s-1,Integrated Flux,,7.25E+16,2.42E+18,Hz,xray,
302.9921,,,s,1.98E-08,2.54E-09,2.54E-09,erg cm-2 s-1,Integrated Flux,,7.25E+16,2.42E+18,Hz,xray,
303.5463,,,s,2.03E-08,2.61E-09,2.61E-09,erg cm-2 s-1,Integrated Flux,,7.25E+16,2.42E+18,Hz,xray,
304.0763,,,s,1.91E-08,2.41E-09,2.41E-09,erg cm-2 s-1,Integrated Flux,,7.25E+16,2.42E+18,Hz,xray,
304.6979,,,s,1.70E-08,2.15E-09,2.15E-09,erg cm-2 s-1,Integrated Flux,,7.25E+16,2.42E+18,Hz,xray,
305.2613,,,s,2.18E-08,2.71E-09,2.71E-09,erg cm-2 s-1,Integrated Flux,,7.25E+16,2.42E+18,Hz,xray,
305.8671,,,s,1.52E-08,1.93E-09,1.93E-09,erg cm-2 s-1,Integrated Flux,,7.25E+16,2.42E+18,Hz,xray,
306.5337,,,s,2.11E-08,2.75E-09,2.75E-09,erg cm-2 s-1,Integrated Flux,,7.25E+16,2.42E+18,Hz,xray,
307.1122,,,s,1.66E-08,2.07E-09,2.07E-09,erg cm-2 s-1,Integrated Flux,,7.25E+16,2.42E+18,Hz,xray,
307.7107,,,s,2.59E-08,3.00E-09,3.00E-09,erg cm-2 s-1,Integrated Flux,,7.25E+16,2.42E+18,Hz,xray,
308.291,,,s,1.76E-08,2.24E-09,2.24E-09,erg cm-2 s-1,Integrated Flux,,7.25E+16,2.42E+18,Hz,xray,
308.8116,,,s,2.64E-08,3.00E-09,3.00E-09,erg cm-2 s-1,Integrated Flux,,7.25E+16,2.42E+18,Hz,xray,
309.3359,,,s,2.14E-08,2.64E-09,2.64E-09,erg cm-2 s-1,Integrated Flux,,7.25E+16,2.42E+18,Hz,xray,
309.9145,,,s,1.71E-08,2.12E-09,2.12E-09,erg cm-2 s-1,Integrated Flux,,7.25E+16,2.42E+18,Hz,xray,
310.479,,,s,2.11E-08,2.61E-09,2.61E-09,erg cm-2 s-1,Integrated Flux,,7.25E+16,2.42E+18,Hz,xray,
311.0342,,,s,2.52E-08,2.95E-09,2.95E-09,erg cm-2 s-1,Integrated Flux,,7.25E+16,2.42E+18,Hz,xray,
311.5754,,,s,2.13E-08,2.63E-09,2.63E-09,erg cm-2 s-1,Integrated Flux,,7.25E+16,2.42E+18,Hz,xray,
312.1728,,,s,1.52E-08,1.94E-09,1.94E-09,erg cm-2 s-1,Integrated Flux,,7.25E+16,2.42E+18,Hz,xray,
312.8479,,,s,1.71E-08,2.21E-09,2.21E-09,erg cm-2 s-1,Integrated Flux,,7.25E+16,2.42E+18,Hz,xray,
313.5514,,,s,1.47E-08,1.83E-09,1.83E-09,erg cm-2 s-1,Integrated Flux,,7.25E+16,2.42E+18,Hz,xray,
314.159,,,s,1.92E-08,2.43E-09,2.43E-09,erg cm-2 s-1,Integrated Flux,,7.25E+16,2.42E+18,Hz,xray,
314.8233,,,s,1.56E-08,1.95E-09,1.95E-09,erg cm-2 s-1,Integrated Flux,,7.25E+16,2.42E+18,Hz,xray,
315.492,,,s,1.80E-08,2.32E-09,2.32E-09,erg cm-2 s-1,Integrated Flux,,7.25E+16,2.42E+18,Hz,xray,
316.0411,,,s,1.83E-08,2.38E-09,2.38E-09,erg cm-2 s-1,Integrated Flux,,7.25E+16,2.42E+18,Hz,xray,
316.6692,,,s,1.89E-08,2.38E-09,2.38E-09,erg cm-2 s-1,Integrated Flux,,7.25E+16,2.42E+18,Hz,xray,
317.2413,,,s,1.65E-08,2.13E-09,2.13E-09,erg cm-2 s-1,Integrated Flux,,7.25E+16,2.42E+18,Hz,xray,
317.9307,,,s,1.63E-08,2.08E-09,2.08E-09,erg cm-2 s-1,Integrated Flux,,7.25E+16,2.42E+18,Hz,xray,
318.5656,,,s,1.61E-08,2.01E-09,2.01E-09,erg cm-2 s-1,Integrated Flux,,7.25E+16,2.42E+18,Hz,xray,
319.2882,,,s,1.49E-08,1.86E-09,1.86E-09,erg cm-2 s-1,Integrated Flux,,7.25E+16,2.42E+18,Hz,xray,
320.0156,,,s,1.68E-08,2.09E-09,2.09E-09,erg cm-2 s-1,Integrated Flux,,7.25E+16,2.42E+18,Hz,xray,
320.6616,,,s,1.46E-08,1.88E-09,1.88E-09,erg cm-2 s-1,Integrated Flux,,7.25E+16,2.42E+18,Hz,xray,
321.4326,,,s,1.58E-08,2.01E-09,2.01E-09,erg cm-2 s-1,Integrated Flux,,7.25E+16,2.42E+18,Hz,xray,
322.0638,,,s,1.77E-08,2.23E-09,2.23E-09,erg cm-2 s-1,Integrated Flux,,7.25E+16,2.42E+18,Hz,xray,
322.7076,,,s,1.54E-08,1.96E-09,1.96E-09,erg cm-2 s-1,Integrated Flux,,7.25E+16,2.42E+18,Hz,xray,
323.4085,,,s,1.62E-08,2.09E-09,2.09E-09,erg cm-2 s-1,Integrated Flux,,7.25E+16,2.42E+18,Hz,xray,
324.0954,,,s,1.51E-08,1.91E-09,1.91E-09,erg cm-2 s-1,Integrated Flux,,7.25E+16,2.42E+18,Hz,xray,
324.8006,,,s,1.52E-08,1.94E-09,1.94E-09,erg cm-2 s-1,Integrated Flux,,7.25E+16,2.42E+18,Hz,xray,
325.5095,,,s,1.40E-08,1.77E-09,1.77E-09,erg cm-2 s-1,Integrated Flux,,7.25E+16,2.42E+18,Hz,xray,
326.3342,,,s,1.53E-08,2.00E-09,2.00E-09,erg cm-2 s-1,Integrated Flux,,7.25E+16,2.42E+18,Hz,xray,
326.9269,,,s,2.10E-08,2.61E-09,2.61E-09,erg cm-2 s-1,Integrated Flux,,7.25E+16,2.42E+18,Hz,xray,
327.482,,,s,1.77E-08,2.29E-09,2.29E-09,erg cm-2 s-1,Integrated Flux,,7.25E+16,2.42E+18,Hz,xray,
328.1913,,,s,1.37E-08,1.74E-09,1.74E-09,erg cm-2 s-1,Integrated Flux,,7.25E+16,2.42E+18,Hz,xray,
328.916,,,s,1.68E-08,2.17E-09,2.17E-09,erg cm-2 s-1,Integrated Flux,,7.25E+16,2.42E+18,Hz,xray,
329.5032,,,s,2.01E-08,2.46E-09,2.46E-09,erg cm-2 s-1,Integrated Flux,,7.25E+16,2.42E+18,Hz,xray,
330.1354,,,s,1.66E-08,2.03E-09,2.03E-09,erg cm-2 s-1,Integrated Flux,,7.25E+16,2.42E+18,Hz,xray,
330.8792,,,s,1.41E-08,1.77E-09,1.77E-09,erg cm-2 s-1,Integrated Flux,,7.25E+16,2.42E+18,Hz,xray,
331.5645,,,s,1.66E-08,2.08E-09,2.08E-09,erg cm-2 s-1,Integrated Flux,,7.25E+16,2.42E+18,Hz,xray,
332.2827,,,s,1.58E-08,2.02E-09,2.02E-09,erg cm-2 s-1,Integrated Flux,,7.25E+16,2.42E+18,Hz,xray,
333.0034,,,s,1.47E-08,1.89E-09,1.89E-09,erg cm-2 s-1,Integrated Flux,,7.25E+16,2.42E+18,Hz,xray,
333.7322,,,s,1.45E-08,1.84E-09,1.84E-09,erg cm-2 s-1,Integrated Flux,,7.25E+16,2.42E+18,Hz,xray,
334.4529,,,s,1.39E-08,1.78E-09,1.78E-09,erg cm-2 s-1,Integrated Flux,,7.25E+16,2.42E+18,Hz,xray,
335.2482,,,s,1.38E-08,1.78E-09,1.78E-09,erg cm-2 s-1,Integrated Flux,,7.25E+16,2.42E+18,Hz,xray,
336.0064,,,s,1.58E-08,2.02E-09,2.02E-09,erg cm-2 s-1,Integrated Flux,,7.25E+16,2.42E+18,Hz,xray,
336.6085,,,s,1.83E-08,2.24E-09,2.24E-09,erg cm-2 s-1,Integrated Flux,,7.25E+16,2.42E+18,Hz,xray,
337.2696,,,s,1.75E-08,2.19E-09,2.19E-09,erg cm-2 s-1,Integrated Flux,,7.25E+16,2.42E+18,Hz,xray,
337.8944,,,s,1.61E-08,2.02E-09,2.02E-09,erg cm-2 s-1,Integrated Flux,,7.25E+16,2.42E+18,Hz,xray,
338.5736,,,s,1.74E-08,2.24E-09,2.24E-09,erg cm-2 s-1,Integrated Flux,,7.25E+16,2.42E+18,Hz,xray,
339.2041,,,s,1.59E-08,2.07E-09,2.07E-09,erg cm-2 s-1,Integrated Flux,,7.25E+16,2.42E+18,Hz,xray,
339.9329,,,s,1.51E-08,1.91E-09,1.91E-09,erg cm-2 s-1,Integrated Flux,,7.25E+16,2.42E+18,Hz,xray,
340.5566,,,s,1.71E-08,2.23E-09,2.23E-09,erg cm-2 s-1,Integrated Flux,,7.25E+16,2.42E+18,Hz,xray,
341.172,,,s,1.53E-08,1.98E-09,1.98E-09,erg cm-2 s-1,Integrated Flux,,7.25E+16,2.42E+18,Hz,xray,
341.8988,,,s,1.75E-08,2.20E-09,2.20E-09,erg cm-2 s-1,Integrated Flux,,7.25E+16,2.42E+18,Hz,xray,
342.4817,,,s,1.87E-08,2.31E-09,2.31E-09,erg cm-2 s-1,Integrated Flux,,7.25E+16,2.42E+18,Hz,xray,
343.16,,,s,1.55E-08,1.94E-09,1.94E-09,erg cm-2 s-1,Integrated Flux,,7.25E+16,2.42E+18,Hz,xray,
343.8803,,,s,1.43E-08,1.76E-09,1.76E-09,erg cm-2 s-1,Integrated Flux,,7.25E+16,2.42E+18,Hz,xray,
344.6214,,,s,1.62E-08,1.99E-09,1.99E-09,erg cm-2 s-1,Integrated Flux,,7.25E+16,2.42E+18,Hz,xray,
345.3075,,,s,1.53E-08,2.00E-09,2.00E-09,erg cm-2 s-1,Integrated Flux,,7.25E+16,2.42E+18,Hz,xray,
346.0147,,,s,1.55E-08,1.96E-09,1.96E-09,erg cm-2 s-1,Integrated Flux,,7.25E+16,2.42E+18,Hz,xray,
346.7069,,,s,1.60E-08,1.99E-09,1.99E-09,erg cm-2 s-1,Integrated Flux,,7.25E+16,2.42E+18,Hz,xray,
347.4169,,,s,1.56E-08,1.95E-09,1.95E-09,erg cm-2 s-1,Integrated Flux,,7.25E+16,2.42E+18,Hz,xray,
348.0457,,,s,1.81E-08,2.26E-09,2.26E-09,erg cm-2 s-1,Integrated Flux,,7.25E+16,2.42E+18,Hz,xray,
348.6928,,,s,1.83E-08,2.26E-09,2.26E-09,erg cm-2 s-1,Integrated Flux,,7.25E+16,2.42E+18,Hz,xray,
349.2743,,,s,2.00E-08,2.47E-09,2.47E-09,erg cm-2 s-1,Integrated Flux,,7.25E+16,2.42E+18,Hz,xray,
349.9296,,,s,1.65E-08,2.08E-09,2.08E-09,erg cm-2 s-1,Integrated Flux,,7.25E+16,2.42E+18,Hz,xray,
350.5342,,,s,1.50E-08,1.88E-09,1.88E-09,erg cm-2 s-1,Integrated Flux,,7.25E+16,2.42E+18,Hz,xray,
351.2648,,,s,1.71E-08,2.18E-09,2.18E-09,erg cm-2 s-1,Integrated Flux,,7.25E+16,2.42E+18,Hz,xray,
351.8927,,,s,1.65E-08,2.06E-09,2.06E-09,erg cm-2 s-1,Integrated Flux,,7.25E+16,2.42E+18,Hz,xray,
352.5478,,,s,1.56E-08,1.99E-09,1.99E-09,erg cm-2 s-1,Integrated Flux,,7.25E+16,2.42E+18,Hz,xray,
353.2322,,,s,1.85E-08,2.47E-09,2.47E-09,erg cm-2 s-1,Integrated Flux,,7.25E+16,2.42E+18,Hz,xray,
353.8317,,,s,1.84E-08,2.24E-09,2.24E-09,erg cm-2 s-1,Integrated Flux,,7.25E+16,2.42E+18,Hz,xray,
354.4757,,,s,1.56E-08,2.01E-09,2.01E-09,erg cm-2 s-1,Integrated Flux,,7.25E+16,2.42E+18,Hz,xray,
355.1923,,,s,1.50E-08,1.86E-09,1.86E-09,erg cm-2 s-1,Integrated Flux,,7.25E+16,2.42E+18,Hz,xray,
355.9471,,,s,1.51E-08,1.89E-09,1.89E-09,erg cm-2 s-1,Integrated Flux,,7.25E+16,2.42E+18,Hz,xray,
356.5769,,,s,2.04E-08,2.54E-09,2.54E-09,erg cm-2 s-1,Integrated Flux,,7.25E+16,2.42E+18,Hz,xray,
357.1557,,,s,1.76E-08,2.19E-09,2.19E-09,erg cm-2 s-1,Integrated Flux,,7.25E+16,2.42E+18,Hz,xray,
357.8151,,,s,1.76E-08,2.27E-09,2.27E-09,erg cm-2 s-1,Integrated Flux,,7.25E+16,2.42E+18,Hz,xray,
358.4357,,,s,1.55E-08,1.96E-09,1.96E-09,erg cm-2 s-1,Integrated Flux,,7.25E+16,2.42E+18,Hz,xray,
359.1225,,,s,1.96E-08,2.45E-09,2.45E-09,erg cm-2 s-1,Integrated Flux,,7.25E+16,2.42E+18,Hz,xray,
359.6591,,,s,1.69E-08,2.10E-09,2.10E-09,erg cm-2 s-1,Integrated Flux,,7.25E+16,2.42E+18,Hz,xray,
360.3469,,,s,1.85E-08,2.33E-09,2.33E-09,erg cm-2 s-1,Integrated Flux,,7.25E+16,2.42E+18,Hz,xray,
361.0109,,,s,1.65E-08,2.03E-09,2.03E-09,erg cm-2 s-1,Integrated Flux,,7.25E+16,2.42E+18,Hz,xray,
361.6741,,,s,1.45E-08,1.82E-09,1.82E-09,erg cm-2 s-1,Integrated Flux,,7.25E+16,2.42E+18,Hz,xray,
362.4661,,,s,1.48E-08,1.82E-09,1.82E-09,erg cm-2 s-1,Integrated Flux,,7.25E+16,2.42E+18,Hz,xray,
363.2605,,,s,1.24E-08,1.58E-09,1.58E-09,erg cm-2 s-1,Integrated Flux,,7.25E+16,2.42E+18,Hz,xray,
364.0494,,,s,1.78E-08,2.27E-09,2.27E-09,erg cm-2 s-1,Integrated Flux,,7.25E+16,2.42E+18,Hz,xray,
364.8071,,,s,1.31E-08,1.67E-09,1.67E-09,erg cm-2 s-1,Integrated Flux,,7.25E+16,2.42E+18,Hz,xray,
365.5563,,,s,1.60E-08,1.99E-09,1.99E-09,erg cm-2 s-1,Integrated Flux,,7.25E+16,2.42E+18,Hz,xray,
366.3695,,,s,1.25E-08,1.59E-09,1.59E-09,erg cm-2 s-1,Integrated Flux,,7.25E+16,2.42E+18,Hz,xray,
367.1974,,,s,1.30E-08,1.62E-09,1.62E-09,erg cm-2 s-1,Integrated Flux,,7.25E+16,2.42E+18,Hz,xray,
368.0351,,,s,1.29E-08,1.64E-09,1.64E-09,erg cm-2 s-1,Integrated Flux,,7.25E+16,2.42E+18,Hz,xray,
368.8995,,,s,1.31E-08,1.65E-09,1.65E-09,erg cm-2 s-1,Integrated Flux,,7.25E+16,2.42E+18,Hz,xray,
369.7118,,,s,1.15E-08,1.48E-09,1.48E-09,erg cm-2 s-1,Integrated Flux,,7.25E+16,2.42E+18,Hz,xray,
370.6059,,,s,1.43E-08,1.74E-09,1.74E-09,erg cm-2 s-1,Integrated Flux,,7.25E+16,2.42E+18,Hz,xray,
371.4375,,,s,1.20E-08,1.53E-09,1.53E-09,erg cm-2 s-1,Integrated Flux,,7.25E+16,2.42E+18,Hz,xray,
372.2645,,,s,1.78E-08,2.20E-09,2.20E-09,erg cm-2 s-1,Integrated Flux,,7.25E+16,2.42E+18,Hz,xray,
373.0031,,,s,1.18E-08,1.51E-09,1.51E-09,erg cm-2 s-1,Integrated Flux,,7.25E+16,2.42E+18,Hz,xray,
373.8498,,,s,1.33E-08,1.66E-09,1.66E-09,erg cm-2 s-1,Integrated Flux,,7.25E+16,2.42E+18,Hz,xray,
374.7138,,,s,1.34E-08,1.73E-09,1.73E-09,erg cm-2 s-1,Integrated Flux,,7.25E+16,2.42E+18,Hz,xray,
375.5126,,,s,1.23E-08,1.54E-09,1.54E-09,erg cm-2 s-1,Integrated Flux,,7.25E+16,2.42E+18,Hz,xray,
376.4067,,,s,1.36E-08,1.68E-09,1.68E-09,erg cm-2 s-1,Integrated Flux,,7.25E+16,2.42E+18,Hz,xray,
377.2546,,,s,1.26E-08,1.57E-09,1.57E-09,erg cm-2 s-1,Integrated Flux,,7.25E+16,2.42E+18,Hz,xray,
378.0926,,,s,1.57E-08,1.94E-09,1.94E-09,erg cm-2 s-1,Integrated Flux,,7.25E+16,2.42E+18,Hz,xray,
378.894,,,s,1.05E-08,1.37E-09,1.37E-09,erg cm-2 s-1,Integrated Flux,,7.25E+16,2.42E+18,Hz,xray,
379.7854,,,s,1.44E-08,1.79E-09,1.79E-09,erg cm-2 s-1,Integrated Flux,,7.25E+16,2.42E+18,Hz,xray,
380.5504,,,s,1.36E-08,1.73E-09,1.73E-09,erg cm-2 s-1,Integrated Flux,,7.25E+16,2.42E+18,Hz,xray,
381.3697,,,s,1.30E-08,1.67E-09,1.67E-09,erg cm-2 s-1,Integrated Flux,,7.25E+16,2.42E+18,Hz,xray,
382.1644,,,s,1.36E-08,1.73E-09,1.73E-09,erg cm-2 s-1,Integrated Flux,,7.25E+16,2.42E+18,Hz,xray,
382.9745,,,s,1.25E-08,1.60E-09,1.60E-09,erg cm-2 s-1,Integrated Flux,,7.25E+16,2.42E+18,Hz,xray,
383.9343,,,s,1.17E-08,1.45E-09,1.45E-09,erg cm-2 s-1,Integrated Flux,,7.25E+16,2.42E+18,Hz,xray,
384.8726,,,s,1.16E-08,1.45E-09,1.45E-09,erg cm-2 s-1,Integrated Flux,,7.25E+16,2.42E+18,Hz,xray,
385.851,,,s,1.03E-08,1.33E-09,1.33E-09,erg cm-2 s-1,Integrated Flux,,7.25E+16,2.42E+18,Hz,xray,
386.7565,,,s,1.28E-08,1.63E-09,1.63E-09,erg cm-2 s-1,Integrated Flux,,7.25E+16,2.42E+18,Hz,xray,
387.6771,,,s,1.15E-08,1.42E-09,1.42E-09,erg cm-2 s-1,Integrated Flux,,7.25E+16,2.42E+18,Hz,xray,
388.6343,,,s,1.23E-08,1.56E-09,1.56E-09,erg cm-2 s-1,Integrated Flux,,7.25E+16,2.42E+18,Hz,xray,
389.4845,,,s,1.25E-08,1.58E-09,1.58E-09,erg cm-2 s-1,Integrated Flux,,7.25E+16,2.42E+18,Hz,xray,
390.3681,,,s,1.09E-08,1.39E-09,1.39E-09,erg cm-2 s-1,Integrated Flux,,7.25E+16,2.42E+18,Hz,xray,
391.3551,,,s,1.25E-08,1.61E-09,1.61E-09,erg cm-2 s-1,Integrated Flux,,7.25E+16,2.42E+18,Hz,xray,
392.2321,,,s,1.15E-08,1.54E-09,1.54E-09,erg cm-2 s-1,Integrated Flux,,7.25E+16,2.42E+18,Hz,xray,
393.2092,,,s,1.19E-08,1.50E-09,1.50E-09,erg cm-2 s-1,Integrated Flux,,7.25E+16,2.42E+18,Hz,xray,
394.0453,,,s,1.25E-08,1.59E-09,1.59E-09,erg cm-2 s-1,Integrated Flux,,7.25E+16,2.42E+18,Hz,xray,
394.997,,,s,1.21E-08,1.54E-09,1.54E-09,erg cm-2 s-1,Integrated Flux,,7.25E+16,2.42E+18,Hz,xray,
395.9173,,,s,1.24E-08,1.58E-09,1.58E-09,erg cm-2 s-1,Integrated Flux,,7.25E+16,2.42E+18,Hz,xray,
396.6645,,,s,1.55E-08,1.96E-09,1.96E-09,erg cm-2 s-1,Integrated Flux,,7.25E+16,2.42E+18,Hz,xray,
397.498,,,s,1.08E-08,1.35E-09,1.35E-09,erg cm-2 s-1,Integrated Flux,,7.25E+16,2.42E+18,Hz,xray,
398.4793,,,s,1.44E-08,1.80E-09,1.80E-09,erg cm-2 s-1,Integrated Flux,,7.25E+16,2.42E+18,Hz,xray,
399.1529,,,s,1.75E-08,2.19E-09,2.19E-09,erg cm-2 s-1,Integrated Flux,,7.25E+16,2.42E+18,Hz,xray,
399.8198,,,s,1.35E-08,1.64E-09,1.64E-09,erg cm-2 s-1,Integrated Flux,,7.25E+16,2.42E+18,Hz,xray,
400.7084,,,s,1.30E-08,1.57E-09,1.57E-09,erg cm-2 s-1,Integrated Flux,,7.25E+16,2.42E+18,Hz,xray,
401.5306,,,s,1.41E-08,1.75E-09,1.75E-09,erg cm-2 s-1,Integrated Flux,,7.25E+16,2.42E+18,Hz,xray,
402.3874,,,s,1.20E-08,1.53E-09,1.53E-09,erg cm-2 s-1,Integrated Flux,,7.25E+16,2.42E+18,Hz,xray,
403.3098,,,s,1.12E-08,1.41E-09,1.41E-09,erg cm-2 s-1,Integrated Flux,,7.25E+16,2.42E+18,Hz,xray,
404.2298,,,s,1.32E-08,1.64E-09,1.64E-09,erg cm-2 s-1,Integrated Flux,,7.25E+16,2.42E+18,Hz,xray,
405.0933,,,s,1.14E-08,1.40E-09,1.40E-09,erg cm-2 s-1,Integrated Flux,,7.25E+16,2.42E+18,Hz,xray,
405.9998,,,s,1.38E-08,1.77E-09,1.77E-09,erg cm-2 s-1,Integrated Flux,,7.25E+16,2.42E+18,Hz,xray,
406.9227,,,s,1.17E-08,1.46E-09,1.46E-09,erg cm-2 s-1,Integrated Flux,,7.25E+16,2.42E+18,Hz,xray,
407.7736,,,s,1.19E-08,1.53E-09,1.53E-09,erg cm-2 s-1,Integrated Flux,,7.25E+16,2.42E+18,Hz,xray,
408.5849,,,s,1.71E-08,2.07E-09,2.07E-09,erg cm-2 s-1,Integrated Flux,,7.25E+16,2.42E+18,Hz,xray,
409.2829,,,s,1.46E-08,1.83E-09,1.83E-09,erg cm-2 s-1,Integrated Flux,,7.25E+16,2.42E+18,Hz,xray,
410.0337,,,s,1.38E-08,1.69E-09,1.69E-09,erg cm-2 s-1,Integrated Flux,,7.25E+16,2.42E+18,Hz,xray,
410.8295,,,s,1.40E-08,1.80E-09,1.80E-09,erg cm-2 s-1,Integrated Flux,,7.25E+16,2.42E+18,Hz,xray,
411.592,,,s,1.49E-08,1.92E-09,1.92E-09,erg cm-2 s-1,Integrated Flux,,7.25E+16,2.42E+18,Hz,xray,
412.3212,,,s,1.46E-08,1.89E-09,1.89E-09,erg cm-2 s-1,Integrated Flux,,7.25E+16,2.42E+18,Hz,xray,
413.1793,,,s,1.24E-08,1.53E-09,1.53E-09,erg cm-2 s-1,Integrated Flux,,7.25E+16,2.42E+18,Hz,xray,
414.155,,,s,9.62E-09,1.23E-09,1.23E-09,erg cm-2 s-1,Integrated Flux,,7.25E+16,2.42E+18,Hz,xray,
415.1173,,,s,1.31E-08,1.63E-09,1.63E-09,erg cm-2 s-1,Integrated Flux,,7.25E+16,2.42E+18,Hz,xray,
416.161,,,s,9.32E-09,1.23E-09,1.23E-09,erg cm-2 s-1,Integrated Flux,,7.25E+16,2.42E+18,Hz,xray,
417.225,,,s,9.36E-09,1.28E-09,1.28E-09,erg cm-2 s-1,Integrated Flux,,7.25E+16,2.42E+18,Hz,xray,
418.2736,,,s,1.16E-08,1.44E-09,1.44E-09,erg cm-2 s-1,Integrated Flux,,7.25E+16,2.42E+18,Hz,xray,
419.151,,,s,1.09E-08,1.37E-09,1.37E-09,erg cm-2 s-1,Integrated Flux,,7.25E+16,2.42E+18,Hz,xray,
420.1791,,,s,1.18E-08,1.50E-09,1.50E-09,erg cm-2 s-1,Integrated Flux,,7.25E+16,2.42E+18,Hz,xray,
421.25,,,s,9.94E-09,1.25E-09,1.25E-09,erg cm-2 s-1,Integrated Flux,,7.25E+16,2.42E+18,Hz,xray,
422.383,,,s,8.90E-09,1.15E-09,1.15E-09,erg cm-2 s-1,Integrated Flux,,7.25E+16,2.42E+18,Hz,xray,
423.4902,,,s,1.15E-08,1.42E-09,1.42E-09,erg cm-2 s-1,Integrated Flux,,7.25E+16,2.42E+18,Hz,xray,
424.436,,,s,1.10E-08,1.35E-09,1.35E-09,erg cm-2 s-1,Integrated Flux,,7.25E+16,2.42E+18,Hz,xray,
425.3459,,,s,1.33E-08,1.67E-09,1.67E-09,erg cm-2 s-1,Integrated Flux,,7.25E+16,2.42E+18,Hz,xray,
426.297,,,s,9.77E-09,1.22E-09,1.22E-09,erg cm-2 s-1,Integrated Flux,,7.25E+16,2.42E+18,Hz,xray,
427.485,,,s,9.14E-09,1.14E-09,1.14E-09,erg cm-2 s-1,Integrated Flux,,7.25E+16,2.42E+18,Hz,xray,
428.593,,,s,1.05E-08,1.31E-09,1.31E-09,erg cm-2 s-1,Integrated Flux,,7.25E+16,2.42E+18,Hz,xray,
429.58,,,s,1.06E-08,1.35E-09,1.35E-09,erg cm-2 s-1,Integrated Flux,,7.25E+16,2.42E+18,Hz,xray,
430.742,,,s,8.09E-09,1.03E-09,1.03E-09,erg cm-2 s-1,Integrated Flux,,7.25E+16,2.42E+18,Hz,xray,
431.93,,,s,9.05E-09,1.14E-09,1.14E-09,erg cm-2 s-1,Integrated Flux,,7.25E+16,2.42E+18,Hz,xray,
433.1655,,,s,1.09E-08,1.38E-09,1.38E-09,erg cm-2 s-1,Integrated Flux,,7.25E+16,2.42E+18,Hz,xray,
434.0094,,,s,1.27E-08,1.60E-09,1.60E-09,erg cm-2 s-1,Integrated Flux,,7.25E+16,2.42E+18,Hz,xray,
434.8818,,,s,1.24E-08,1.60E-09,1.60E-09,erg cm-2 s-1,Integrated Flux,,7.25E+16,2.42E+18,Hz,xray,
435.7813,,,s,1.21E-08,1.48E-09,1.48E-09,erg cm-2 s-1,Integrated Flux,,7.25E+16,2.42E+18,Hz,xray,
436.6261,,,s,1.38E-08,1.76E-09,1.76E-09,erg cm-2 s-1,Integrated Flux,,7.25E+16,2.42E+18,Hz,xray,
437.411,,,s,1.47E-08,1.83E-09,1.83E-09,erg cm-2 s-1,Integrated Flux,,7.25E+16,2.42E+18,Hz,xray,
438.2577,,,s,1.16E-08,1.48E-09,1.48E-09,erg cm-2 s-1,Integrated Flux,,7.25E+16,2.42E+18,Hz,xray,
439.1135,,,s,1.21E-08,1.53E-09,1.53E-09,erg cm-2 s-1,Integrated Flux,,7.25E+16,2.42E+18,Hz,xray,
440.0578,,,s,1.11E-08,1.44E-09,1.44E-09,erg cm-2 s-1,Integrated Flux,,7.25E+16,2.42E+18,Hz,xray,
441.134,,,s,9.05E-09,1.18E-09,1.18E-09,erg cm-2 s-1,Integrated Flux,,7.25E+16,2.42E+18,Hz,xray,
442.214,,,s,1.03E-08,1.34E-09,1.34E-09,erg cm-2 s-1,Integrated Flux,,7.25E+16,2.42E+18,Hz,xray,
443.351,,,s,8.50E-09,1.06E-09,1.06E-09,erg cm-2 s-1,Integrated Flux,,7.25E+16,2.42E+18,Hz,xray,
444.601,,,s,9.66E-09,1.23E-09,1.23E-09,erg cm-2 s-1,Integrated Flux,,7.25E+16,2.42E+18,Hz,xray,
445.696,,,s,1.01E-08,1.25E-09,1.25E-09,erg cm-2 s-1,Integrated Flux,,7.25E+16,2.42E+18,Hz,xray,
446.811,,,s,9.37E-09,1.22E-09,1.22E-09,erg cm-2 s-1,Integrated Flux,,7.25E+16,2.42E+18,Hz,xray,
447.8303,,,s,1.13E-08,1.41E-09,1.41E-09,erg cm-2 s-1,Integrated Flux,,7.25E+16,2.42E+18,Hz,xray,
448.931,,,s,9.51E-09,1.20E-09,1.20E-09,erg cm-2 s-1,Integrated Flux,,7.25E+16,2.42E+18,Hz,xray,
450.101,,,s,9.00E-09,1.16E-09,1.16E-09,erg cm-2 s-1,Integrated Flux,,7.25E+16,2.42E+18,Hz,xray,
451.326,,,s,8.26E-09,1.03E-09,1.03E-09,erg cm-2 s-1,Integrated Flux,,7.25E+16,2.42E+18,Hz,xray,
452.588,,,s,9.26E-09,1.20E-09,1.20E-09,erg cm-2 s-1,Integrated Flux,,7.25E+16,2.42E+18,Hz,xray,
453.5545,,,s,1.23E-08,1.53E-09,1.53E-09,erg cm-2 s-1,Integrated Flux,,7.25E+16,2.42E+18,Hz,xray,
454.4328,,,s,1.35E-08,1.67E-09,1.67E-09,erg cm-2 s-1,Integrated Flux,,7.25E+16,2.42E+18,Hz,xray,
455.427,,,s,9.41E-09,1.18E-09,1.18E-09,erg cm-2 s-1,Integrated Flux,,7.25E+16,2.42E+18,Hz,xray,
456.4653,,,s,1.20E-08,1.56E-09,1.56E-09,erg cm-2 s-1,Integrated Flux,,7.25E+16,2.42E+18,Hz,xray,
457.4131,,,s,1.13E-08,1.44E-09,1.44E-09,erg cm-2 s-1,Integrated Flux,,7.25E+16,2.42E+18,Hz,xray,
458.463,,,s,8.48E-09,1.12E-09,1.12E-09,erg cm-2 s-1,Integrated Flux,,7.25E+16,2.42E+18,Hz,xray,
459.741,,,s,9.34E-09,1.15E-09,1.15E-09,erg cm-2 s-1,Integrated Flux,,7.25E+16,2.42E+18,Hz,xray,
460.916,,,s,9.24E-09,1.18E-09,1.18E-09,erg cm-2 s-1,Integrated Flux,,7.25E+16,2.42E+18,Hz,xray,
462.055,,,s,9.87E-09,1.23E-09,1.23E-09,erg cm-2 s-1,Integrated Flux,,7.25E+16,2.42E+18,Hz,xray,
463.296,,,s,8.52E-09,1.08E-09,1.08E-09,erg cm-2 s-1,Integrated Flux,,7.25E+16,2.42E+18,Hz,xray,
464.545,,,s,8.97E-09,1.13E-09,1.13E-09,erg cm-2 s-1,Integrated Flux,,7.25E+16,2.42E+18,Hz,xray,
465.824,,,s,8.04E-09,1.04E-09,1.04E-09,erg cm-2 s-1,Integrated Flux,,7.25E+16,2.42E+18,Hz,xray,
467.009,,,s,8.97E-09,1.16E-09,1.16E-09,erg cm-2 s-1,Integrated Flux,,7.25E+16,2.42E+18,Hz,xray,
468.429,,,s,8.29E-09,1.06E-09,1.06E-09,erg cm-2 s-1,Integrated Flux,,7.25E+16,2.42E+18,Hz,xray,
469.502,,,s,8.96E-09,1.17E-09,1.17E-09,erg cm-2 s-1,Integrated Flux,,7.25E+16,2.42E+18,Hz,xray,
470.654,,,s,9.80E-09,1.21E-09,1.21E-09,erg cm-2 s-1,Integrated Flux,,7.25E+16,2.42E+18,Hz,xray,
471.764,,,s,8.96E-09,1.11E-09,1.11E-09,erg cm-2 s-1,Integrated Flux,,7.25E+16,2.42E+18,Hz,xray,
472.9635,,,s,1.16E-08,1.45E-09,1.45E-09,erg cm-2 s-1,Integrated Flux,,7.25E+16,2.42E+18,Hz,xray,
474.136,,,s,9.12E-09,1.14E-09,1.14E-09,erg cm-2 s-1,Integrated Flux,,7.25E+16,2.42E+18,Hz,xray,
475.159,,,s,1.00E-08,1.26E-09,1.26E-09,erg cm-2 s-1,Integrated Flux,,7.25E+16,2.42E+18,Hz,xray,
476.332,,,s,8.53E-09,1.11E-09,1.11E-09,erg cm-2 s-1,Integrated Flux,,7.25E+16,2.42E+18,Hz,xray,
477.447,,,s,9.90E-09,1.25E-09,1.25E-09,erg cm-2 s-1,Integrated Flux,,7.25E+16,2.42E+18,Hz,xray,
478.73,,,s,8.06E-09,1.01E-09,1.01E-09,erg cm-2 s-1,Integrated Flux,,7.25E+16,2.42E+18,Hz,xray,
479.956,,,s,9.48E-09,1.20E-09,1.20E-09,erg cm-2 s-1,Integrated Flux,,7.25E+16,2.42E+18,Hz,xray,
480.9295,,,s,1.29E-08,1.60E-09,1.60E-09,erg cm-2 s-1,Integrated Flux,,7.25E+16,2.42E+18,Hz,xray,
481.955,,,s,7.79E-09,1.02E-09,1.02E-09,erg cm-2 s-1,Integrated Flux,,7.25E+16,2.42E+18,Hz,xray,
483.251,,,s,1.04E-08,1.27E-09,1.27E-09,erg cm-2 s-1,Integrated Flux,,7.25E+16,2.42E+18,Hz,xray,
484.3582,,,s,1.10E-08,1.38E-09,1.38E-09,erg cm-2 s-1,Integrated Flux,,7.25E+16,2.42E+18,Hz,xray,
485.335,,,s,9.16E-09,1.16E-09,1.16E-09,erg cm-2 s-1,Integrated Flux,,7.25E+16,2.42E+18,Hz,xray,
486.564,,,s,9.66E-09,1.22E-09,1.22E-09,erg cm-2 s-1,Integrated Flux,,7.25E+16,2.42E+18,Hz,xray,
487.613,,,s,1.02E-08,1.25E-09,1.25E-09,erg cm-2 s-1,Integrated Flux,,7.25E+16,2.42E+18,Hz,xray,
488.682,,,s,1.03E-08,1.28E-09,1.28E-09,erg cm-2 s-1,Integrated Flux,,7.25E+16,2.42E+18,Hz,xray,
489.986,,,s,7.43E-09,9.58E-10,9.58E-10,erg cm-2 s-1,Integrated Flux,,7.25E+16,2.42E+18,Hz,xray,
491.227,,,s,1.01E-08,1.27E-09,1.27E-09,erg cm-2 s-1,Integrated Flux,,7.25E+16,2.42E+18,Hz,xray,
492.2053,,,s,1.14E-08,1.47E-09,1.47E-09,erg cm-2 s-1,Integrated Flux,,7.25E+16,2.42E+18,Hz,xray,
493.111,,,s,1.07E-08,1.34E-09,1.34E-09,erg cm-2 s-1,Integrated Flux,,7.25E+16,2.42E+18,Hz,xray,
494.0708,,,s,1.21E-08,1.56E-09,1.56E-09,erg cm-2 s-1,Integrated Flux,,7.25E+16,2.42E+18,Hz,xray,
495.163,,,s,9.42E-09,1.16E-09,1.16E-09,erg cm-2 s-1,Integrated Flux,,7.25E+16,2.42E+18,Hz,xray,
496.427,,,s,8.57E-09,1.09E-09,1.09E-09,erg cm-2 s-1,Integrated Flux,,7.25E+16,2.42E+18,Hz,xray,
497.3948,,,s,1.18E-08,1.45E-09,1.45E-09,erg cm-2 s-1,Integrated Flux,,7.25E+16,2.42E+18,Hz,xray,
498.457,,,s,1.09E-08,1.37E-09,1.37E-09,erg cm-2 s-1,Integrated Flux,,7.25E+16,2.42E+18,Hz,xray,
499.4851,,,s,1.15E-08,1.45E-09,1.45E-09,erg cm-2 s-1,Integrated Flux,,7.25E+16,2.42E+18,Hz,xray,
500.504,,,s,9.72E-09,1.20E-09,1.20E-09,erg cm-2 s-1,Integrated Flux,,7.25E+16,2.42E+18,Hz,xray,
501.671,,,s,1.01E-08,1.28E-09,1.28E-09,erg cm-2 s-1,Integrated Flux,,7.25E+16,2.42E+18,Hz,xray,
502.854,,,s,8.31E-09,1.05E-09,1.05E-09,erg cm-2 s-1,Integrated Flux,,7.25E+16,2.42E+18,Hz,xray,
504.04,,,s,1.12E-08,1.37E-09,1.37E-09,erg cm-2 s-1,Integrated Flux,,7.25E+16,2.42E+18,Hz,xray,
505.176,,,s,8.71E-09,1.13E-09,1.13E-09,erg cm-2 s-1,Integrated Flux,,7.25E+16,2.42E+18,Hz,xray,
506.3187,,,s,1.14E-08,1.43E-09,1.43E-09,erg cm-2 s-1,Integrated Flux,,7.25E+16,2.42E+18,Hz,xray,
507.312,,,s,9.29E-09,1.18E-09,1.18E-09,erg cm-2 s-1,Integrated Flux,,7.25E+16,2.42E+18,Hz,xray,
508.3328,,,s,8.71E-09,1.09E-09,1.09E-09,erg cm-2 s-1,Integrated Flux,,7.25E+16,2.42E+18,Hz,xray,
509.2016,,,s,9.41E-09,1.19E-09,1.19E-09,erg cm-2 s-1,Integrated Flux,,7.25E+16,2.42E+18,Hz,xray,
510.08,,,s,1.02E-08,1.25E-09,1.25E-09,erg cm-2 s-1,Integrated Flux,,7.25E+16,2.42E+18,Hz,xray,
510.8701,,,s,1.08E-08,1.35E-09,1.35E-09,erg cm-2 s-1,Integrated Flux,,7.25E+16,2.42E+18,Hz,xray,
511.7086,,,s,8.50E-09,1.09E-09,1.09E-09,erg cm-2 s-1,Integrated Flux,,7.25E+16,2.42E+18,Hz,xray,
512.5685,,,s,1.18E-08,1.48E-09,1.48E-09,erg cm-2 s-1,Integrated Flux,,7.25E+16,2.42E+18,Hz,xray,
513.2933,,,s,1.09E-08,1.34E-09,1.34E-09,erg cm-2 s-1,Integrated Flux,,7.25E+16,2.42E+18,Hz,xray,
514.0823,,,s,1.03E-08,1.26E-09,1.26E-09,erg cm-2 s-1,Integrated Flux,,7.25E+16,2.42E+18,Hz,xray,
515.006,,,s,8.22E-09,1.01E-09,1.01E-09,erg cm-2 s-1,Integrated Flux,,7.25E+16,2.42E+18,Hz,xray,
515.9596,,,s,9.64E-09,1.19E-09,1.19E-09,erg cm-2 s-1,Integrated Flux,,7.25E+16,2.42E+18,Hz,xray,
516.8709,,,s,8.62E-09,1.08E-09,1.08E-09,erg cm-2 s-1,Integrated Flux,,7.25E+16,2.42E+18,Hz,xray,
517.986,,,s,7.30E-09,9.25E-10,9.25E-10,erg cm-2 s-1,Integrated Flux,,7.25E+16,2.42E+18,Hz,xray,
518.8636,,,s,1.02E-08,1.25E-09,1.25E-09,erg cm-2 s-1,Integrated Flux,,7.25E+16,2.42E+18,Hz,xray,
519.7296,,,s,9.40E-09,1.16E-09,1.16E-09,erg cm-2 s-1,Integrated Flux,,7.25E+16,2.42E+18,Hz,xray,
520.6332,,,s,8.72E-09,1.08E-09,1.08E-09,erg cm-2 s-1,Integrated Flux,,7.25E+16,2.42E+18,Hz,xray,
521.475,,,s,1.22E-08,1.52E-09,1.52E-09,erg cm-2 s-1,Integrated Flux,,7.25E+16,2.42E+18,Hz,xray,
522.2219,,,s,9.51E-09,1.19E-09,1.19E-09,erg cm-2 s-1,Integrated Flux,,7.25E+16,2.42E+18,Hz,xray,
523.1377,,,s,1.06E-08,1.33E-09,1.33E-09,erg cm-2 s-1,Integrated Flux,,7.25E+16,2.42E+18,Hz,xray,
523.8619,,,s,1.16E-08,1.45E-09,1.45E-09,erg cm-2 s-1,Integrated Flux,,7.25E+16,2.42E+18,Hz,xray,
524.6936,,,s,8.51E-09,1.04E-09,1.04E-09,erg cm-2 s-1,Integrated Flux,,7.25E+16,2.42E+18,Hz,xray,
525.6876,,,s,9.39E-09,1.19E-09,1.19E-09,erg cm-2 s-1,Integrated Flux,,7.25E+16,2.42E+18,Hz,xray,
526.4496,,,s,1.06E-08,1.31E-09,1.31E-09,erg cm-2 s-1,Integrated Flux,,7.25E+16,2.42E+18,Hz,xray,
527.43,,,s,6.86E-09,8.40E-10,8.40E-10,erg cm-2 s-1,Integrated Flux,,7.25E+16,2.42E+18,Hz,xray,
528.5043,,,s,8.99E-09,1.16E-09,1.16E-09,erg cm-2 s-1,Integrated Flux,,7.25E+16,2.42E+18,Hz,xray,
529.414,,,s,9.65E-09,1.22E-09,1.22E-09,erg cm-2 s-1,Integrated Flux,,7.25E+16,2.42E+18,Hz,xray,
530.2895,,,s,9.35E-09,1.20E-09,1.20E-09,erg cm-2 s-1,Integrated Flux,,7.25E+16,2.42E+18,Hz,xray,
531.202,,,s,7.95E-09,9.96E-10,9.96E-10,erg cm-2 s-1,Integrated Flux,,7.25E+16,2.42E+18,Hz,xray,
532.2262,,,s,8.50E-09,1.05E-09,1.05E-09,erg cm-2 s-1,Integrated Flux,,7.25E+16,2.42E+18,Hz,xray,
533.1145,,,s,1.04E-08,1.36E-09,1.36E-09,erg cm-2 s-1,Integrated Flux,,7.25E+16,2.42E+18,Hz,xray,
534.054,,,s,7.99E-09,1.02E-09,1.02E-09,erg cm-2 s-1,Integrated Flux,,7.25E+16,2.42E+18,Hz,xray,
534.9119,,,s,9.58E-09,1.19E-09,1.19E-09,erg cm-2 s-1,Integrated Flux,,7.25E+16,2.42E+18,Hz,xray,
535.7704,,,s,9.41E-09,1.21E-09,1.21E-09,erg cm-2 s-1,Integrated Flux,,7.25E+16,2.42E+18,Hz,xray,
536.7015,,,s,8.67E-09,1.09E-09,1.09E-09,erg cm-2 s-1,Integrated Flux,,7.25E+16,2.42E+18,Hz,xray,
537.6503,,,s,9.52E-09,1.19E-09,1.19E-09,erg cm-2 s-1,Integrated Flux,,7.25E+16,2.42E+18,Hz,xray,
538.4728,,,s,1.02E-08,1.25E-09,1.25E-09,erg cm-2 s-1,Integrated Flux,,7.25E+16,2.42E+18,Hz,xray,
539.318,,,s,8.02E-09,9.93E-10,9.93E-10,erg cm-2 s-1,Integrated Flux,,7.25E+16,2.42E+18,Hz,xray,
540.428,,,s,8.02E-09,9.83E-10,9.83E-10,erg cm-2 s-1,Integrated Flux,,7.25E+16,2.42E+18,Hz,xray,
541.4088,,,s,9.61E-09,1.22E-09,1.22E-09,erg cm-2 s-1,Integrated Flux,,7.25E+16,2.42E+18,Hz,xray,
542.2248,,,s,9.47E-09,1.21E-09,1.21E-09,erg cm-2 s-1,Integrated Flux,,7.25E+16,2.42E+18,Hz,xray,
543.242,,,s,6.64E-09,8.61E-10,8.61E-10,erg cm-2 s-1,Integrated Flux,,7.25E+16,2.42E+18,Hz,xray,
544.411,,,s,7.60E-09,9.62E-10,9.62E-10,erg cm-2 s-1,Integrated Flux,,7.25E+16,2.42E+18,Hz,xray,
545.4713,,,s,8.43E-09,1.07E-09,1.07E-09,erg cm-2 s-1,Integrated Flux,,7.25E+16,2.42E+18,Hz,xray,
546.2712,,,s,1.01E-08,1.28E-09,1.28E-09,erg cm-2 s-1,Integrated Flux,,7.25E+16,2.42E+18,Hz,xray,
547.1947,,,s,9.72E-09,1.20E-09,1.20E-09,erg cm-2 s-1,Integrated Flux,,7.25E+16,2.42E+18,Hz,xray,
548.0814,,,s,8.60E-09,1.08E-09,1.08E-09,erg cm-2 s-1,Integrated Flux,,7.25E+16,2.42E+18,Hz,xray,
548.9769,,,s,9.40E-09,1.15E-09,1.15E-09,erg cm-2 s-1,Integrated Flux,,7.25E+16,2.42E+18,Hz,xray,
549.9003,,,s,8.78E-09,1.10E-09,1.10E-09,erg cm-2 s-1,Integrated Flux,,7.25E+16,2.42E+18,Hz,xray,
550.953,,,s,7.56E-09,9.47E-10,9.47E-10,erg cm-2 s-1,Integrated Flux,,7.25E+16,2.42E+18,Hz,xray,
552.111,,,s,7.61E-09,9.54E-10,9.54E-10,erg cm-2 s-1,Integrated Flux,,7.25E+16,2.42E+18,Hz,xray,
553.096,,,s,8.97E-09,1.12E-09,1.12E-09,erg cm-2 s-1,Integrated Flux,,7.25E+16,2.42E+18,Hz,xray,
553.9117,,,s,1.01E-08,1.23E-09,1.23E-09,erg cm-2 s-1,Integrated Flux,,7.25E+16,2.42E+18,Hz,xray,
554.861,,,s,7.99E-09,1.01E-09,1.01E-09,erg cm-2 s-1,Integrated Flux,,7.25E+16,2.42E+18,Hz,xray,
555.8819,,,s,8.48E-09,1.07E-09,1.07E-09,erg cm-2 s-1,Integrated Flux,,7.25E+16,2.42E+18,Hz,xray,
556.919,,,s,8.28E-09,1.04E-09,1.04E-09,erg cm-2 s-1,Integrated Flux,,7.25E+16,2.42E+18,Hz,xray,
557.8201,,,s,9.96E-09,1.22E-09,1.22E-09,erg cm-2 s-1,Integrated Flux,,7.25E+16,2.42E+18,Hz,xray,
558.834,,,s,7.99E-09,1.01E-09,1.01E-09,erg cm-2 s-1,Integrated Flux,,7.25E+16,2.42E+18,Hz,xray,
559.7652,,,s,9.21E-09,1.15E-09,1.15E-09,erg cm-2 s-1,Integrated Flux,,7.25E+16,2.42E+18,Hz,xray,
560.738,,,s,7.85E-09,1.01E-09,1.01E-09,erg cm-2 s-1,Integrated Flux,,7.25E+16,2.42E+18,Hz,xray,
561.767,,,s,7.65E-09,9.59E-10,9.59E-10,erg cm-2 s-1,Integrated Flux,,7.25E+16,2.42E+18,Hz,xray,
562.8442,,,s,9.52E-09,1.19E-09,1.19E-09,erg cm-2 s-1,Integrated Flux,,7.25E+16,2.42E+18,Hz,xray,
563.7355,,,s,8.55E-09,1.05E-09,1.05E-09,erg cm-2 s-1,Integrated Flux,,7.25E+16,2.42E+18,Hz,xray,
564.5535,,,s,1.04E-08,1.29E-09,1.29E-09,erg cm-2 s-1,Integrated Flux,,7.25E+16,2.42E+18,Hz,xray,
565.581,,,s,7.19E-09,9.20E-10,9.20E-10,erg cm-2 s-1,Integrated Flux,,7.25E+16,2.42E+18,Hz,xray,
566.675,,,s,7.48E-09,9.37E-10,9.37E-10,erg cm-2 s-1,Integrated Flux,,7.25E+16,2.42E+18,Hz,xray,
567.694,,,s,8.12E-09,1.03E-09,1.03E-09,erg cm-2 s-1,Integrated Flux,,7.25E+16,2.42E+18,Hz,xray,
568.6623,,,s,9.02E-09,1.12E-09,1.12E-09,erg cm-2 s-1,Integrated Flux,,7.25E+16,2.42E+18,Hz,xray,
569.704,,,s,6.64E-09,8.31E-10,8.31E-10,erg cm-2 s-1,Integrated Flux,,7.25E+16,2.42E+18,Hz,xray,
570.851,,,s,7.09E-09,9.62E-10,9.62E-10,erg cm-2 s-1,Integrated Flux,,7.25E+16,2.42E+18,Hz,xray,
571.8694,,,s,9.49E-09,1.19E-09,1.19E-09,erg cm-2 s-1,Integrated Flux,,7.25E+16,2.42E+18,Hz,xray,
572.813,,,s,7.81E-09,9.78E-10,9.78E-10,erg cm-2 s-1,Integrated Flux,,7.25E+16,2.42E+18,Hz,xray,
573.9263,,,s,8.12E-09,1.04E-09,1.04E-09,erg cm-2 s-1,Integrated Flux,,7.25E+16,2.42E+18,Hz,xray,
574.905,,,s,8.20E-09,1.01E-09,1.01E-09,erg cm-2 s-1,Integrated Flux,,7.25E+16,2.42E+18,Hz,xray,
575.961,,,s,7.97E-09,9.98E-10,9.98E-10,erg cm-2 s-1,Integrated Flux,,7.25E+16,2.42E+18,Hz,xray,
577.014,,,s,7.31E-09,9.37E-10,9.37E-10,erg cm-2 s-1,Integrated Flux,,7.25E+16,2.42E+18,Hz,xray,
578.104,,,s,7.47E-09,9.26E-10,9.26E-10,erg cm-2 s-1,Integrated Flux,,7.25E+16,2.42E+18,Hz,xray,
579.181,,,s,8.00E-09,9.90E-10,9.90E-10,erg cm-2 s-1,Integrated Flux,,7.25E+16,2.42E+18,Hz,xray,
580.226,,,s,8.10E-09,1.00E-09,1.00E-09,erg cm-2 s-1,Integrated Flux,,7.25E+16,2.42E+18,Hz,xray,
581.224,,,s,7.36E-09,9.22E-10,9.22E-10,erg cm-2 s-1,Integrated Flux,,7.25E+16,2.42E+18,Hz,xray,
582.381,,,s,7.44E-09,9.14E-10,9.14E-10,erg cm-2 s-1,Integrated Flux,,7.25E+16,2.42E+18,Hz,xray,
583.489,,,s,7.32E-09,9.16E-10,9.16E-10,erg cm-2 s-1,Integrated Flux,,7.25E+16,2.42E+18,Hz,xray,
584.5964,,,s,8.70E-09,1.08E-09,1.08E-09,erg cm-2 s-1,Integrated Flux,,7.25E+16,2.42E+18,Hz,xray,
585.5728,,,s,9.04E-09,1.11E-09,1.11E-09,erg cm-2 s-1,Integrated Flux,,7.25E+16,2.42E+18,Hz,xray,
586.618,,,s,7.64E-09,9.67E-10,9.67E-10,erg cm-2 s-1,Integrated Flux,,7.25E+16,2.42E+18,Hz,xray,
587.5701,,,s,9.47E-09,1.20E-09,1.20E-09,erg cm-2 s-1,Integrated Flux,,7.25E+16,2.42E+18,Hz,xray,
588.601,,,s,6.58E-09,8.52E-10,8.52E-10,erg cm-2 s-1,Integrated Flux,,7.25E+16,2.42E+18,Hz,xray,
589.873,,,s,7.59E-09,9.40E-10,9.40E-10,erg cm-2 s-1,Integrated Flux,,7.25E+16,2.42E+18,Hz,xray,
590.846,,,s,8.19E-09,1.00E-09,1.00E-09,erg cm-2 s-1,Integrated Flux,,7.25E+16,2.42E+18,Hz,xray,
592.015,,,s,7.21E-09,9.06E-10,9.06E-10,erg cm-2 s-1,Integrated Flux,,7.25E+16,2.42E+18,Hz,xray,
593.197,,,s,7.52E-09,9.43E-10,9.43E-10,erg cm-2 s-1,Integrated Flux,,7.25E+16,2.42E+18,Hz,xray,
594.0983,,,s,9.78E-09,1.22E-09,1.22E-09,erg cm-2 s-1,Integrated Flux,,7.25E+16,2.42E+18,Hz,xray,
595.057,,,s,9.71E-09,1.19E-09,1.19E-09,erg cm-2 s-1,Integrated Flux,,7.25E+16,2.42E+18,Hz,xray,
595.989,,,s,7.55E-09,9.36E-10,9.36E-10,erg cm-2 s-1,Integrated Flux,,7.25E+16,2.42E+18,Hz,xray,
596.943,,,s,8.99E-09,1.11E-09,1.11E-09,erg cm-2 s-1,Integrated Flux,,7.25E+16,2.42E+18,Hz,xray,
598.034,,,s,8.02E-09,1.01E-09,1.01E-09,erg cm-2 s-1,Integrated Flux,,7.25E+16,2.42E+18,Hz,xray,
599.103,,,s,7.94E-09,1.01E-09,1.01E-09,erg cm-2 s-1,Integrated Flux,,7.25E+16,2.42E+18,Hz,xray,
600.068,,,s,8.27E-09,1.05E-09,1.05E-09,erg cm-2 s-1,Integrated Flux,,7.25E+16,2.42E+18,Hz,xray,
601.0853,,,s,9.20E-09,1.14E-09,1.14E-09,erg cm-2 s-1,Integrated Flux,,7.25E+16,2.42E+18,Hz,xray,
602.054,,,s,7.61E-09,9.43E-10,9.43E-10,erg cm-2 s-1,Integrated Flux,,7.25E+16,2.42E+18,Hz,xray,
603.1151,,,s,9.22E-09,1.17E-09,1.17E-09,erg cm-2 s-1,Integrated Flux,,7.25E+16,2.42E+18,Hz,xray,
604.327,,,s,4.67E-09,6.12E-10,6.12E-10,erg cm-2 s-1,Integrated Flux,,7.25E+16,2.42E+18,Hz,xray,
605.778,,,s,7.16E-09,8.86E-10,8.86E-10,erg cm-2 s-1,Integrated Flux,,7.25E+16,2.42E+18,Hz,xray,
606.917,,,s,8.15E-09,1.02E-09,1.02E-09,erg cm-2 s-1,Integrated Flux,,7.25E+16,2.42E+18,Hz,xray,
607.986,,,s,6.81E-09,8.53E-10,8.53E-10,erg cm-2 s-1,Integrated Flux,,7.25E+16,2.42E+18,Hz,xray,
609.1383,,,s,8.42E-09,1.10E-09,1.10E-09,erg cm-2 s-1,Integrated Flux,,7.25E+16,2.42E+18,Hz,xray,
610.118,,,s,7.52E-09,9.41E-10,9.41E-10,erg cm-2 s-1,Integrated Flux,,7.25E+16,2.42E+18,Hz,xray,
611.1466,,,s,8.42E-09,1.04E-09,1.04E-09,erg cm-2 s-1,Integrated Flux,,7.25E+16,2.42E+18,Hz,xray,
612.1817,,,s,8.55E-09,1.05E-09,1.05E-09,erg cm-2 s-1,Integrated Flux,,7.25E+16,2.42E+18,Hz,xray,
613.22,,,s,6.89E-09,8.47E-10,8.47E-10,erg cm-2 s-1,Integrated Flux,,7.25E+16,2.42E+18,Hz,xray,
614.352,,,s,7.79E-09,9.86E-10,9.86E-10,erg cm-2 s-1,Integrated Flux,,7.25E+16,2.42E+18,Hz,xray,
615.527,,,s,7.69E-09,9.52E-10,9.52E-10,erg cm-2 s-1,Integrated Flux,,7.25E+16,2.42E+18,Hz,xray,
616.676,,,s,5.62E-09,7.44E-10,7.44E-10,erg cm-2 s-1,Integrated Flux,,7.25E+16,2.42E+18,Hz,xray,
618.134,,,s,6.59E-09,8.07E-10,8.07E-10,erg cm-2 s-1,Integrated Flux,,7.25E+16,2.42E+18,Hz,xray,
619.205,,,s,8.31E-09,1.02E-09,1.02E-09,erg cm-2 s-1,Integrated Flux,,7.25E+16,2.42E+18,Hz,xray,
620.2114,,,s,8.51E-09,1.07E-09,1.07E-09,erg cm-2 s-1,Integrated Flux,,7.25E+16,2.42E+18,Hz,xray,
621.256,,,s,8.02E-09,1.04E-09,1.04E-09,erg cm-2 s-1,Integrated Flux,,7.25E+16,2.42E+18,Hz,xray,
622.307,,,s,6.88E-09,8.71E-10,8.71E-10,erg cm-2 s-1,Integrated Flux,,7.25E+16,2.42E+18,Hz,xray,
623.4163,,,s,8.89E-09,1.11E-09,1.11E-09,erg cm-2 s-1,Integrated Flux,,7.25E+16,2.42E+18,Hz,xray,
624.437,,,s,7.40E-09,9.59E-10,9.59E-10,erg cm-2 s-1,Integrated Flux,,7.25E+16,2.42E+18,Hz,xray,
625.505,,,s,7.75E-09,9.59E-10,9.59E-10,erg cm-2 s-1,Integrated Flux,,7.25E+16,2.42E+18,Hz,xray,
626.795,,,s,5.64E-09,7.14E-10,7.14E-10,erg cm-2 s-1,Integrated Flux,,7.25E+16,2.42E+18,Hz,xray,
627.9007,,,s,1.01E-08,1.27E-09,1.27E-09,erg cm-2 s-1,Integrated Flux,,7.25E+16,2.42E+18,Hz,xray,
628.989,,,s,5.99E-09,7.94E-10,7.94E-10,erg cm-2 s-1,Integrated Flux,,7.25E+16,2.42E+18,Hz,xray,
630.407,,,s,5.60E-09,7.43E-10,7.43E-10,erg cm-2 s-1,Integrated Flux,,7.25E+16,2.42E+18,Hz,xray,
631.554,,,s,7.88E-09,9.87E-10,9.87E-10,erg cm-2 s-1,Integrated Flux,,7.25E+16,2.42E+18,Hz,xray,
632.6417,,,s,9.27E-09,1.15E-09,1.15E-09,erg cm-2 s-1,Integrated Flux,,7.25E+16,2.42E+18,Hz,xray,
633.624,,,s,7.50E-09,9.39E-10,9.39E-10,erg cm-2 s-1,Integrated Flux,,7.25E+16,2.42E+18,Hz,xray,
634.6,,,s,8.00E-09,1.00E-09,1.00E-09,erg cm-2 s-1,Integrated Flux,,7.25E+16,2.42E+18,Hz,xray,
635.816,,,s,6.44E-09,8.16E-10,8.16E-10,erg cm-2 s-1,Integrated Flux,,7.25E+16,2.42E+18,Hz,xray,
637.073,,,s,6.66E-09,8.34E-10,8.34E-10,erg cm-2 s-1,Integrated Flux,,7.25E+16,2.42E+18,Hz,xray,
638.226,,,s,7.41E-09,9.39E-10,9.39E-10,erg cm-2 s-1,Integrated Flux,,7.25E+16,2.42E+18,Hz,xray,
639.466,,,s,7.21E-09,9.14E-10,9.14E-10,erg cm-2 s-1,Integrated Flux,,7.25E+16,2.42E+18,Hz,xray,
640.605,,,s,7.30E-09,9.04E-10,9.04E-10,erg cm-2 s-1,Integrated Flux,,7.25E+16,2.42E+18,Hz,xray,
641.782,,,s,6.67E-09,8.27E-10,8.27E-10,erg cm-2 s-1,Integrated Flux,,7.25E+16,2.42E+18,Hz,xray,
643.137,,,s,6.10E-09,7.50E-10,7.50E-10,erg cm-2 s-1,Integrated Flux,,7.25E+16,2.42E+18,Hz,xray,
644.309,,,s,7.60E-09,9.42E-10,9.42E-10,erg cm-2 s-1,Integrated Flux,,7.25E+16,2.42E+18,Hz,xray,
645.499,,,s,7.24E-09,9.07E-10,9.07E-10,erg cm-2 s-1,Integrated Flux,,7.25E+16,2.42E+18,Hz,xray,
646.61,,,s,7.64E-09,9.36E-10,9.36E-10,erg cm-2 s-1,Integrated Flux,,7.25E+16,2.42E+18,Hz,xray,
647.82,,,s,6.34E-09,7.85E-10,7.85E-10,erg cm-2 s-1,Integrated Flux,,7.25E+16,2.42E+18,Hz,xray,
649.087,,,s,6.51E-09,7.97E-10,7.97E-10,erg cm-2 s-1,Integrated Flux,,7.25E+16,2.42E+18,Hz,xray,
650.309,,,s,7.52E-09,9.63E-10,9.63E-10,erg cm-2 s-1,Integrated Flux,,7.25E+16,2.42E+18,Hz,xray,
651.2861,,,s,8.27E-09,1.04E-09,1.04E-09,erg cm-2 s-1,Integrated Flux,,7.25E+16,2.42E+18,Hz,xray,
652.428,,,s,6.79E-09,8.70E-10,8.70E-10,erg cm-2 s-1,Integrated Flux,,7.25E+16,2.42E+18,Hz,xray,
653.675,,,s,5.87E-09,7.35E-10,7.35E-10,erg cm-2 s-1,Integrated Flux,,7.25E+16,2.42E+18,Hz,xray,
655.003,,,s,7.58E-09,9.60E-10,9.60E-10,erg cm-2 s-1,Integrated Flux,,7.25E+16,2.42E+18,Hz,xray,
656.189,,,s,6.96E-09,8.62E-10,8.62E-10,erg cm-2 s-1,Integrated Flux,,7.25E+16,2.42E+18,Hz,xray,
657.379,,,s,7.18E-09,8.89E-10,8.89E-10,erg cm-2 s-1,Integrated Flux,,7.25E+16,2.42E+18,Hz,xray,
658.433,,,s,7.74E-09,9.59E-10,9.59E-10,erg cm-2 s-1,Integrated Flux,,7.25E+16,2.42E+18,Hz,xray,
659.553,,,s,7.31E-09,8.95E-10,8.95E-10,erg cm-2 s-1,Integrated Flux,,7.25E+16,2.42E+18,Hz,xray,
660.742,,,s,6.63E-09,8.21E-10,8.21E-10,erg cm-2 s-1,Integrated Flux,,7.25E+16,2.42E+18,Hz,xray,
661.828,,,s,8.08E-09,1.01E-09,1.01E-09,erg cm-2 s-1,Integrated Flux,,7.25E+16,2.42E+18,Hz,xray,
662.932,,,s,7.81E-09,9.78E-10,9.78E-10,erg cm-2 s-1,Integrated Flux,,7.25E+16,2.42E+18,Hz,xray,
664.061,,,s,6.94E-09,8.70E-10,8.70E-10,erg cm-2 s-1,Integrated Flux,,7.25E+16,2.42E+18,Hz,xray,
665.246,,,s,7.41E-09,9.39E-10,9.39E-10,erg cm-2 s-1,Integrated Flux,,7.25E+16,2.42E+18,Hz,xray,
666.359,,,s,6.55E-09,8.30E-10,8.30E-10,erg cm-2 s-1,Integrated Flux,,7.25E+16,2.42E+18,Hz,xray,
667.554,,,s,7.97E-09,1.03E-09,1.03E-09,erg cm-2 s-1,Integrated Flux,,7.25E+16,2.42E+18,Hz,xray,
668.773,,,s,5.81E-09,7.36E-10,7.36E-10,erg cm-2 s-1,Integrated Flux,,7.25E+16,2.42E+18,Hz,xray,
670.087,,,s,5.31E-09,7.12E-10,7.12E-10,erg cm-2 s-1,Integrated Flux,,7.25E+16,2.42E+18,Hz,xray,
671.629,,,s,6.06E-09,7.59E-10,7.59E-10,erg cm-2 s-1,Integrated Flux,,7.25E+16,2.42E+18,Hz,xray,
673.049,,,s,5.59E-09,6.84E-10,6.84E-10,erg cm-2 s-1,Integrated Flux,,7.25E+16,2.42E+18,Hz,xray,
674.458,,,s,7.03E-09,8.90E-10,8.90E-10,erg cm-2 s-1,Integrated Flux,,7.25E+16,2.42E+18,Hz,xray,
675.686,,,s,5.89E-09,7.46E-10,7.46E-10,erg cm-2 s-1,Integrated Flux,,7.25E+16,2.42E+18,Hz,xray,
677.093,,,s,6.32E-09,8.19E-10,8.19E-10,erg cm-2 s-1,Integrated Flux,,7.25E+16,2.42E+18,Hz,xray,
678.319,,,s,7.06E-09,8.85E-10,8.85E-10,erg cm-2 s-1,Integrated Flux,,7.25E+16,2.42E+18,Hz,xray,
679.518,,,s,6.41E-09,7.94E-10,7.94E-10,erg cm-2 s-1,Integrated Flux,,7.25E+16,2.42E+18,Hz,xray,
680.723,,,s,7.95E-09,9.85E-10,9.85E-10,erg cm-2 s-1,Integrated Flux,,7.25E+16,2.42E+18,Hz,xray,
681.821,,,s,7.34E-09,9.09E-10,9.09E-10,erg cm-2 s-1,Integrated Flux,,7.25E+16,2.42E+18,Hz,xray,
683.04,,,s,6.47E-09,8.20E-10,8.20E-10,erg cm-2 s-1,Integrated Flux,,7.25E+16,2.42E+18,Hz,xray,
684.319,,,s,5.82E-09,7.46E-10,7.46E-10,erg cm-2 s-1,Integrated Flux,,7.25E+16,2.42E+18,Hz,xray,
685.772,,,s,5.43E-09,6.95E-10,6.95E-10,erg cm-2 s-1,Integrated Flux,,7.25E+16,2.42E+18,Hz,xray,
687.189,,,s,6.32E-09,7.92E-10,7.92E-10,erg cm-2 s-1,Integrated Flux,,7.25E+16,2.42E+18,Hz,xray,
688.475,,,s,6.74E-09,8.34E-10,8.34E-10,erg cm-2 s-1,Integrated Flux,,7.25E+16,2.42E+18,Hz,xray,
689.4814,,,s,9.32E-09,1.17E-09,1.17E-09,erg cm-2 s-1,Integrated Flux,,7.25E+16,2.42E+18,Hz,xray,
690.699,,,s,5.90E-09,7.56E-10,7.56E-10,erg cm-2 s-1,Integrated Flux,,7.25E+16,2.42E+18,Hz,xray,
691.886,,,s,7.10E-09,8.89E-10,8.89E-10,erg cm-2 s-1,Integrated Flux,,7.25E+16,2.42E+18,Hz,xray,
693.008,,,s,7.03E-09,8.80E-10,8.80E-10,erg cm-2 s-1,Integrated Flux,,7.25E+16,2.42E+18,Hz,xray,
694.341,,,s,5.61E-09,7.27E-10,7.27E-10,erg cm-2 s-1,Integrated Flux,,7.25E+16,2.42E+18,Hz,xray,
695.711,,,s,7.09E-09,8.78E-10,8.78E-10,erg cm-2 s-1,Integrated Flux,,7.25E+16,2.42E+18,Hz,xray,
696.958,,,s,6.73E-09,8.34E-10,8.34E-10,erg cm-2 s-1,Integrated Flux,,7.25E+16,2.42E+18,Hz,xray,
698.086,,,s,7.38E-09,9.14E-10,9.14E-10,erg cm-2 s-1,Integrated Flux,,7.25E+16,2.42E+18,Hz,xray,
699.461,,,s,5.09E-09,6.45E-10,6.45E-10,erg cm-2 s-1,Integrated Flux,,7.25E+16,2.42E+18,Hz,xray,
700.877,,,s,6.33E-09,8.11E-10,8.11E-10,erg cm-2 s-1,Integrated Flux,,7.25E+16,2.42E+18,Hz,xray,
702.067,,,s,7.73E-09,9.68E-10,9.68E-10,erg cm-2 s-1,Integrated Flux,,7.25E+16,2.42E+18,Hz,xray,
703.185,,,s,6.35E-09,7.95E-10,7.95E-10,erg cm-2 s-1,Integrated Flux,,7.25E+16,2.42E+18,Hz,xray,
704.615,,,s,5.71E-09,7.15E-10,7.15E-10,erg cm-2 s-1,Integrated Flux,,7.25E+16,2.42E+18,Hz,xray,
706.002,,,s,6.40E-09,8.02E-10,8.02E-10,erg cm-2 s-1,Integrated Flux,,7.25E+16,2.42E+18,Hz,xray,
707.344,,,s,6.26E-09,8.02E-10,8.02E-10,erg cm-2 s-1,Integrated Flux,,7.25E+16,2.42E+18,Hz,xray,
708.601,,,s,6.05E-09,7.50E-10,7.50E-10,erg cm-2 s-1,Integrated Flux,,7.25E+16,2.42E+18,Hz,xray,
710.298,,,s,4.89E-09,6.27E-10,6.27E-10,erg cm-2 s-1,Integrated Flux,,7.25E+16,2.42E+18,Hz,xray,
711.695,,,s,5.77E-09,7.65E-10,7.65E-10,erg cm-2 s-1,Integrated Flux,,7.25E+16,2.42E+18,Hz,xray,
713.002,,,s,6.30E-09,7.72E-10,7.72E-10,erg cm-2 s-1,Integrated Flux,,7.25E+16,2.42E+18,Hz,xray,
714.462,,,s,5.94E-09,7.53E-10,7.53E-10,erg cm-2 s-1,Integrated Flux,,7.25E+16,2.42E+18,Hz,xray,
715.668,,,s,6.73E-09,8.44E-10,8.44E-10,erg cm-2 s-1,Integrated Flux,,7.25E+16,2.42E+18,Hz,xray,
716.992,,,s,6.66E-09,8.44E-10,8.44E-10,erg cm-2 s-1,Integrated Flux,,7.25E+16,2.42E+18,Hz,xray,
718.368,,,s,4.94E-09,6.05E-10,6.05E-10,erg cm-2 s-1,Integrated Flux,,7.25E+16,2.42E+18,Hz,xray,
719.906,,,s,6.51E-09,8.25E-10,8.25E-10,erg cm-2 s-1,Integrated Flux,,7.25E+16,2.42E+18,Hz,xray,
721.185,,,s,6.23E-09,7.81E-10,7.81E-10,erg cm-2 s-1,Integrated Flux,,7.25E+16,2.42E+18,Hz,xray,
722.563,,,s,5.51E-09,6.82E-10,6.82E-10,erg cm-2 s-1,Integrated Flux,,7.25E+16,2.42E+18,Hz,xray,
724.019,,,s,5.85E-09,7.17E-10,7.17E-10,erg cm-2 s-1,Integrated Flux,,7.25E+16,2.42E+18,Hz,xray,
725.438,,,s,6.04E-09,7.49E-10,7.49E-10,erg cm-2 s-1,Integrated Flux,,7.25E+16,2.42E+18,Hz,xray,
726.876,,,s,6.54E-09,8.01E-10,8.01E-10,erg cm-2 s-1,Integrated Flux,,7.25E+16,2.42E+18,Hz,xray,
728.21,,,s,5.79E-09,7.26E-10,7.26E-10,erg cm-2 s-1,Integrated Flux,,7.25E+16,2.42E+18,Hz,xray,
729.584,,,s,6.28E-09,8.08E-10,8.08E-10,erg cm-2 s-1,Integrated Flux,,7.25E+16,2.42E+18,Hz,xray,
730.962,,,s,6.07E-09,7.61E-10,7.61E-10,erg cm-2 s-1,Integrated Flux,,7.25E+16,2.42E+18,Hz,xray,
732.415,,,s,5.19E-09,6.43E-10,6.43E-10,erg cm-2 s-1,Integrated Flux,,7.25E+16,2.42E+18,Hz,xray,
733.858,,,s,6.21E-09,7.69E-10,7.69E-10,erg cm-2 s-1,Integrated Flux,,7.25E+16,2.42E+18,Hz,xray,
735.231,,,s,6.52E-09,7.98E-10,7.98E-10,erg cm-2 s-1,Integrated Flux,,7.25E+16,2.42E+18,Hz,xray,
736.695,,,s,4.32E-09,5.53E-10,5.53E-10,erg cm-2 s-1,Integrated Flux,,7.25E+16,2.42E+18,Hz,xray,
738.429,,,s,6.59E-09,8.16E-10,8.16E-10,erg cm-2 s-1,Integrated Flux,,7.25E+16,2.42E+18,Hz,xray,
739.871,,,s,4.45E-09,5.51E-10,5.51E-10,erg cm-2 s-1,Integrated Flux,,7.25E+16,2.42E+18,Hz,xray,
741.455,,,s,6.82E-09,8.45E-10,8.45E-10,erg cm-2 s-1,Integrated Flux,,7.25E+16,2.42E+18,Hz,xray,
742.803,,,s,5.75E-09,7.37E-10,7.37E-10,erg cm-2 s-1,Integrated Flux,,7.25E+16,2.42E+18,Hz,xray,
744.175,,,s,5.32E-09,6.89E-10,6.89E-10,erg cm-2 s-1,Integrated Flux,,7.25E+16,2.42E+18,Hz,xray,
745.633,,,s,7.14E-09,8.84E-10,8.84E-10,erg cm-2 s-1,Integrated Flux,,7.25E+16,2.42E+18,Hz,xray,
746.907,,,s,6.06E-09,7.68E-10,7.68E-10,erg cm-2 s-1,Integrated Flux,,7.25E+16,2.42E+18,Hz,xray,
748.34,,,s,5.73E-09,7.01E-10,7.01E-10,erg cm-2 s-1,Integrated Flux,,7.25E+16,2.42E+18,Hz,xray,
749.608,,,s,7.08E-09,8.67E-10,8.67E-10,erg cm-2 s-1,Integrated Flux,,7.25E+16,2.42E+18,Hz,xray,
750.855,,,s,5.90E-09,7.23E-10,7.23E-10,erg cm-2 s-1,Integrated Flux,,7.25E+16,2.42E+18,Hz,xray,
752.373,,,s,5.46E-09,6.84E-10,6.84E-10,erg cm-2 s-1,Integrated Flux,,7.25E+16,2.42E+18,Hz,xray,
753.91,,,s,5.38E-09,6.73E-10,6.73E-10,erg cm-2 s-1,Integrated Flux,,7.25E+16,2.42E+18,Hz,xray,
755.591,,,s,4.81E-09,5.95E-10,5.95E-10,erg cm-2 s-1,Integrated Flux,,7.25E+16,2.42E+18,Hz,xray,
757.116,,,s,6.08E-09,7.71E-10,7.71E-10,erg cm-2 s-1,Integrated Flux,,7.25E+16,2.42E+18,Hz,xray,
758.535,,,s,5.82E-09,7.21E-10,7.21E-10,erg cm-2 s-1,Integrated Flux,,7.25E+16,2.42E+18,Hz,xray,
759.812,,,s,6.63E-09,8.80E-10,8.80E-10,erg cm-2 s-1,Integrated Flux,,7.25E+16,2.42E+18,Hz,xray,
761.124,,,s,5.65E-09,7.16E-10,7.16E-10,erg cm-2 s-1,Integrated Flux,,7.25E+16,2.42E+18,Hz,xray,
762.583,,,s,5.69E-09,7.12E-10,7.12E-10,erg cm-2 s-1,Integrated Flux,,7.25E+16,2.42E+18,Hz,xray,
764.063,,,s,6.80E-09,8.33E-10,8.33E-10,erg cm-2 s-1,Integrated Flux,,7.25E+16,2.42E+18,Hz,xray,
765.149,,,s,6.98E-09,8.64E-10,8.64E-10,erg cm-2 s-1,Integrated Flux,,7.25E+16,2.42E+18,Hz,xray,
766.626,,,s,5.05E-09,6.27E-10,6.27E-10,erg cm-2 s-1,Integrated Flux,,7.25E+16,2.42E+18,Hz,xray,
768.043,,,s,6.18E-09,7.66E-10,7.66E-10,erg cm-2 s-1,Integrated Flux,,7.25E+16,2.42E+18,Hz,xray,
769.467,,,s,5.63E-09,7.13E-10,7.13E-10,erg cm-2 s-1,Integrated Flux,,7.25E+16,2.42E+18,Hz,xray,
771.201,,,s,4.80E-09,6.08E-10,6.08E-10,erg cm-2 s-1,Integrated Flux,,7.25E+16,2.42E+18,Hz,xray,
772.775,,,s,5.15E-09,6.67E-10,6.67E-10,erg cm-2 s-1,Integrated Flux,,7.25E+16,2.42E+18,Hz,xray,
774.166,,,s,6.47E-09,8.10E-10,8.10E-10,erg cm-2 s-1,Integrated Flux,,7.25E+16,2.42E+18,Hz,xray,
775.497,,,s,5.78E-09,7.16E-10,7.16E-10,erg cm-2 s-1,Integrated Flux,,7.25E+16,2.42E+18,Hz,xray,
777.103,,,s,4.96E-09,6.21E-10,6.21E-10,erg cm-2 s-1,Integrated Flux,,7.25E+16,2.42E+18,Hz,xray,
778.774,,,s,5.42E-09,6.72E-10,6.72E-10,erg cm-2 s-1,Integrated Flux,,7.25E+16,2.42E+18,Hz,xray,
780.329,,,s,4.76E-09,6.09E-10,6.09E-10,erg cm-2 s-1,Integrated Flux,,7.25E+16,2.42E+18,Hz,xray,
782.03,,,s,4.79E-09,6.30E-10,6.30E-10,erg cm-2 s-1,Integrated Flux,,7.25E+16,2.42E+18,Hz,xray,
783.698,,,s,4.84E-09,6.34E-10,6.34E-10,erg cm-2 s-1,Integrated Flux,,7.25E+16,2.42E+18,Hz,xray,
785.079,,,s,6.40E-09,8.02E-10,8.02E-10,erg cm-2 s-1,Integrated Flux,,7.25E+16,2.42E+18,Hz,xray,
786.614,,,s,5.01E-09,6.28E-10,6.28E-10,erg cm-2 s-1,Integrated Flux,,7.25E+16,2.42E+18,Hz,xray,
788.23,,,s,5.30E-09,6.71E-10,6.71E-10,erg cm-2 s-1,Integrated Flux,,7.25E+16,2.42E+18,Hz,xray,
789.773,,,s,4.97E-09,6.29E-10,6.29E-10,erg cm-2 s-1,Integrated Flux,,7.25E+16,2.42E+18,Hz,xray,
791.359,,,s,5.63E-09,7.13E-10,7.13E-10,erg cm-2 s-1,Integrated Flux,,7.25E+16,2.42E+18,Hz,xray,
792.854,,,s,5.39E-09,6.75E-10,6.75E-10,erg cm-2 s-1,Integrated Flux,,7.25E+16,2.42E+18,Hz,xray,
794.433,,,s,4.79E-09,6.21E-10,6.21E-10,erg cm-2 s-1,Integrated Flux,,7.25E+16,2.42E+18,Hz,xray,
796.026,,,s,5.45E-09,6.82E-10,6.82E-10,erg cm-2 s-1,Integrated Flux,,7.25E+16,2.42E+18,Hz,xray,
797.714,,,s,4.69E-09,6.00E-10,6.00E-10,erg cm-2 s-1,Integrated Flux,,7.25E+16,2.42E+18,Hz,xray,
799.323,,,s,5.08E-09,6.36E-10,6.36E-10,erg cm-2 s-1,Integrated Flux,,7.25E+16,2.42E+18,Hz,xray,
800.943,,,s,5.27E-09,6.60E-10,6.60E-10,erg cm-2 s-1,Integrated Flux,,7.25E+16,2.42E+18,Hz,xray,
802.515,,,s,5.11E-09,6.40E-10,6.40E-10,erg cm-2 s-1,Integrated Flux,,7.25E+16,2.42E+18,Hz,xray,
804.121,,,s,4.95E-09,6.20E-10,6.20E-10,erg cm-2 s-1,Integrated Flux,,7.25E+16,2.42E+18,Hz,xray,
805.72,,,s,6.24E-09,7.65E-10,7.65E-10,erg cm-2 s-1,Integrated Flux,,7.25E+16,2.42E+18,Hz,xray,
807.046,,,s,6.69E-09,8.48E-10,8.48E-10,erg cm-2 s-1,Integrated Flux,,7.25E+16,2.42E+18,Hz,xray,
808.479,,,s,4.99E-09,6.33E-10,6.33E-10,erg cm-2 s-1,Integrated Flux,,7.25E+16,2.42E+18,Hz,xray,
810.178,,,s,4.77E-09,6.19E-10,6.19E-10,erg cm-2 s-1,Integrated Flux,,7.25E+16,2.42E+18,Hz,xray,
811.689,,,s,6.63E-09,8.22E-10,8.22E-10,erg cm-2 s-1,Integrated Flux,,7.25E+16,2.42E+18,Hz,xray,
812.5308,,,s,6.18E-09,7.56E-10,7.56E-10,erg cm-2 s-1,Integrated Flux,,7.25E+16,2.42E+18,Hz,xray,
813.0913,,,s,5.36E-09,6.56E-10,6.56E-10,erg cm-2 s-1,Integrated Flux,,7.25E+16,2.42E+18,Hz,xray,
813.6486,,,s,4.91E-09,6.08E-10,6.08E-10,erg cm-2 s-1,Integrated Flux,,7.25E+16,2.42E+18,Hz,xray,
814.2651,,,s,4.34E-09,5.51E-10,5.51E-10,erg cm-2 s-1,Integrated Flux,,7.25E+16,2.42E+18,Hz,xray,
814.9325,,,s,4.04E-09,5.60E-10,5.60E-10,erg cm-2 s-1,Integrated Flux,,7.25E+16,2.42E+18,Hz,xray,
815.5702,,,s,4.85E-09,5.93E-10,5.93E-10,erg cm-2 s-1,Integrated Flux,,7.25E+16,2.42E+18,Hz,xray,
816.2006,,,s,4.80E-09,5.94E-10,5.94E-10,erg cm-2 s-1,Integrated Flux,,7.25E+16,2.42E+18,Hz,xray,
816.8021,,,s,5.11E-09,6.32E-10,6.32E-10,erg cm-2 s-1,Integrated Flux,,7.25E+16,2.42E+18,Hz,xray,
817.3878,,,s,5.33E-09,6.68E-10,6.68E-10,erg cm-2 s-1,Integrated Flux,,7.25E+16,2.42E+18,Hz,xray,
817.9816,,,s,4.68E-09,5.86E-10,5.86E-10,erg cm-2 s-1,Integrated Flux,,7.25E+16,2.42E+18,Hz,xray,
818.6193,,,s,4.49E-09,5.49E-10,5.49E-10,erg cm-2 s-1,Integrated Flux,,7.25E+16,2.42E+18,Hz,xray,
819.2424,,,s,3.96E-09,5.66E-10,5.66E-10,erg cm-2 s-1,Integrated Flux,,7.25E+16,2.42E+18,Hz,xray,
819.8622,,,s,4.73E-09,5.93E-10,5.93E-10,erg cm-2 s-1,Integrated Flux,,7.25E+16,2.42E+18,Hz,xray,
820.4999,,,s,4.80E-09,6.01E-10,6.01E-10,erg cm-2 s-1,Integrated Flux,,7.25E+16,2.42E+18,Hz,xray,
821.1613,,,s,4.28E-09,5.57E-10,5.57E-10,erg cm-2 s-1,Integrated Flux,,7.25E+16,2.42E+18,Hz,xray,
821.7885,,,s,4.79E-09,5.93E-10,5.93E-10,erg cm-2 s-1,Integrated Flux,,7.25E+16,2.42E+18,Hz,xray,
822.3954,,,s,5.07E-09,6.36E-10,6.36E-10,erg cm-2 s-1,Integrated Flux,,7.25E+16,2.42E+18,Hz,xray,
823.0594,,,s,4.00E-09,5.03E-10,5.03E-10,erg cm-2 s-1,Integrated Flux,,7.25E+16,2.42E+18,Hz,xray,
823.7783,,,s,4.64E-09,5.70E-10,5.70E-10,erg cm-2 s-1,Integrated Flux,,7.25E+16,2.42E+18,Hz,xray,
824.3685,,,s,5.11E-09,6.32E-10,6.32E-10,erg cm-2 s-1,Integrated Flux,,7.25E+16,2.42E+18,Hz,xray,
824.9963,,,s,5.42E-09,6.71E-10,6.71E-10,erg cm-2 s-1,Integrated Flux,,7.25E+16,2.42E+18,Hz,xray,
825.5264,,,s,3.73E-09,5.67E-10,5.67E-10,erg cm-2 s-1,Integrated Flux,,7.25E+16,2.42E+18,Hz,xray,
826.1221,,,s,4.56E-09,5.65E-10,5.65E-10,erg cm-2 s-1,Integrated Flux,,7.25E+16,2.42E+18,Hz,xray,
826.8009,,,s,4.60E-09,5.69E-10,5.69E-10,erg cm-2 s-1,Integrated Flux,,7.25E+16,2.42E+18,Hz,xray,
827.3826,,,s,3.94E-09,5.98E-10,5.98E-10,erg cm-2 s-1,Integrated Flux,,7.25E+16,2.42E+18,Hz,xray,
827.9353,,,s,4.33E-09,5.36E-10,5.36E-10,erg cm-2 s-1,Integrated Flux,,7.25E+16,2.42E+18,Hz,xray,
828.6011,,,s,5.11E-09,6.32E-10,6.32E-10,erg cm-2 s-1,Integrated Flux,,7.25E+16,2.42E+18,Hz,xray,
829.2344,,,s,4.68E-09,5.72E-10,5.72E-10,erg cm-2 s-1,Integrated Flux,,7.25E+16,2.42E+18,Hz,xray,
829.8801,,,s,5.02E-09,6.14E-10,6.14E-10,erg cm-2 s-1,Integrated Flux,,7.25E+16,2.42E+18,Hz,xray,
830.5217,,,s,4.77E-09,5.83E-10,5.83E-10,erg cm-2 s-1,Integrated Flux,,7.25E+16,2.42E+18,Hz,xray,
831.0633,,,s,6.35E-09,7.63E-10,7.63E-10,erg cm-2 s-1,Integrated Flux,,7.25E+16,2.42E+18,Hz,xray,
831.6412,,,s,4.99E-09,6.10E-10,6.10E-10,erg cm-2 s-1,Integrated Flux,,7.25E+16,2.42E+18,Hz,xray,
832.2006,,,s,5.52E-09,6.84E-10,6.84E-10,erg cm-2 s-1,Integrated Flux,,7.25E+16,2.42E+18,Hz,xray,
832.8,,,s,4.53E-09,5.68E-10,5.68E-10,erg cm-2 s-1,Integrated Flux,,7.25E+16,2.42E+18,Hz,xray,
833.4475,,,s,4.90E-09,6.07E-10,6.07E-10,erg cm-2 s-1,Integrated Flux,,7.25E+16,2.42E+18,Hz,xray,
834.1053,,,s,4.72E-09,5.91E-10,5.91E-10,erg cm-2 s-1,Integrated Flux,,7.25E+16,2.42E+18,Hz,xray,
834.7122,,,s,4.74E-09,5.80E-10,5.80E-10,erg cm-2 s-1,Integrated Flux,,7.25E+16,2.42E+18,Hz,xray,
835.3249,,,s,5.27E-09,6.44E-10,6.44E-10,erg cm-2 s-1,Integrated Flux,,7.25E+16,2.42E+18,Hz,xray,
835.8956,,,s,5.03E-09,6.23E-10,6.23E-10,erg cm-2 s-1,Integrated Flux,,7.25E+16,2.42E+18,Hz,xray,
836.5286,,,s,4.82E-09,5.89E-10,5.89E-10,erg cm-2 s-1,Integrated Flux,,7.25E+16,2.42E+18,Hz,xray,
837.1095,,,s,3.63E-09,5.62E-10,5.62E-10,erg cm-2 s-1,Integrated Flux,,7.25E+16,2.42E+18,Hz,xray,
837.6574,,,s,3.88E-09,5.77E-10,5.77E-10,erg cm-2 s-1,Integrated Flux,,7.25E+16,2.42E+18,Hz,xray,
838.2339,,,s,3.63E-09,5.41E-10,5.41E-10,erg cm-2 s-1,Integrated Flux,,7.25E+16,2.42E+18,Hz,xray,
838.7918,,,s,3.92E-09,5.38E-10,5.38E-10,erg cm-2 s-1,Integrated Flux,,7.25E+16,2.42E+18,Hz,xray,
839.4304,,,s,5.86E-09,7.16E-10,7.16E-10,erg cm-2 s-1,Integrated Flux,,7.25E+16,2.42E+18,Hz,xray,
839.9722,,,s,3.84E-09,5.73E-10,5.73E-10,erg cm-2 s-1,Integrated Flux,,7.25E+16,2.42E+18,Hz,xray,
840.4988,,,s,3.72E-09,5.76E-10,5.76E-10,erg cm-2 s-1,Integrated Flux,,7.25E+16,2.42E+18,Hz,xray,
841.0521,,,s,5.20E-09,6.44E-10,6.44E-10,erg cm-2 s-1,Integrated Flux,,7.25E+16,2.42E+18,Hz,xray,
841.5877,,,s,5.47E-09,6.68E-10,6.68E-10,erg cm-2 s-1,Integrated Flux,,7.25E+16,2.42E+18,Hz,xray,
842.1971,,,s,4.34E-09,5.30E-10,5.30E-10,erg cm-2 s-1,Integrated Flux,,7.25E+16,2.42E+18,Hz,xray,
842.8648,,,s,5.25E-09,6.50E-10,6.50E-10,erg cm-2 s-1,Integrated Flux,,7.25E+16,2.42E+18,Hz,xray,
843.5005,,,s,3.71E-09,5.53E-10,5.53E-10,erg cm-2 s-1,Integrated Flux,,7.25E+16,2.42E+18,Hz,xray,
844.0391,,,s,4.57E-09,5.66E-10,5.66E-10,erg cm-2 s-1,Integrated Flux,,7.25E+16,2.42E+18,Hz,xray,
844.7229,,,s,4.08E-09,5.11E-10,5.11E-10,erg cm-2 s-1,Integrated Flux,,7.25E+16,2.42E+18,Hz,xray,
845.343,,,s,3.90E-09,5.97E-10,5.97E-10,erg cm-2 s-1,Integrated Flux,,7.25E+16,2.42E+18,Hz,xray,
845.9616,,,s,5.16E-09,6.26E-10,6.26E-10,erg cm-2 s-1,Integrated Flux,,7.25E+16,2.42E+18,Hz,xray,
846.5766,,,s,4.93E-09,6.10E-10,6.10E-10,erg cm-2 s-1,Integrated Flux,,7.25E+16,2.42E+18,Hz,xray,
847.1323,,,s,5.96E-09,7.29E-10,7.29E-10,erg cm-2 s-1,Integrated Flux,,7.25E+16,2.42E+18,Hz,xray,
847.6596,,,s,4.77E-09,5.83E-10,5.83E-10,erg cm-2 s-1,Integrated Flux,,7.25E+16,2.42E+18,Hz,xray,
848.3865,,,s,4.18E-09,5.17E-10,5.17E-10,erg cm-2 s-1,Integrated Flux,,7.25E+16,2.42E+18,Hz,xray,
848.9892,,,s,3.97E-09,5.40E-10,5.40E-10,erg cm-2 s-1,Integrated Flux,,7.25E+16,2.42E+18,Hz,xray,
849.6775,,,s,4.50E-09,5.49E-10,5.49E-10,erg cm-2 s-1,Integrated Flux,,7.25E+16,2.42E+18,Hz,xray,
850.3289,,,s,3.98E-09,5.61E-10,5.61E-10,erg cm-2 s-1,Integrated Flux,,7.25E+16,2.42E+18,Hz,xray,
850.8967,,,s,6.27E-09,7.50E-10,7.50E-10,erg cm-2 s-1,Integrated Flux,,7.25E+16,2.42E+18,Hz,xray,
851.4289,,,s,4.42E-09,5.54E-10,5.54E-10,erg cm-2 s-1,Integrated Flux,,7.25E+16,2.42E+18,Hz,xray,
852.132,,,s,4.65E-09,5.90E-10,5.90E-10,erg cm-2 s-1,Integrated Flux,,7.25E+16,2.42E+18,Hz,xray,
852.754,,,s,4.69E-09,5.88E-10,5.88E-10,erg cm-2 s-1,Integrated Flux,,7.25E+16,2.42E+18,Hz,xray,
853.4176,,,s,4.41E-09,5.45E-10,5.45E-10,erg cm-2 s-1,Integrated Flux,,7.25E+16,2.42E+18,Hz,xray,
854.0873,,,s,4.56E-09,5.67E-10,5.67E-10,erg cm-2 s-1,Integrated Flux,,7.25E+16,2.42E+18,Hz,xray,
854.7004,,,s,5.22E-09,6.38E-10,6.38E-10,erg cm-2 s-1,Integrated Flux,,7.25E+16,2.42E+18,Hz,xray,
855.3439,,,s,4.70E-09,5.75E-10,5.75E-10,erg cm-2 s-1,Integrated Flux,,7.25E+16,2.42E+18,Hz,xray,
855.9751,,,s,4.53E-09,5.53E-10,5.53E-10,erg cm-2 s-1,Integrated Flux,,7.25E+16,2.42E+18,Hz,xray,
856.6605,,,s,4.15E-09,5.20E-10,5.20E-10,erg cm-2 s-1,Integrated Flux,,7.25E+16,2.42E+18,Hz,xray,
857.3906,,,s,4.37E-09,5.34E-10,5.34E-10,erg cm-2 s-1,Integrated Flux,,7.25E+16,2.42E+18,Hz,xray,
858.0932,,,s,4.81E-09,5.87E-10,5.87E-10,erg cm-2 s-1,Integrated Flux,,7.25E+16,2.42E+18,Hz,xray,
858.752,,,s,4.29E-09,5.38E-10,5.38E-10,erg cm-2 s-1,Integrated Flux,,7.25E+16,2.42E+18,Hz,xray,
859.4308,,,s,3.81E-09,4.73E-10,4.73E-10,erg cm-2 s-1,Integrated Flux,,7.25E+16,2.42E+18,Hz,xray,
860.1132,,,s,5.22E-09,6.37E-10,6.37E-10,erg cm-2 s-1,Integrated Flux,,7.25E+16,2.42E+18,Hz,xray,
860.7867,,,s,4.58E-09,5.67E-10,5.67E-10,erg cm-2 s-1,Integrated Flux,,7.25E+16,2.42E+18,Hz,xray,
861.4629,,,s,4.45E-09,5.46E-10,5.46E-10,erg cm-2 s-1,Integrated Flux,,7.25E+16,2.42E+18,Hz,xray,
862.0829,,,s,5.11E-09,6.24E-10,6.24E-10,erg cm-2 s-1,Integrated Flux,,7.25E+16,2.42E+18,Hz,xray,
862.7741,,,s,4.27E-09,5.22E-10,5.22E-10,erg cm-2 s-1,Integrated Flux,,7.25E+16,2.42E+18,Hz,xray,
863.4278,,,s,3.46E-09,5.16E-10,5.16E-10,erg cm-2 s-1,Integrated Flux,,7.25E+16,2.42E+18,Hz,xray,
864.0267,,,s,5.00E-09,6.11E-10,6.11E-10,erg cm-2 s-1,Integrated Flux,,7.25E+16,2.42E+18,Hz,xray,
864.5822,,,s,6.28E-09,7.60E-10,7.60E-10,erg cm-2 s-1,Integrated Flux,,7.25E+16,2.42E+18,Hz,xray,
865.1742,,,s,4.42E-09,5.41E-10,5.41E-10,erg cm-2 s-1,Integrated Flux,,7.25E+16,2.42E+18,Hz,xray,
865.837,,,s,4.51E-09,5.51E-10,5.51E-10,erg cm-2 s-1,Integrated Flux,,7.25E+16,2.42E+18,Hz,xray,
866.5603,,,s,4.70E-09,5.75E-10,5.75E-10,erg cm-2 s-1,Integrated Flux,,7.25E+16,2.42E+18,Hz,xray,
867.1747,,,s,4.52E-09,5.66E-10,5.66E-10,erg cm-2 s-1,Integrated Flux,,7.25E+16,2.42E+18,Hz,xray,
867.8828,,,s,4.31E-09,5.33E-10,5.33E-10,erg cm-2 s-1,Integrated Flux,,7.25E+16,2.42E+18,Hz,xray,
868.5203,,,s,3.83E-09,5.71E-10,5.71E-10,erg cm-2 s-1,Integrated Flux,,7.25E+16,2.42E+18,Hz,xray,
869.0104,,,s,6.07E-09,7.42E-10,7.42E-10,erg cm-2 s-1,Integrated Flux,,7.25E+16,2.42E+18,Hz,xray,
869.5504,,,s,5.02E-09,6.14E-10,6.14E-10,erg cm-2 s-1,Integrated Flux,,7.25E+16,2.42E+18,Hz,xray,
870.1491,,,s,5.30E-09,6.48E-10,6.48E-10,erg cm-2 s-1,Integrated Flux,,7.25E+16,2.42E+18,Hz,xray,
870.6968,,,s,3.92E-09,5.85E-10,5.85E-10,erg cm-2 s-1,Integrated Flux,,7.25E+16,2.42E+18,Hz,xray,
871.3039,,,s,4.53E-09,5.54E-10,5.54E-10,erg cm-2 s-1,Integrated Flux,,7.25E+16,2.42E+18,Hz,xray,
871.9764,,,s,4.50E-09,5.46E-10,5.46E-10,erg cm-2 s-1,Integrated Flux,,7.25E+16,2.42E+18,Hz,xray,
872.6582,,,s,4.73E-09,5.78E-10,5.78E-10,erg cm-2 s-1,Integrated Flux,,7.25E+16,2.42E+18,Hz,xray,
873.3436,,,s,4.27E-09,5.18E-10,5.18E-10,erg cm-2 s-1,Integrated Flux,,7.25E+16,2.42E+18,Hz,xray,
874.0342,,,s,4.63E-09,5.66E-10,5.66E-10,erg cm-2 s-1,Integrated Flux,,7.25E+16,2.42E+18,Hz,xray,
874.7292,,,s,4.23E-09,5.17E-10,5.17E-10,erg cm-2 s-1,Integrated Flux,,7.25E+16,2.42E+18,Hz,xray,
875.3367,,,s,3.95E-09,6.00E-10,6.00E-10,erg cm-2 s-1,Integrated Flux,,7.25E+16,2.42E+18,Hz,xray,
875.9062,,,s,5.01E-09,6.12E-10,6.12E-10,erg cm-2 s-1,Integrated Flux,,7.25E+16,2.42E+18,Hz,xray,
876.532,,,s,4.95E-09,6.05E-10,6.05E-10,erg cm-2 s-1,Integrated Flux,,7.25E+16,2.42E+18,Hz,xray,
877.1308,,,s,5.04E-09,6.16E-10,6.16E-10,erg cm-2 s-1,Integrated Flux,,7.25E+16,2.42E+18,Hz,xray,
877.6877,,,s,5.14E-09,6.37E-10,6.37E-10,erg cm-2 s-1,Integrated Flux,,7.25E+16,2.42E+18,Hz,xray,
878.3294,,,s,4.50E-09,5.50E-10,5.50E-10,erg cm-2 s-1,Integrated Flux,,7.25E+16,2.42E+18,Hz,xray,
879.0262,,,s,4.57E-09,5.73E-10,5.73E-10,erg cm-2 s-1,Integrated Flux,,7.25E+16,2.42E+18,Hz,xray,
879.7073,,,s,4.63E-09,5.66E-10,5.66E-10,erg cm-2 s-1,Integrated Flux,,7.25E+16,2.42E+18,Hz,xray,
880.3196,,,s,4.88E-09,5.97E-10,5.97E-10,erg cm-2 s-1,Integrated Flux,,7.25E+16,2.42E+18,Hz,xray,
880.9655,,,s,4.60E-09,5.69E-10,5.69E-10,erg cm-2 s-1,Integrated Flux,,7.25E+16,2.42E+18,Hz,xray,
881.6217,,,s,4.70E-09,5.82E-10,5.82E-10,erg cm-2 s-1,Integrated Flux,,7.25E+16,2.42E+18,Hz,xray,
882.2456,,,s,5.08E-09,6.29E-10,6.29E-10,erg cm-2 s-1,Integrated Flux,,7.25E+16,2.42E+18,Hz,xray,
882.8092,,,s,5.04E-09,6.23E-10,6.23E-10,erg cm-2 s-1,Integrated Flux,,7.25E+16,2.42E+18,Hz,xray,
883.3993,,,s,6.04E-09,7.42E-10,7.42E-10,erg cm-2 s-1,Integrated Flux,,7.25E+16,2.42E+18,Hz,xray,
883.9213,,,s,3.90E-09,5.81E-10,5.81E-10,erg cm-2 s-1,Integrated Flux,,7.25E+16,2.42E+18,Hz,xray,
884.5006,,,s,4.32E-09,5.35E-10,5.35E-10,erg cm-2 s-1,Integrated Flux,,7.25E+16,2.42E+18,Hz,xray,
885.207,,,s,4.15E-09,5.20E-10,5.20E-10,erg cm-2 s-1,Integrated Flux,,7.25E+16,2.42E+18,Hz,xray,
885.901,,,s,4.94E-09,6.04E-10,6.04E-10,erg cm-2 s-1,Integrated Flux,,7.25E+16,2.42E+18,Hz,xray,
886.5544,,,s,4.42E-09,5.47E-10,5.47E-10,erg cm-2 s-1,Integrated Flux,,7.25E+16,2.42E+18,Hz,xray,
887.2148,,,s,3.31E-09,5.12E-10,5.12E-10,erg cm-2 s-1,Integrated Flux,,7.25E+16,2.42E+18,Hz,xray,
887.8624,,,s,4.84E-09,5.92E-10,5.92E-10,erg cm-2 s-1,Integrated Flux,,7.25E+16,2.42E+18,Hz,xray,
888.3945,,,s,6.03E-09,7.47E-10,7.47E-10,erg cm-2 s-1,Integrated Flux,,7.25E+16,2.42E+18,Hz,xray,
888.999,,,s,3.27E-09,4.97E-10,4.97E-10,erg cm-2 s-1,Integrated Flux,,7.25E+16,2.42E+18,Hz,xray,
889.5169,,,s,3.91E-09,5.83E-10,5.83E-10,erg cm-2 s-1,Integrated Flux,,7.25E+16,2.42E+18,Hz,xray,
890.0939,,,s,4.61E-09,5.71E-10,5.71E-10,erg cm-2 s-1,Integrated Flux,,7.25E+16,2.42E+18,Hz,xray,
890.7539,,,s,4.16E-09,5.22E-10,5.22E-10,erg cm-2 s-1,Integrated Flux,,7.25E+16,2.42E+18,Hz,xray,
891.4906,,,s,4.37E-09,5.34E-10,5.34E-10,erg cm-2 s-1,Integrated Flux,,7.25E+16,2.42E+18,Hz,xray,
892.1451,,,s,5.10E-09,6.31E-10,6.31E-10,erg cm-2 s-1,Integrated Flux,,7.25E+16,2.42E+18,Hz,xray,
892.7172,,,s,4.04E-09,5.90E-10,5.90E-10,erg cm-2 s-1,Integrated Flux,,7.25E+16,2.42E+18,Hz,xray,
893.358,,,s,4.21E-09,5.15E-10,5.15E-10,erg cm-2 s-1,Integrated Flux,,7.25E+16,2.42E+18,Hz,xray,
893.9809,,,s,5.25E-09,6.42E-10,6.42E-10,erg cm-2 s-1,Integrated Flux,,7.25E+16,2.42E+18,Hz,xray,
894.5396,,,s,3.92E-09,5.88E-10,5.88E-10,erg cm-2 s-1,Integrated Flux,,7.25E+16,2.42E+18,Hz,xray,
895.101,,,s,3.98E-09,6.04E-10,6.04E-10,erg cm-2 s-1,Integrated Flux,,7.25E+16,2.42E+18,Hz,xray,
895.5857,,,s,3.82E-09,5.70E-10,5.70E-10,erg cm-2 s-1,Integrated Flux,,7.25E+16,2.42E+18,Hz,xray,
896.1837,,,s,4.70E-09,5.82E-10,5.82E-10,erg cm-2 s-1,Integrated Flux,,7.25E+16,2.42E+18,Hz,xray,
896.8683,,,s,4.53E-09,5.60E-10,5.60E-10,erg cm-2 s-1,Integrated Flux,,7.25E+16,2.42E+18,Hz,xray,
897.4289,,,s,5.77E-09,7.05E-10,7.05E-10,erg cm-2 s-1,Integrated Flux,,7.25E+16,2.42E+18,Hz,xray,
897.9908,,,s,3.91E-09,5.83E-10,5.83E-10,erg cm-2 s-1,Integrated Flux,,7.25E+16,2.42E+18,Hz,xray,
898.5609,,,s,4.39E-09,5.37E-10,5.37E-10,erg cm-2 s-1,Integrated Flux,,7.25E+16,2.42E+18,Hz,xray,
899.2852,,,s,4.23E-09,5.24E-10,5.24E-10,erg cm-2 s-1,Integrated Flux,,7.25E+16,2.42E+18,Hz,xray,
899.9842,,,s,4.80E-09,5.86E-10,5.86E-10,erg cm-2 s-1,Integrated Flux,,7.25E+16,2.42E+18,Hz,xray,
900.6467,,,s,4.60E-09,5.69E-10,5.69E-10,erg cm-2 s-1,Integrated Flux,,7.25E+16,2.42E+18,Hz,xray,
901.2102,,,s,3.51E-09,5.33E-10,5.33E-10,erg cm-2 s-1,Integrated Flux,,7.25E+16,2.42E+18,Hz,xray,
901.8055,,,s,4.02E-09,5.63E-10,5.63E-10,erg cm-2 s-1,Integrated Flux,,7.25E+16,2.42E+18,Hz,xray,
902.4198,,,s,4.30E-09,5.32E-10,5.32E-10,erg cm-2 s-1,Integrated Flux,,7.25E+16,2.42E+18,Hz,xray,
903.1051,,,s,4.43E-09,5.41E-10,5.41E-10,erg cm-2 s-1,Integrated Flux,,7.25E+16,2.42E+18,Hz,xray,
903.7563,,,s,3.96E-09,5.88E-10,5.88E-10,erg cm-2 s-1,Integrated Flux,,7.25E+16,2.42E+18,Hz,xray,
904.3589,,,s,4.62E-09,5.64E-10,5.64E-10,erg cm-2 s-1,Integrated Flux,,7.25E+16,2.42E+18,Hz,xray,
904.9721,,,s,3.64E-09,5.43E-10,5.43E-10,erg cm-2 s-1,Integrated Flux,,7.25E+16,2.42E+18,Hz,xray,
905.5792,,,s,4.31E-09,5.33E-10,5.33E-10,erg cm-2 s-1,Integrated Flux,,7.25E+16,2.42E+18,Hz,xray,
906.307,,,s,3.00E-09,4.56E-10,4.56E-10,erg cm-2 s-1,Integrated Flux,,7.25E+16,2.42E+18,Hz,xray,
906.9537,,,s,3.85E-09,5.73E-10,5.73E-10,erg cm-2 s-1,Integrated Flux,,7.25E+16,2.42E+18,Hz,xray,
907.4921,,,s,4.64E-09,5.67E-10,5.67E-10,erg cm-2 s-1,Integrated Flux,,7.25E+16,2.42E+18,Hz,xray,
908.1629,,,s,4.66E-09,5.65E-10,5.65E-10,erg cm-2 s-1,Integrated Flux,,7.25E+16,2.42E+18,Hz,xray,
908.7756,,,s,3.83E-09,5.72E-10,5.72E-10,erg cm-2 s-1,Integrated Flux,,7.25E+16,2.42E+18,Hz,xray,
909.3479,,,s,4.37E-09,5.41E-10,5.41E-10,erg cm-2 s-1,Integrated Flux,,7.25E+16,2.42E+18,Hz,xray,
909.9527,,,s,3.85E-09,5.73E-10,5.73E-10,erg cm-2 s-1,Integrated Flux,,7.25E+16,2.42E+18,Hz,xray,
910.5457,,,s,5.41E-09,6.57E-10,6.57E-10,erg cm-2 s-1,Integrated Flux,,7.25E+16,2.42E+18,Hz,xray,
911.1497,,,s,4.52E-09,5.52E-10,5.52E-10,erg cm-2 s-1,Integrated Flux,,7.25E+16,2.42E+18,Hz,xray,
911.7919,,,s,5.11E-09,6.32E-10,6.32E-10,erg cm-2 s-1,Integrated Flux,,7.25E+16,2.42E+18,Hz,xray,
912.3996,,,s,4.56E-09,5.65E-10,5.65E-10,erg cm-2 s-1,Integrated Flux,,7.25E+16,2.42E+18,Hz,xray,
913.0284,,,s,5.90E-09,7.21E-10,7.21E-10,erg cm-2 s-1,Integrated Flux,,7.25E+16,2.42E+18,Hz,xray,
913.5903,,,s,4.87E-09,5.95E-10,5.95E-10,erg cm-2 s-1,Integrated Flux,,7.25E+16,2.42E+18,Hz,xray,
914.2167,,,s,4.40E-09,5.51E-10,5.51E-10,erg cm-2 s-1,Integrated Flux,,7.25E+16,2.42E+18,Hz,xray,
914.9395,,,s,4.23E-09,5.17E-10,5.17E-10,erg cm-2 s-1,Integrated Flux,,7.25E+16,2.42E+18,Hz,xray,
915.5919,,,s,5.14E-09,6.36E-10,6.36E-10,erg cm-2 s-1,Integrated Flux,,7.25E+16,2.42E+18,Hz,xray,
916.2174,,,s,4.50E-09,5.57E-10,5.57E-10,erg cm-2 s-1,Integrated Flux,,7.25E+16,2.42E+18,Hz,xray,
916.9035,,,s,4.04E-09,4.97E-10,4.97E-10,erg cm-2 s-1,Integrated Flux,,7.25E+16,2.42E+18,Hz,xray,
917.573,,,s,3.92E-09,5.88E-10,5.88E-10,erg cm-2 s-1,Integrated Flux,,7.25E+16,2.42E+18,Hz,xray,
918.114,,,s,3.87E-09,5.77E-10,5.77E-10,erg cm-2 s-1,Integrated Flux,,7.25E+16,2.42E+18,Hz,xray,
918.6669,,,s,4.37E-09,5.34E-10,5.34E-10,erg cm-2 s-1,Integrated Flux,,7.25E+16,2.42E+18,Hz,xray,
919.3513,,,s,3.93E-09,5.86E-10,5.86E-10,erg cm-2 s-1,Integrated Flux,,7.25E+16,2.42E+18,Hz,xray,
919.851,,,s,4.02E-09,5.99E-10,5.99E-10,erg cm-2 s-1,Integrated Flux,,7.25E+16,2.42E+18,Hz,xray,
920.4023,,,s,3.78E-09,5.68E-10,5.68E-10,erg cm-2 s-1,Integrated Flux,,7.25E+16,2.42E+18,Hz,xray,
920.9656,,,s,3.97E-09,5.59E-10,5.59E-10,erg cm-2 s-1,Integrated Flux,,7.25E+16,2.42E+18,Hz,xray,
921.6501,,,s,4.50E-09,5.64E-10,5.64E-10,erg cm-2 s-1,Integrated Flux,,7.25E+16,2.42E+18,Hz,xray,
922.3245,,,s,4.25E-09,5.27E-10,5.27E-10,erg cm-2 s-1,Integrated Flux,,7.25E+16,2.42E+18,Hz,xray,
923.0683,,,s,4.60E-09,5.65E-10,5.65E-10,erg cm-2 s-1,Integrated Flux,,7.25E+16,2.42E+18,Hz,xray,
923.7095,,,s,4.48E-09,5.55E-10,5.55E-10,erg cm-2 s-1,Integrated Flux,,7.25E+16,2.42E+18,Hz,xray,
924.4656,,,s,4.08E-09,4.98E-10,4.98E-10,erg cm-2 s-1,Integrated Flux,,7.25E+16,2.42E+18,Hz,xray,
925.1453,,,s,3.96E-09,6.01E-10,6.01E-10,erg cm-2 s-1,Integrated Flux,,7.25E+16,2.42E+18,Hz,xray,
925.6637,,,s,3.74E-09,5.57E-10,5.57E-10,erg cm-2 s-1,Integrated Flux,,7.25E+16,2.42E+18,Hz,xray,
926.2709,,,s,3.98E-09,5.04E-10,5.04E-10,erg cm-2 s-1,Integrated Flux,,7.25E+16,2.42E+18,Hz,xray,
926.9915,,,s,3.79E-09,5.76E-10,5.76E-10,erg cm-2 s-1,Integrated Flux,,7.25E+16,2.42E+18,Hz,xray,
927.589,,,s,4.88E-09,5.96E-10,5.96E-10,erg cm-2 s-1,Integrated Flux,,7.25E+16,2.42E+18,Hz,xray,
928.2865,,,s,4.68E-09,5.72E-10,5.72E-10,erg cm-2 s-1,Integrated Flux,,7.25E+16,2.42E+18,Hz,xray,
928.929,,,s,4.28E-09,5.24E-10,5.24E-10,erg cm-2 s-1,Integrated Flux,,7.25E+16,2.42E+18,Hz,xray,
929.6172,,,s,3.50E-09,5.22E-10,5.22E-10,erg cm-2 s-1,Integrated Flux,,7.25E+16,2.42E+18,Hz,xray,
930.243,,,s,4.81E-09,5.88E-10,5.88E-10,erg cm-2 s-1,Integrated Flux,,7.25E+16,2.42E+18,Hz,xray,
930.9015,,,s,4.01E-09,4.90E-10,4.90E-10,erg cm-2 s-1,Integrated Flux,,7.25E+16,2.42E+18,Hz,xray,
931.6228,,,s,4.59E-09,5.61E-10,5.61E-10,erg cm-2 s-1,Integrated Flux,,7.25E+16,2.42E+18,Hz,xray,
932.2293,,,s,3.95E-09,5.59E-10,5.59E-10,erg cm-2 s-1,Integrated Flux,,7.25E+16,2.42E+18,Hz,xray,
932.8949,,,s,4.52E-09,5.60E-10,5.60E-10,erg cm-2 s-1,Integrated Flux,,7.25E+16,2.42E+18,Hz,xray,
933.495,,,s,4.03E-09,6.01E-10,6.01E-10,erg cm-2 s-1,Integrated Flux,,7.25E+16,2.42E+18,Hz,xray,
933.9852,,,s,3.89E-09,5.92E-10,5.92E-10,erg cm-2 s-1,Integrated Flux,,7.25E+16,2.42E+18,Hz,xray,
934.4912,,,s,3.68E-09,5.59E-10,5.59E-10,erg cm-2 s-1,Integrated Flux,,7.25E+16,2.42E+18,Hz,xray,
935.1017,,,s,3.74E-09,5.58E-10,5.58E-10,erg cm-2 s-1,Integrated Flux,,7.25E+16,2.42E+18,Hz,xray,
935.7093,,,s,3.85E-09,4.97E-10,4.97E-10,erg cm-2 s-1,Integrated Flux,,7.25E+16,2.42E+18,Hz,xray,
936.3882,,,s,3.57E-09,5.36E-10,5.36E-10,erg cm-2 s-1,Integrated Flux,,7.25E+16,2.42E+18,Hz,xray,
936.955,,,s,3.63E-09,5.62E-10,5.62E-10,erg cm-2 s-1,Integrated Flux,,7.25E+16,2.42E+18,Hz,xray,
937.5607,,,s,4.41E-09,5.39E-10,5.39E-10,erg cm-2 s-1,Integrated Flux,,7.25E+16,2.42E+18,Hz,xray,
938.2689,,,s,4.71E-09,5.83E-10,5.83E-10,erg cm-2 s-1,Integrated Flux,,7.25E+16,2.42E+18,Hz,xray,
938.8932,,,s,4.23E-09,5.24E-10,5.24E-10,erg cm-2 s-1,Integrated Flux,,7.25E+16,2.42E+18,Hz,xray,
939.5507,,,s,3.63E-09,5.73E-10,5.73E-10,erg cm-2 s-1,Integrated Flux,,7.25E+16,2.42E+18,Hz,xray,
940.0574,,,s,3.52E-09,5.24E-10,5.24E-10,erg cm-2 s-1,Integrated Flux,,7.25E+16,2.42E+18,Hz,xray,
940.6954,,,s,3.51E-09,5.23E-10,5.23E-10,erg cm-2 s-1,Integrated Flux,,7.25E+16,2.42E+18,Hz,xray,
941.2764,,,s,4.45E-09,5.57E-10,5.57E-10,erg cm-2 s-1,Integrated Flux,,7.25E+16,2.42E+18,Hz,xray,
942.0021,,,s,4.50E-09,5.50E-10,5.50E-10,erg cm-2 s-1,Integrated Flux,,7.25E+16,2.42E+18,Hz,xray,
942.7142,,,s,3.28E-09,4.89E-10,4.89E-10,erg cm-2 s-1,Integrated Flux,,7.25E+16,2.42E+18,Hz,xray,
943.1854,,,s,3.98E-09,5.93E-10,5.93E-10,erg cm-2 s-1,Integrated Flux,,7.25E+16,2.42E+18,Hz,xray,
943.748,,,s,3.81E-09,5.90E-10,5.90E-10,erg cm-2 s-1,Integrated Flux,,7.25E+16,2.42E+18,Hz,xray,
944.2896,,,s,3.92E-09,5.85E-10,5.85E-10,erg cm-2 s-1,Integrated Flux,,7.25E+16,2.42E+18,Hz,xray,
944.7741,,,s,3.87E-09,5.77E-10,5.77E-10,erg cm-2 s-1,Integrated Flux,,7.25E+16,2.42E+18,Hz,xray,
945.4081,,,s,3.46E-09,5.17E-10,5.17E-10,erg cm-2 s-1,Integrated Flux,,7.25E+16,2.42E+18,Hz,xray,
946.0244,,,s,4.32E-09,5.34E-10,5.34E-10,erg cm-2 s-1,Integrated Flux,,7.25E+16,2.42E+18,Hz,xray,
946.577,,,s,3.86E-09,5.75E-10,5.75E-10,erg cm-2 s-1,Integrated Flux,,7.25E+16,2.42E+18,Hz,xray,
947.1928,,,s,5.24E-09,6.40E-10,6.40E-10,erg cm-2 s-1,Integrated Flux,,7.25E+16,2.42E+18,Hz,xray,
947.7842,,,s,4.32E-09,5.42E-10,5.42E-10,erg cm-2 s-1,Integrated Flux,,7.25E+16,2.42E+18,Hz,xray,
948.3971,,,s,3.77E-09,5.77E-10,5.77E-10,erg cm-2 s-1,Integrated Flux,,7.25E+16,2.42E+18,Hz,xray,
949.0511,,,s,3.02E-09,4.58E-10,4.58E-10,erg cm-2 s-1,Integrated Flux,,7.25E+16,2.42E+18,Hz,xray,
949.6537,,,s,3.94E-09,5.92E-10,5.92E-10,erg cm-2 s-1,Integrated Flux,,7.25E+16,2.42E+18,Hz,xray,
950.2012,,,s,4.42E-09,5.40E-10,5.40E-10,erg cm-2 s-1,Integrated Flux,,7.25E+16,2.42E+18,Hz,xray,
950.857,,,s,5.07E-09,6.36E-10,6.36E-10,erg cm-2 s-1,Integrated Flux,,7.25E+16,2.42E+18,Hz,xray,
951.5462,,,s,4.01E-09,4.91E-10,4.91E-10,erg cm-2 s-1,Integrated Flux,,7.25E+16,2.42E+18,Hz,xray,
952.295,,,s,3.03E-09,4.52E-10,4.52E-10,erg cm-2 s-1,Integrated Flux,,7.25E+16,2.42E+18,Hz,xray,
952.8862,,,s,3.57E-09,5.42E-10,5.42E-10,erg cm-2 s-1,Integrated Flux,,7.25E+16,2.42E+18,Hz,xray,
953.4687,,,s,5.34E-09,6.52E-10,6.52E-10,erg cm-2 s-1,Integrated Flux,,7.25E+16,2.42E+18,Hz,xray,
954.1001,,,s,4.44E-09,5.50E-10,5.50E-10,erg cm-2 s-1,Integrated Flux,,7.25E+16,2.42E+18,Hz,xray,
954.746,,,s,4.02E-09,5.57E-10,5.57E-10,erg cm-2 s-1,Integrated Flux,,7.25E+16,2.42E+18,Hz,xray,
955.3684,,,s,4.41E-09,5.39E-10,5.39E-10,erg cm-2 s-1,Integrated Flux,,7.25E+16,2.42E+18,Hz,xray,
956.0289,,,s,3.72E-09,5.65E-10,5.65E-10,erg cm-2 s-1,Integrated Flux,,7.25E+16,2.42E+18,Hz,xray,
956.514,,,s,3.97E-09,5.83E-10,5.83E-10,erg cm-2 s-1,Integrated Flux,,7.25E+16,2.42E+18,Hz,xray,
957.1152,,,s,3.93E-09,5.85E-10,5.85E-10,erg cm-2 s-1,Integrated Flux,,7.25E+16,2.42E+18,Hz,xray,
957.6883,,,s,4.72E-09,5.77E-10,5.77E-10,erg cm-2 s-1,Integrated Flux,,7.25E+16,2.42E+18,Hz,xray,
958.2658,,,s,3.38E-09,5.13E-10,5.13E-10,erg cm-2 s-1,Integrated Flux,,7.25E+16,2.42E+18,Hz,xray,
958.8588,,,s,3.90E-09,5.54E-10,5.54E-10,erg cm-2 s-1,Integrated Flux,,7.25E+16,2.42E+18,Hz,xray,
959.4509,,,s,3.79E-09,5.53E-10,5.53E-10,erg cm-2 s-1,Integrated Flux,,7.25E+16,2.42E+18,Hz,xray,
960.0405,,,s,3.40E-09,5.16E-10,5.16E-10,erg cm-2 s-1,Integrated Flux,,7.25E+16,2.42E+18,Hz,xray,
960.6166,,,s,3.92E-09,5.96E-10,5.96E-10,erg cm-2 s-1,Integrated Flux,,7.25E+16,2.42E+18,Hz,xray,
961.1233,,,s,3.86E-09,5.76E-10,5.76E-10,erg cm-2 s-1,Integrated Flux,,7.25E+16,2.42E+18,Hz,xray,
961.663,,,s,3.75E-09,5.81E-10,5.81E-10,erg cm-2 s-1,Integrated Flux,,7.25E+16,2.42E+18,Hz,xray,
962.1941,,,s,3.66E-09,5.46E-10,5.46E-10,erg cm-2 s-1,Integrated Flux,,7.25E+16,2.42E+18,Hz,xray,
962.8095,,,s,4.44E-09,5.50E-10,5.50E-10,erg cm-2 s-1,Integrated Flux,,7.25E+16,2.42E+18,Hz,xray,
963.5319,,,s,4.18E-09,5.24E-10,5.24E-10,erg cm-2 s-1,Integrated Flux,,7.25E+16,2.42E+18,Hz,xray,
964.1702,,,s,3.55E-09,5.49E-10,5.49E-10,erg cm-2 s-1,Integrated Flux,,7.25E+16,2.42E+18,Hz,xray,
964.7592,,,s,4.99E-09,6.17E-10,6.17E-10,erg cm-2 s-1,Integrated Flux,,7.25E+16,2.42E+18,Hz,xray,
965.4429,,,s,2.76E-09,4.12E-10,4.12E-10,erg cm-2 s-1,Integrated Flux,,7.25E+16,2.42E+18,Hz,xray,
966.1508,,,s,4.73E-09,5.85E-10,5.85E-10,erg cm-2 s-1,Integrated Flux,,7.25E+16,2.42E+18,Hz,xray,
966.6995,,,s,4.01E-09,5.46E-10,5.46E-10,erg cm-2 s-1,Integrated Flux,,7.25E+16,2.42E+18,Hz,xray,
967.3393,,,s,3.78E-09,5.64E-10,5.64E-10,erg cm-2 s-1,Integrated Flux,,7.25E+16,2.42E+18,Hz,xray,
967.9323,,,s,2.96E-09,4.58E-10,4.58E-10,erg cm-2 s-1,Integrated Flux,,7.25E+16,2.42E+18,Hz,xray,
968.5292,,,s,3.98E-09,5.75E-10,5.75E-10,erg cm-2 s-1,Integrated Flux,,7.25E+16,2.42E+18,Hz,xray,
969.0551,,,s,3.82E-09,5.80E-10,5.80E-10,erg cm-2 s-1,Integrated Flux,,7.25E+16,2.42E+18,Hz,xray,
969.6612,,,s,3.92E-09,5.09E-10,5.09E-10,erg cm-2 s-1,Integrated Flux,,7.25E+16,2.42E+18,Hz,xray,
970.3691,,,s,3.49E-09,5.41E-10,5.41E-10,erg cm-2 s-1,Integrated Flux,,7.25E+16,2.42E+18,Hz,xray,
970.8841,,,s,4.01E-09,5.92E-10,5.92E-10,erg cm-2 s-1,Integrated Flux,,7.25E+16,2.42E+18,Hz,xray,
971.4482,,,s,3.40E-09,5.07E-10,5.07E-10,erg cm-2 s-1,Integrated Flux,,7.25E+16,2.42E+18,Hz,xray,
972.024,,,s,3.96E-09,5.89E-10,5.89E-10,erg cm-2 s-1,Integrated Flux,,7.25E+16,2.42E+18,Hz,xray,
972.5597,,,s,3.45E-09,5.15E-10,5.15E-10,erg cm-2 s-1,Integrated Flux,,7.25E+16,2.42E+18,Hz,xray,
973.1139,,,s,3.91E-09,5.83E-10,5.83E-10,erg cm-2 s-1,Integrated Flux,,7.25E+16,2.42E+18,Hz,xray,
973.6758,,,s,4.03E-09,5.94E-10,5.94E-10,erg cm-2 s-1,Integrated Flux,,7.25E+16,2.42E+18,Hz,xray,
974.2157,,,s,4.02E-09,5.38E-10,5.38E-10,erg cm-2 s-1,Integrated Flux,,7.25E+16,2.42E+18,Hz,xray,
974.8682,,,s,3.56E-09,5.31E-10,5.31E-10,erg cm-2 s-1,Integrated Flux,,7.25E+16,2.42E+18,Hz,xray,
975.4336,,,s,3.57E-09,5.33E-10,5.33E-10,erg cm-2 s-1,Integrated Flux,,7.25E+16,2.42E+18,Hz,xray,
976.0602,,,s,3.89E-09,5.08E-10,5.08E-10,erg cm-2 s-1,Integrated Flux,,7.25E+16,2.42E+18,Hz,xray,
976.7152,,,s,5.24E-09,6.40E-10,6.40E-10,erg cm-2 s-1,Integrated Flux,,7.25E+16,2.42E+18,Hz,xray,
977.2816,,,s,3.75E-09,5.64E-10,5.64E-10,erg cm-2 s-1,Integrated Flux,,7.25E+16,2.42E+18,Hz,xray,
977.9251,,,s,3.35E-09,5.00E-10,5.00E-10,erg cm-2 s-1,Integrated Flux,,7.25E+16,2.42E+18,Hz,xray,
978.436,,,s,3.94E-09,5.87E-10,5.87E-10,erg cm-2 s-1,Integrated Flux,,7.25E+16,2.42E+18,Hz,xray,
979.0306,,,s,4.35E-09,5.39E-10,5.39E-10,erg cm-2 s-1,Integrated Flux,,7.25E+16,2.42E+18,Hz,xray,
979.7015,,,s,3.96E-09,5.19E-10,5.19E-10,erg cm-2 s-1,Integrated Flux,,7.25E+16,2.42E+18,Hz,xray,
980.4524,,,s,4.31E-09,5.33E-10,5.33E-10,erg cm-2 s-1,Integrated Flux,,7.25E+16,2.42E+18,Hz,xray,
981.0649,,,s,3.76E-09,5.83E-10,5.83E-10,erg cm-2 s-1,Integrated Flux,,7.25E+16,2.42E+18,Hz,xray,
981.6659,,,s,3.03E-09,4.60E-10,4.60E-10,erg cm-2 s-1,Integrated Flux,,7.25E+16,2.42E+18,Hz,xray,
982.316,,,s,2.86E-09,4.27E-10,4.27E-10,erg cm-2 s-1,Integrated Flux,,7.25E+16,2.42E+18,Hz,xray,
982.9937,,,s,3.15E-09,4.70E-10,4.70E-10,erg cm-2 s-1,Integrated Flux,,7.25E+16,2.42E+18,Hz,xray,
983.6363,,,s,3.65E-09,5.54E-10,5.54E-10,erg cm-2 s-1,Integrated Flux,,7.25E+16,2.42E+18,Hz,xray,
984.2987,,,s,2.89E-09,4.31E-10,4.31E-10,erg cm-2 s-1,Integrated Flux,,7.25E+16,2.42E+18,Hz,xray,
984.9123,,,s,3.40E-09,5.16E-10,5.16E-10,erg cm-2 s-1,Integrated Flux,,7.25E+16,2.42E+18,Hz,xray,
985.5009,,,s,3.66E-09,5.56E-10,5.56E-10,erg cm-2 s-1,Integrated Flux,,7.25E+16,2.42E+18,Hz,xray,
986.1363,,,s,3.18E-09,4.74E-10,4.74E-10,erg cm-2 s-1,Integrated Flux,,7.25E+16,2.42E+18,Hz,xray,
986.7264,,,s,3.87E-09,4.89E-10,4.89E-10,erg cm-2 s-1,Integrated Flux,,7.25E+16,2.42E+18,Hz,xray,
987.4395,,,s,3.73E-09,5.67E-10,5.67E-10,erg cm-2 s-1,Integrated Flux,,7.25E+16,2.42E+18,Hz,xray,
988.0723,,,s,3.05E-09,4.55E-10,4.55E-10,erg cm-2 s-1,Integrated Flux,,7.25E+16,2.42E+18,Hz,xray,
988.6766,,,s,4.01E-09,5.23E-10,5.23E-10,erg cm-2 s-1,Integrated Flux,,7.25E+16,2.42E+18,Hz,xray,
989.3861,,,s,3.90E-09,5.19E-10,5.19E-10,erg cm-2 s-1,Integrated Flux,,7.25E+16,2.42E+18,Hz,xray,
990.0543,,,s,4.42E-09,5.40E-10,5.40E-10,erg cm-2 s-1,Integrated Flux,,7.25E+16,2.42E+18,Hz,xray,
990.7364,,,s,3.09E-09,4.60E-10,4.60E-10,erg cm-2 s-1,Integrated Flux,,7.25E+16,2.42E+18,Hz,xray,
991.3435,,,s,3.96E-09,5.82E-10,5.82E-10,erg cm-2 s-1,Integrated Flux,,7.25E+16,2.42E+18,Hz,xray,
992.0186,,,s,3.19E-09,5.14E-10,5.14E-10,erg cm-2 s-1,Integrated Flux,,7.25E+16,2.42E+18,Hz,xray,
992.5434,,,s,3.45E-09,5.24E-10,5.24E-10,erg cm-2 s-1,Integrated Flux,,7.25E+16,2.42E+18,Hz,xray,
993.1588,,,s,3.30E-09,5.11E-10,5.11E-10,erg cm-2 s-1,Integrated Flux,,7.25E+16,2.42E+18,Hz,xray,
993.747,,,s,3.48E-09,5.18E-10,5.18E-10,erg cm-2 s-1,Integrated Flux,,7.25E+16,2.42E+18,Hz,xray,
994.3848,,,s,3.07E-09,4.67E-10,4.67E-10,erg cm-2 s-1,Integrated Flux,,7.25E+16,2.42E+18,Hz,xray,
995.0709,,,s,3.05E-09,4.63E-10,4.63E-10,erg cm-2 s-1,Integrated Flux,,7.25E+16,2.42E+18,Hz,xray,
995.6834,,,s,3.54E-09,5.38E-10,5.38E-10,erg cm-2 s-1,Integrated Flux,,7.25E+16,2.42E+18,Hz,xray,
996.2909,,,s,4.23E-09,5.24E-10,5.24E-10,erg cm-2 s-1,Integrated Flux,,7.25E+16,2.42E+18,Hz,xray,
996.8887,,,s,3.52E-09,5.35E-10,5.35E-10,erg cm-2 s-1,Integrated Flux,,7.25E+16,2.42E+18,Hz,xray,
997.5158,,,s,3.70E-09,5.51E-10,5.51E-10,erg cm-2 s-1,Integrated Flux,,7.25E+16,2.42E+18,Hz,xray,
998.0574,,,s,3.54E-09,5.28E-10,5.28E-10,erg cm-2 s-1,Integrated Flux,,7.25E+16,2.42E+18,Hz,xray,
998.6533,,,s,3.51E-09,5.33E-10,5.33E-10,erg cm-2 s-1,Integrated Flux,,7.25E+16,2.42E+18,Hz,xray,
999.2062,,,s,4.02E-09,5.28E-10,5.28E-10,erg cm-2 s-1,Integrated Flux,,7.25E+16,2.42E+18,Hz,xray,
999.8881,,,s,4.37E-09,5.34E-10,5.34E-10,erg cm-2 s-1,Integrated Flux,,7.25E+16,2.42E+18,Hz,xray,
1000.5615,,,s,3.51E-09,5.33E-10,5.33E-10,erg cm-2 s-1,Integrated Flux,,7.25E+16,2.42E+18,Hz,xray,
1001.2299,,,s,3.43E-09,5.12E-10,5.12E-10,erg cm-2 s-1,Integrated Flux,,7.25E+16,2.42E+18,Hz,xray,
1001.7562,,,s,3.87E-09,5.77E-10,5.77E-10,erg cm-2 s-1,Integrated Flux,,7.25E+16,2.42E+18,Hz,xray,
1002.2472,,,s,3.84E-09,5.84E-10,5.84E-10,erg cm-2 s-1,Integrated Flux,,7.25E+16,2.42E+18,Hz,xray,
1002.8067,,,s,3.69E-09,5.49E-10,5.49E-10,erg cm-2 s-1,Integrated Flux,,7.25E+16,2.42E+18,Hz,xray,
1003.3783,,,s,3.25E-09,4.94E-10,4.94E-10,erg cm-2 s-1,Integrated Flux,,7.25E+16,2.42E+18,Hz,xray,
1004.033,,,s,2.99E-09,4.63E-10,4.63E-10,erg cm-2 s-1,Integrated Flux,,7.25E+16,2.42E+18,Hz,xray,
1004.6326,,,s,3.36E-09,5.10E-10,5.10E-10,erg cm-2 s-1,Integrated Flux,,7.25E+16,2.42E+18,Hz,xray,
1005.2654,,,s,3.33E-09,4.96E-10,4.96E-10,erg cm-2 s-1,Integrated Flux,,7.25E+16,2.42E+18,Hz,xray,
1005.8639,,,s,3.49E-09,5.20E-10,5.20E-10,erg cm-2 s-1,Integrated Flux,,7.25E+16,2.42E+18,Hz,xray,
1006.4733,,,s,4.74E-09,5.79E-10,5.79E-10,erg cm-2 s-1,Integrated Flux,,7.25E+16,2.42E+18,Hz,xray,
1007.1044,,,s,3.35E-09,4.99E-10,4.99E-10,erg cm-2 s-1,Integrated Flux,,7.25E+16,2.42E+18,Hz,xray,
1007.6779,,,s,3.97E-09,5.86E-10,5.86E-10,erg cm-2 s-1,Integrated Flux,,7.25E+16,2.42E+18,Hz,xray,
1008.2709,,,s,4.34E-09,5.33E-10,5.33E-10,erg cm-2 s-1,Integrated Flux,,7.25E+16,2.42E+18,Hz,xray,
1008.9475,,,s,4.02E-09,6.00E-10,6.00E-10,erg cm-2 s-1,Integrated Flux,,7.25E+16,2.42E+18,Hz,xray,
1009.5215,,,s,3.50E-09,5.22E-10,5.22E-10,erg cm-2 s-1,Integrated Flux,,7.25E+16,2.42E+18,Hz,xray,
1010.09,,,s,3.43E-09,5.11E-10,5.11E-10,erg cm-2 s-1,Integrated Flux,,7.25E+16,2.42E+18,Hz,xray,
1010.6448,,,s,3.79E-09,5.87E-10,5.87E-10,erg cm-2 s-1,Integrated Flux,,7.25E+16,2.42E+18,Hz,xray,
1011.1846,,,s,3.39E-09,5.05E-10,5.05E-10,erg cm-2 s-1,Integrated Flux,,7.25E+16,2.42E+18,Hz,xray,
1011.7706,,,s,3.67E-09,5.68E-10,5.68E-10,erg cm-2 s-1,Integrated Flux,,7.25E+16,2.42E+18,Hz,xray,
1012.3279,,,s,3.18E-09,4.74E-10,4.74E-10,erg cm-2 s-1,Integrated Flux,,7.25E+16,2.42E+18,Hz,xray,
1013.0348,,,s,3.37E-09,5.02E-10,5.02E-10,erg cm-2 s-1,Integrated Flux,,7.25E+16,2.42E+18,Hz,xray,
1013.5487,,,s,4.04E-09,5.83E-10,5.83E-10,erg cm-2 s-1,Integrated Flux,,7.25E+16,2.42E+18,Hz,xray,
1014.1399,,,s,3.22E-09,4.90E-10,4.90E-10,erg cm-2 s-1,Integrated Flux,,7.25E+16,2.42E+18,Hz,xray,
1014.7842,,,s,3.24E-09,4.93E-10,4.93E-10,erg cm-2 s-1,Integrated Flux,,7.25E+16,2.42E+18,Hz,xray,
1015.4385,,,s,4.29E-09,5.38E-10,5.38E-10,erg cm-2 s-1,Integrated Flux,,7.25E+16,2.42E+18,Hz,xray,
1016.0989,,,s,3.63E-09,5.62E-10,5.62E-10,erg cm-2 s-1,Integrated Flux,,7.25E+16,2.42E+18,Hz,xray,
1016.6561,,,s,3.95E-09,5.43E-10,5.43E-10,erg cm-2 s-1,Integrated Flux,,7.25E+16,2.42E+18,Hz,xray,
1017.2795,,,s,3.06E-09,4.57E-10,4.57E-10,erg cm-2 s-1,Integrated Flux,,7.25E+16,2.42E+18,Hz,xray,
1017.85,,,s,3.89E-09,5.85E-10,5.85E-10,erg cm-2 s-1,Integrated Flux,,7.25E+16,2.42E+18,Hz,xray,
1018.445,,,s,3.76E-09,5.61E-10,5.61E-10,erg cm-2 s-1,Integrated Flux,,7.25E+16,2.42E+18,Hz,xray,
1018.9289,,,s,4.03E-09,5.94E-10,5.94E-10,erg cm-2 s-1,Integrated Flux,,7.25E+16,2.42E+18,Hz,xray,
1019.5706,,,s,2.97E-09,4.51E-10,4.51E-10,erg cm-2 s-1,Integrated Flux,,7.25E+16,2.42E+18,Hz,xray,
1020.2755,,,s,2.94E-09,4.47E-10,4.47E-10,erg cm-2 s-1,Integrated Flux,,7.25E+16,2.42E+18,Hz,xray,
1020.8585,,,s,3.50E-09,5.22E-10,5.22E-10,erg cm-2 s-1,Integrated Flux,,7.25E+16,2.42E+18,Hz,xray,
1021.4863,,,s,3.33E-09,5.06E-10,5.06E-10,erg cm-2 s-1,Integrated Flux,,7.25E+16,2.42E+18,Hz,xray,
1022.1077,,,s,4.15E-09,5.07E-10,5.07E-10,erg cm-2 s-1,Integrated Flux,,7.25E+16,2.42E+18,Hz,xray,
1022.7688,,,s,3.85E-09,5.74E-10,5.74E-10,erg cm-2 s-1,Integrated Flux,,7.25E+16,2.42E+18,Hz,xray,
1023.3751,,,s,2.96E-09,4.50E-10,4.50E-10,erg cm-2 s-1,Integrated Flux,,7.25E+16,2.42E+18,Hz,xray,
1024.0446,,,s,4.59E-09,5.68E-10,5.68E-10,erg cm-2 s-1,Integrated Flux,,7.25E+16,2.42E+18,Hz,xray,
1024.6442,,,s,3.86E-09,5.91E-10,5.91E-10,erg cm-2 s-1,Integrated Flux,,7.25E+16,2.42E+18,Hz,xray,
1025.2349,,,s,3.48E-09,5.29E-10,5.29E-10,erg cm-2 s-1,Integrated Flux,,7.25E+16,2.42E+18,Hz,xray,
1025.8028,,,s,3.75E-09,5.71E-10,5.71E-10,erg cm-2 s-1,Integrated Flux,,7.25E+16,2.42E+18,Hz,xray,
1026.3502,,,s,3.79E-09,5.59E-10,5.59E-10,erg cm-2 s-1,Integrated Flux,,7.25E+16,2.42E+18,Hz,xray,
1026.876,,,s,3.85E-09,5.68E-10,5.68E-10,erg cm-2 s-1,Integrated Flux,,7.25E+16,2.42E+18,Hz,xray,
1027.4687,,,s,3.62E-09,5.39E-10,5.39E-10,erg cm-2 s-1,Integrated Flux,,7.25E+16,2.42E+18,Hz,xray,
1028.0205,,,s,3.47E-09,5.18E-10,5.18E-10,erg cm-2 s-1,Integrated Flux,,7.25E+16,2.42E+18,Hz,xray,
1028.6997,,,s,2.86E-09,4.26E-10,4.26E-10,erg cm-2 s-1,Integrated Flux,,7.25E+16,2.42E+18,Hz,xray,
1029.3732,,,s,3.27E-09,4.87E-10,4.87E-10,erg cm-2 s-1,Integrated Flux,,7.25E+16,2.42E+18,Hz,xray,
1029.9207,,,s,3.73E-09,5.57E-10,5.57E-10,erg cm-2 s-1,Integrated Flux,,7.25E+16,2.42E+18,Hz,xray,
1030.5231,,,s,3.32E-09,4.96E-10,4.96E-10,erg cm-2 s-1,Integrated Flux,,7.25E+16,2.42E+18,Hz,xray,
1031.1532,,,s,2.91E-09,4.34E-10,4.34E-10,erg cm-2 s-1,Integrated Flux,,7.25E+16,2.42E+18,Hz,xray,
1031.8065,,,s,3.93E-09,5.44E-10,5.44E-10,erg cm-2 s-1,Integrated Flux,,7.25E+16,2.42E+18,Hz,xray,
1032.4627,,,s,3.13E-09,4.66E-10,4.66E-10,erg cm-2 s-1,Integrated Flux,,7.25E+16,2.42E+18,Hz,xray,
1033.1018,,,s,3.23E-09,4.91E-10,4.91E-10,erg cm-2 s-1,Integrated Flux,,7.25E+16,2.42E+18,Hz,xray,
1033.7144,,,s,3.47E-09,5.37E-10,5.37E-10,erg cm-2 s-1,Integrated Flux,,7.25E+16,2.42E+18,Hz,xray,
1034.3181,,,s,2.71E-09,4.04E-10,4.04E-10,erg cm-2 s-1,Integrated Flux,,7.25E+16,2.42E+18,Hz,xray,
1035.1556,,,s,2.54E-09,3.78E-10,3.78E-10,erg cm-2 s-1,Integrated Flux,,7.25E+16,2.42E+18,Hz,xray,
1035.8581,,,s,3.51E-09,5.44E-10,5.44E-10,erg cm-2 s-1,Integrated Flux,,7.25E+16,2.42E+18,Hz,xray,
1036.4286,,,s,3.78E-09,5.57E-10,5.57E-10,erg cm-2 s-1,Integrated Flux,,7.25E+16,2.42E+18,Hz,xray,
1037.0331,,,s,3.23E-09,5.10E-10,5.10E-10,erg cm-2 s-1,Integrated Flux,,7.25E+16,2.42E+18,Hz,xray,
1037.5855,,,s,3.57E-09,5.47E-10,5.47E-10,erg cm-2 s-1,Integrated Flux,,7.25E+16,2.42E+18,Hz,xray,
1038.1301,,,s,3.72E-09,5.55E-10,5.55E-10,erg cm-2 s-1,Integrated Flux,,7.25E+16,2.42E+18,Hz,xray,
1038.7309,,,s,3.48E-09,5.18E-10,5.18E-10,erg cm-2 s-1,Integrated Flux,,7.25E+16,2.42E+18,Hz,xray,
1039.3118,,,s,3.49E-09,5.20E-10,5.20E-10,erg cm-2 s-1,Integrated Flux,,7.25E+16,2.42E+18,Hz,xray,
1039.8562,,,s,3.27E-09,4.87E-10,4.87E-10,erg cm-2 s-1,Integrated Flux,,7.25E+16,2.42E+18,Hz,xray,
1040.4713,,,s,3.90E-09,5.81E-10,5.81E-10,erg cm-2 s-1,Integrated Flux,,7.25E+16,2.42E+18,Hz,xray,
1041.1084,,,s,4.29E-09,5.25E-10,5.25E-10,erg cm-2 s-1,Integrated Flux,,7.25E+16,2.42E+18,Hz,xray,
1041.6966,,,s,3.96E-09,6.02E-10,6.02E-10,erg cm-2 s-1,Integrated Flux,,7.25E+16,2.42E+18,Hz,xray,
1042.3395,,,s,3.12E-09,4.65E-10,4.65E-10,erg cm-2 s-1,Integrated Flux,,7.25E+16,2.42E+18,Hz,xray,
1042.959,,,s,3.28E-09,4.89E-10,4.89E-10,erg cm-2 s-1,Integrated Flux,,7.25E+16,2.42E+18,Hz,xray,
1043.6305,,,s,2.90E-09,4.32E-10,4.32E-10,erg cm-2 s-1,Integrated Flux,,7.25E+16,2.42E+18,Hz,xray,
1044.3552,,,s,3.15E-09,4.70E-10,4.70E-10,erg cm-2 s-1,Integrated Flux,,7.25E+16,2.42E+18,Hz,xray,
1045.0789,,,s,2.82E-09,4.21E-10,4.21E-10,erg cm-2 s-1,Integrated Flux,,7.25E+16,2.42E+18,Hz,xray,
1045.6208,,,s,3.86E-09,5.86E-10,5.86E-10,erg cm-2 s-1,Integrated Flux,,7.25E+16,2.42E+18,Hz,xray,
1046.1917,,,s,3.35E-09,5.08E-10,5.08E-10,erg cm-2 s-1,Integrated Flux,,7.25E+16,2.42E+18,Hz,xray,
1046.7856,,,s,3.65E-09,5.44E-10,5.44E-10,erg cm-2 s-1,Integrated Flux,,7.25E+16,2.42E+18,Hz,xray,
1047.3921,,,s,4.29E-09,5.24E-10,5.24E-10,erg cm-2 s-1,Integrated Flux,,7.25E+16,2.42E+18,Hz,xray,
1048.0961,,,s,3.42E-09,5.20E-10,5.20E-10,erg cm-2 s-1,Integrated Flux,,7.25E+16,2.42E+18,Hz,xray,
1048.677,,,s,2.89E-09,4.32E-10,4.32E-10,erg cm-2 s-1,Integrated Flux,,7.25E+16,2.42E+18,Hz,xray,
1049.3812,,,s,3.19E-09,4.76E-10,4.76E-10,erg cm-2 s-1,Integrated Flux,,7.25E+16,2.42E+18,Hz,xray,
1050.0036,,,s,3.11E-09,4.63E-10,4.63E-10,erg cm-2 s-1,Integrated Flux,,7.25E+16,2.42E+18,Hz,xray,
1050.6598,,,s,3.53E-09,5.27E-10,5.27E-10,erg cm-2 s-1,Integrated Flux,,7.25E+16,2.42E+18,Hz,xray,
1051.1858,,,s,3.77E-09,5.61E-10,5.61E-10,erg cm-2 s-1,Integrated Flux,,7.25E+16,2.42E+18,Hz,xray,
1051.759,,,s,3.75E-09,5.60E-10,5.60E-10,erg cm-2 s-1,Integrated Flux,,7.25E+16,2.42E+18,Hz,xray,
1052.3366,,,s,3.51E-09,5.43E-10,5.43E-10,erg cm-2 s-1,Integrated Flux,,7.25E+16,2.42E+18,Hz,xray,
1052.9309,,,s,3.15E-09,4.79E-10,4.79E-10,erg cm-2 s-1,Integrated Flux,,7.25E+16,2.42E+18,Hz,xray,
1053.6447,,,s,2.54E-09,3.78E-10,3.78E-10,erg cm-2 s-1,Integrated Flux,,7.25E+16,2.42E+18,Hz,xray,
1054.3161,,,s,3.62E-09,5.40E-10,5.40E-10,erg cm-2 s-1,Integrated Flux,,7.25E+16,2.42E+18,Hz,xray,
1054.8992,,,s,3.50E-09,5.22E-10,5.22E-10,erg cm-2 s-1,Integrated Flux,,7.25E+16,2.42E+18,Hz,xray,
1055.4666,,,s,3.64E-09,5.53E-10,5.53E-10,erg cm-2 s-1,Integrated Flux,,7.25E+16,2.42E+18,Hz,xray,
1056.0577,,,s,4.86E-09,6.17E-10,6.17E-10,erg cm-2 s-1,Integrated Flux,,7.25E+16,2.42E+18,Hz,xray,
1056.6687,,,s,3.63E-09,5.42E-10,5.42E-10,erg cm-2 s-1,Integrated Flux,,7.25E+16,2.42E+18,Hz,xray,
1057.1805,,,s,3.50E-09,5.22E-10,5.22E-10,erg cm-2 s-1,Integrated Flux,,7.25E+16,2.42E+18,Hz,xray,
1057.7717,,,s,3.86E-09,5.87E-10,5.87E-10,erg cm-2 s-1,Integrated Flux,,7.25E+16,2.42E+18,Hz,xray,
1058.3527,,,s,3.53E-09,5.26E-10,5.26E-10,erg cm-2 s-1,Integrated Flux,,7.25E+16,2.42E+18,Hz,xray,
1058.9198,,,s,3.56E-09,5.31E-10,5.31E-10,erg cm-2 s-1,Integrated Flux,,7.25E+16,2.42E+18,Hz,xray,
1059.4848,,,s,2.96E-09,4.42E-10,4.42E-10,erg cm-2 s-1,Integrated Flux,,7.25E+16,2.42E+18,Hz,xray,
1060.1531,,,s,3.79E-09,5.66E-10,5.66E-10,erg cm-2 s-1,Integrated Flux,,7.25E+16,2.42E+18,Hz,xray,
1060.7711,,,s,3.02E-09,4.58E-10,4.58E-10,erg cm-2 s-1,Integrated Flux,,7.25E+16,2.42E+18,Hz,xray,
1061.3856,,,s,3.82E-09,5.69E-10,5.69E-10,erg cm-2 s-1,Integrated Flux,,7.25E+16,2.42E+18,Hz,xray,
1061.9269,,,s,3.18E-09,4.83E-10,4.83E-10,erg cm-2 s-1,Integrated Flux,,7.25E+16,2.42E+18,Hz,xray,
1062.585,,,s,3.43E-09,5.12E-10,5.12E-10,erg cm-2 s-1,Integrated Flux,,7.25E+16,2.42E+18,Hz,xray,
1063.2108,,,s,2.83E-09,4.30E-10,4.30E-10,erg cm-2 s-1,Integrated Flux,,7.25E+16,2.42E+18,Hz,xray,
1063.9993,,,s,2.71E-09,4.04E-10,4.04E-10,erg cm-2 s-1,Integrated Flux,,7.25E+16,2.42E+18,Hz,xray,
1064.6231,,,s,3.58E-09,5.34E-10,5.34E-10,erg cm-2 s-1,Integrated Flux,,7.25E+16,2.42E+18,Hz,xray,
1065.297,,,s,2.37E-09,3.54E-10,3.54E-10,erg cm-2 s-1,Integrated Flux,,7.25E+16,2.42E+18,Hz,xray,
1065.9984,,,s,3.92E-09,5.85E-10,5.85E-10,erg cm-2 s-1,Integrated Flux,,7.25E+16,2.42E+18,Hz,xray,
1066.6069,,,s,3.24E-09,4.92E-10,4.92E-10,erg cm-2 s-1,Integrated Flux,,7.25E+16,2.42E+18,Hz,xray,
1067.2526,,,s,3.34E-09,5.08E-10,5.08E-10,erg cm-2 s-1,Integrated Flux,,7.25E+16,2.42E+18,Hz,xray,
1067.7788,,,s,4.02E-09,5.93E-10,5.93E-10,erg cm-2 s-1,Integrated Flux,,7.25E+16,2.42E+18,Hz,xray,
1068.3458,,,s,3.58E-09,5.34E-10,5.34E-10,erg cm-2 s-1,Integrated Flux,,7.25E+16,2.42E+18,Hz,xray,
1068.979,,,s,2.97E-09,4.55E-10,4.55E-10,erg cm-2 s-1,Integrated Flux,,7.25E+16,2.42E+18,Hz,xray,
1069.574,,,s,3.42E-09,5.10E-10,5.10E-10,erg cm-2 s-1,Integrated Flux,,7.25E+16,2.42E+18,Hz,xray,
1070.2757,,,s,2.72E-09,4.22E-10,4.22E-10,erg cm-2 s-1,Integrated Flux,,7.25E+16,2.42E+18,Hz,xray,
1070.891,,,s,3.77E-09,5.73E-10,5.73E-10,erg cm-2 s-1,Integrated Flux,,7.25E+16,2.42E+18,Hz,xray,
1071.4789,,,s,3.38E-09,5.04E-10,5.04E-10,erg cm-2 s-1,Integrated Flux,,7.25E+16,2.42E+18,Hz,xray,
1072.1106,,,s,3.27E-09,4.97E-10,4.97E-10,erg cm-2 s-1,Integrated Flux,,7.25E+16,2.42E+18,Hz,xray,
1072.7209,,,s,3.84E-09,4.96E-10,4.96E-10,erg cm-2 s-1,Integrated Flux,,7.25E+16,2.42E+18,Hz,xray,
1073.4205,,,s,3.53E-09,5.27E-10,5.27E-10,erg cm-2 s-1,Integrated Flux,,7.25E+16,2.42E+18,Hz,xray,
1074.0644,,,s,3.20E-09,4.77E-10,4.77E-10,erg cm-2 s-1,Integrated Flux,,7.25E+16,2.42E+18,Hz,xray,
1074.6147,,,s,3.65E-09,5.44E-10,5.44E-10,erg cm-2 s-1,Integrated Flux,,7.25E+16,2.42E+18,Hz,xray,
1075.1583,,,s,4.04E-09,6.03E-10,6.03E-10,erg cm-2 s-1,Integrated Flux,,7.25E+16,2.42E+18,Hz,xray,
1075.7134,,,s,3.36E-09,5.01E-10,5.01E-10,erg cm-2 s-1,Integrated Flux,,7.25E+16,2.42E+18,Hz,xray,
1076.4249,,,s,2.64E-09,3.93E-10,3.93E-10,erg cm-2 s-1,Integrated Flux,,7.25E+16,2.42E+18,Hz,xray,
1077.104,,,s,3.33E-09,4.97E-10,4.97E-10,erg cm-2 s-1,Integrated Flux,,7.25E+16,2.42E+18,Hz,xray,
1077.7234,,,s,3.31E-09,4.94E-10,4.94E-10,erg cm-2 s-1,Integrated Flux,,7.25E+16,2.42E+18,Hz,xray,
1078.386,,,s,2.83E-09,4.38E-10,4.38E-10,erg cm-2 s-1,Integrated Flux,,7.25E+16,2.42E+18,Hz,xray,
1079.0814,,,s,2.87E-09,4.27E-10,4.27E-10,erg cm-2 s-1,Integrated Flux,,7.25E+16,2.42E+18,Hz,xray,
1079.7156,,,s,3.57E-09,5.32E-10,5.32E-10,erg cm-2 s-1,Integrated Flux,,7.25E+16,2.42E+18,Hz,xray,
1080.3642,,,s,3.04E-09,4.54E-10,4.54E-10,erg cm-2 s-1,Integrated Flux,,7.25E+16,2.42E+18,Hz,xray,
1081.0478,,,s,3.18E-09,4.75E-10,4.75E-10,erg cm-2 s-1,Integrated Flux,,7.25E+16,2.42E+18,Hz,xray,
1081.7087,,,s,2.77E-09,4.21E-10,4.21E-10,erg cm-2 s-1,Integrated Flux,,7.25E+16,2.42E+18,Hz,xray,
1082.4058,,,s,4.24E-09,5.18E-10,5.18E-10,erg cm-2 s-1,Integrated Flux,,7.25E+16,2.42E+18,Hz,xray,
1083.0753,,,s,3.48E-09,5.28E-10,5.28E-10,erg cm-2 s-1,Integrated Flux,,7.25E+16,2.42E+18,Hz,xray,
1083.6867,,,s,3.32E-09,4.95E-10,4.95E-10,erg cm-2 s-1,Integrated Flux,,7.25E+16,2.42E+18,Hz,xray,
1084.245,,,s,3.91E-09,5.83E-10,5.83E-10,erg cm-2 s-1,Integrated Flux,,7.25E+16,2.42E+18,Hz,xray,
1084.9739,,,s,2.32E-09,3.46E-10,3.46E-10,erg cm-2 s-1,Integrated Flux,,7.25E+16,2.42E+18,Hz,xray,
1085.6983,,,s,3.60E-09,5.37E-10,5.37E-10,erg cm-2 s-1,Integrated Flux,,7.25E+16,2.42E+18,Hz,xray,
1086.2621,,,s,3.53E-09,5.26E-10,5.26E-10,erg cm-2 s-1,Integrated Flux,,7.25E+16,2.42E+18,Hz,xray,
1086.9312,,,s,4.06E-09,4.96E-10,4.96E-10,erg cm-2 s-1,Integrated Flux,,7.25E+16,2.42E+18,Hz,xray,
1087.5524,,,s,4.00E-09,5.84E-10,5.84E-10,erg cm-2 s-1,Integrated Flux,,7.25E+16,2.42E+18,Hz,xray,
1088.1371,,,s,2.55E-09,3.80E-10,3.80E-10,erg cm-2 s-1,Integrated Flux,,7.25E+16,2.42E+18,Hz,xray,
1088.9259,,,s,3.44E-09,5.23E-10,5.23E-10,erg cm-2 s-1,Integrated Flux,,7.25E+16,2.42E+18,Hz,xray,
1089.5569,,,s,3.28E-09,4.84E-10,4.84E-10,erg cm-2 s-1,Integrated Flux,,7.25E+16,2.42E+18,Hz,xray,
1090.1692,,,s,3.61E-09,5.38E-10,5.38E-10,erg cm-2 s-1,Integrated Flux,,7.25E+16,2.42E+18,Hz,xray,
1090.7268,,,s,3.32E-09,5.04E-10,5.04E-10,erg cm-2 s-1,Integrated Flux,,7.25E+16,2.42E+18,Hz,xray,
1091.4059,,,s,3.39E-09,5.06E-10,5.06E-10,erg cm-2 s-1,Integrated Flux,,7.25E+16,2.42E+18,Hz,xray,
1091.9885,,,s,3.71E-09,5.53E-10,5.53E-10,erg cm-2 s-1,Integrated Flux,,7.25E+16,2.42E+18,Hz,xray,
1092.5924,,,s,3.05E-09,4.55E-10,4.55E-10,erg cm-2 s-1,Integrated Flux,,7.25E+16,2.42E+18,Hz,xray,
1093.3158,,,s,2.88E-09,4.37E-10,4.37E-10,erg cm-2 s-1,Integrated Flux,,7.25E+16,2.42E+18,Hz,xray,
1094.0155,,,s,3.01E-09,4.57E-10,4.57E-10,erg cm-2 s-1,Integrated Flux,,7.25E+16,2.42E+18,Hz,xray,
1094.7528,,,s,4.21E-09,5.14E-10,5.14E-10,erg cm-2 s-1,Integrated Flux,,7.25E+16,2.42E+18,Hz,xray,
1095.4583,,,s,3.16E-09,4.71E-10,4.71E-10,erg cm-2 s-1,Integrated Flux,,7.25E+16,2.42E+18,Hz,xray,
1096.0723,,,s,3.34E-09,5.28E-10,5.28E-10,erg cm-2 s-1,Integrated Flux,,7.25E+16,2.42E+18,Hz,xray,
1096.6885,,,s,3.57E-09,5.32E-10,5.32E-10,erg cm-2 s-1,Integrated Flux,,7.25E+16,2.42E+18,Hz,xray,
1097.3093,,,s,3.18E-09,5.12E-10,5.12E-10,erg cm-2 s-1,Integrated Flux,,7.25E+16,2.42E+18,Hz,xray,
1097.9161,,,s,3.44E-09,5.23E-10,5.23E-10,erg cm-2 s-1,Integrated Flux,,7.25E+16,2.42E+18,Hz,xray,
1098.5491,,,s,3.10E-09,4.90E-10,4.90E-10,erg cm-2 s-1,Integrated Flux,,7.25E+16,2.42E+18,Hz,xray,
1099.2955,,,s,2.98E-09,4.45E-10,4.45E-10,erg cm-2 s-1,Integrated Flux,,7.25E+16,2.42E+18,Hz,xray,
1099.9521,,,s,3.42E-09,5.10E-10,5.10E-10,erg cm-2 s-1,Integrated Flux,,7.25E+16,2.42E+18,Hz,xray,
1100.4881,,,s,3.50E-09,5.22E-10,5.22E-10,erg cm-2 s-1,Integrated Flux,,7.25E+16,2.42E+18,Hz,xray,
1101.0906,,,s,3.28E-09,4.90E-10,4.90E-10,erg cm-2 s-1,Integrated Flux,,7.25E+16,2.42E+18,Hz,xray,
1101.7325,,,s,3.33E-09,4.97E-10,4.97E-10,erg cm-2 s-1,Integrated Flux,,7.25E+16,2.42E+18,Hz,xray,
1102.3019,,,s,3.70E-09,5.63E-10,5.63E-10,erg cm-2 s-1,Integrated Flux,,7.25E+16,2.42E+18,Hz,xray,
1102.8907,,,s,3.29E-09,4.91E-10,4.91E-10,erg cm-2 s-1,Integrated Flux,,7.25E+16,2.42E+18,Hz,xray,
1103.5137,,,s,3.16E-09,4.66E-10,4.66E-10,erg cm-2 s-1,Integrated Flux,,7.25E+16,2.42E+18,Hz,xray,
1104.1406,,,s,3.97E-09,6.04E-10,6.04E-10,erg cm-2 s-1,Integrated Flux,,7.25E+16,2.42E+18,Hz,xray,
1104.7175,,,s,3.30E-09,4.93E-10,4.93E-10,erg cm-2 s-1,Integrated Flux,,7.25E+16,2.42E+18,Hz,xray,
1105.2805,,,s,3.76E-09,5.60E-10,5.60E-10,erg cm-2 s-1,Integrated Flux,,7.25E+16,2.42E+18,Hz,xray,
1105.8265,,,s,3.87E-09,5.77E-10,5.77E-10,erg cm-2 s-1,Integrated Flux,,7.25E+16,2.42E+18,Hz,xray,
1106.3839,,,s,3.01E-09,4.57E-10,4.57E-10,erg cm-2 s-1,Integrated Flux,,7.25E+16,2.42E+18,Hz,xray,
1107.0093,,,s,3.74E-09,5.58E-10,5.58E-10,erg cm-2 s-1,Integrated Flux,,7.25E+16,2.42E+18,Hz,xray,
1107.6013,,,s,2.88E-09,4.30E-10,4.30E-10,erg cm-2 s-1,Integrated Flux,,7.25E+16,2.42E+18,Hz,xray,
1108.2814,,,s,3.53E-09,5.36E-10,5.36E-10,erg cm-2 s-1,Integrated Flux,,7.25E+16,2.42E+18,Hz,xray,
1108.9693,,,s,3.01E-09,4.57E-10,4.57E-10,erg cm-2 s-1,Integrated Flux,,7.25E+16,2.42E+18,Hz,xray,
1109.5504,,,s,3.48E-09,5.39E-10,5.39E-10,erg cm-2 s-1,Integrated Flux,,7.25E+16,2.42E+18,Hz,xray,
1110.1679,,,s,2.87E-09,4.28E-10,4.28E-10,erg cm-2 s-1,Integrated Flux,,7.25E+16,2.42E+18,Hz,xray,
1110.9121,,,s,2.87E-09,4.53E-10,4.53E-10,erg cm-2 s-1,Integrated Flux,,7.25E+16,2.42E+18,Hz,xray,
1111.5507,,,s,3.59E-09,5.45E-10,5.45E-10,erg cm-2 s-1,Integrated Flux,,7.25E+16,2.42E+18,Hz,xray,
1112.1172,,,s,3.08E-09,4.60E-10,4.60E-10,erg cm-2 s-1,Integrated Flux,,7.25E+16,2.42E+18,Hz,xray,
1112.7761,,,s,3.07E-09,4.98E-10,4.98E-10,erg cm-2 s-1,Integrated Flux,,7.25E+16,2.42E+18,Hz,xray,
1113.3791,,,s,3.08E-09,4.68E-10,4.68E-10,erg cm-2 s-1,Integrated Flux,,7.25E+16,2.42E+18,Hz,xray,
1114.0668,,,s,3.19E-09,4.85E-10,4.85E-10,erg cm-2 s-1,Integrated Flux,,7.25E+16,2.42E+18,Hz,xray,
1114.6343,,,s,3.63E-09,5.41E-10,5.41E-10,erg cm-2 s-1,Integrated Flux,,7.25E+16,2.42E+18,Hz,xray,
1115.2241,,,s,3.40E-09,5.17E-10,5.17E-10,erg cm-2 s-1,Integrated Flux,,7.25E+16,2.42E+18,Hz,xray,
1115.8384,,,s,3.25E-09,4.85E-10,4.85E-10,erg cm-2 s-1,Integrated Flux,,7.25E+16,2.42E+18,Hz,xray,
1116.4324,,,s,3.85E-09,5.73E-10,5.73E-10,erg cm-2 s-1,Integrated Flux,,7.25E+16,2.42E+18,Hz,xray,
1117.0098,,,s,3.46E-09,5.25E-10,5.25E-10,erg cm-2 s-1,Integrated Flux,,7.25E+16,2.42E+18,Hz,xray,
1117.6547,,,s,2.95E-09,4.40E-10,4.40E-10,erg cm-2 s-1,Integrated Flux,,7.25E+16,2.42E+18,Hz,xray,
1118.4841,,,s,2.39E-09,3.56E-10,3.56E-10,erg cm-2 s-1,Integrated Flux,,7.25E+16,2.42E+18,Hz,xray,
1119.1253,,,s,3.03E-09,4.61E-10,4.61E-10,erg cm-2 s-1,Integrated Flux,,7.25E+16,2.42E+18,Hz,xray,
1119.793,,,s,3.67E-09,5.62E-10,5.62E-10,erg cm-2 s-1,Integrated Flux,,7.25E+16,2.42E+18,Hz,xray,
1120.3599,,,s,3.75E-09,5.70E-10,5.70E-10,erg cm-2 s-1,Integrated Flux,,7.25E+16,2.42E+18,Hz,xray,
1120.942,,,s,3.13E-09,4.67E-10,4.67E-10,erg cm-2 s-1,Integrated Flux,,7.25E+16,2.42E+18,Hz,xray,
1121.628,,,s,4.34E-09,5.30E-10,5.30E-10,erg cm-2 s-1,Integrated Flux,,7.25E+16,2.42E+18,Hz,xray,
1122.3432,,,s,2.70E-09,4.03E-10,4.03E-10,erg cm-2 s-1,Integrated Flux,,7.25E+16,2.42E+18,Hz,xray,
1123.0329,,,s,3.99E-09,5.82E-10,5.82E-10,erg cm-2 s-1,Integrated Flux,,7.25E+16,2.42E+18,Hz,xray,
1123.6521,,,s,2.71E-09,4.19E-10,4.19E-10,erg cm-2 s-1,Integrated Flux,,7.25E+16,2.42E+18,Hz,xray,
1124.3689,,,s,2.90E-09,4.49E-10,4.49E-10,erg cm-2 s-1,Integrated Flux,,7.25E+16,2.42E+18,Hz,xray,
1125.0267,,,s,3.01E-09,4.49E-10,4.49E-10,erg cm-2 s-1,Integrated Flux,,7.25E+16,2.42E+18,Hz,xray,
1125.7082,,,s,2.74E-09,4.09E-10,4.09E-10,erg cm-2 s-1,Integrated Flux,,7.25E+16,2.42E+18,Hz,xray,
1126.4817,,,s,2.75E-09,4.11E-10,4.11E-10,erg cm-2 s-1,Integrated Flux,,7.25E+16,2.42E+18,Hz,xray,
1127.1267,,,s,3.90E-09,5.76E-10,5.76E-10,erg cm-2 s-1,Integrated Flux,,7.25E+16,2.42E+18,Hz,xray,
1127.6561,,,s,3.75E-09,5.59E-10,5.59E-10,erg cm-2 s-1,Integrated Flux,,7.25E+16,2.42E+18,Hz,xray,
1128.2357,,,s,3.52E-09,5.35E-10,5.35E-10,erg cm-2 s-1,Integrated Flux,,7.25E+16,2.42E+18,Hz,xray,
1128.9978,,,s,2.61E-09,3.89E-10,3.89E-10,erg cm-2 s-1,Integrated Flux,,7.25E+16,2.42E+18,Hz,xray,
1129.7379,,,s,2.60E-09,3.87E-10,3.87E-10,erg cm-2 s-1,Integrated Flux,,7.25E+16,2.42E+18,Hz,xray,
1130.4129,,,s,3.64E-09,5.43E-10,5.43E-10,erg cm-2 s-1,Integrated Flux,,7.25E+16,2.42E+18,Hz,xray,
1130.9746,,,s,3.69E-09,5.44E-10,5.44E-10,erg cm-2 s-1,Integrated Flux,,7.25E+16,2.42E+18,Hz,xray,
1131.569,,,s,3.20E-09,4.78E-10,4.78E-10,erg cm-2 s-1,Integrated Flux,,7.25E+16,2.42E+18,Hz,xray,
1132.1946,,,s,3.49E-09,5.41E-10,5.41E-10,erg cm-2 s-1,Integrated Flux,,7.25E+16,2.42E+18,Hz,xray,
1132.746,,,s,3.66E-09,5.56E-10,5.56E-10,erg cm-2 s-1,Integrated Flux,,7.25E+16,2.42E+18,Hz,xray,
1133.4177,,,s,2.79E-09,4.16E-10,4.16E-10,erg cm-2 s-1,Integrated Flux,,7.25E+16,2.42E+18,Hz,xray,
1134.023,,,s,3.50E-09,5.22E-10,5.22E-10,erg cm-2 s-1,Integrated Flux,,7.25E+16,2.42E+18,Hz,xray,
1134.6481,,,s,3.36E-09,5.00E-10,5.00E-10,erg cm-2 s-1,Integrated Flux,,7.25E+16,2.42E+18,Hz,xray,
1135.2907,,,s,2.56E-09,3.82E-10,3.82E-10,erg cm-2 s-1,Integrated Flux,,7.25E+16,2.42E+18,Hz,xray,
1136.0586,,,s,3.13E-09,4.75E-10,4.75E-10,erg cm-2 s-1,Integrated Flux,,7.25E+16,2.42E+18,Hz,xray,
1136.7406,,,s,4.23E-09,5.17E-10,5.17E-10,erg cm-2 s-1,Integrated Flux,,7.25E+16,2.42E+18,Hz,xray,
1137.427,,,s,3.19E-09,4.75E-10,4.75E-10,erg cm-2 s-1,Integrated Flux,,7.25E+16,2.42E+18,Hz,xray,
1138.0863,,,s,3.13E-09,4.66E-10,4.66E-10,erg cm-2 s-1,Integrated Flux,,7.25E+16,2.42E+18,Hz,xray,
1138.7151,,,s,3.30E-09,4.92E-10,4.92E-10,erg cm-2 s-1,Integrated Flux,,7.25E+16,2.42E+18,Hz,xray,
1139.5217,,,s,2.07E-09,3.15E-10,3.15E-10,erg cm-2 s-1,Integrated Flux,,7.25E+16,2.42E+18,Hz,xray,
1140.3491,,,s,3.06E-09,4.57E-10,4.57E-10,erg cm-2 s-1,Integrated Flux,,7.25E+16,2.42E+18,Hz,xray,
1141.0177,,,s,2.83E-09,4.30E-10,4.30E-10,erg cm-2 s-1,Integrated Flux,,7.25E+16,2.42E+18,Hz,xray,
1141.7609,,,s,3.21E-09,4.78E-10,4.78E-10,erg cm-2 s-1,Integrated Flux,,7.25E+16,2.42E+18,Hz,xray,
1142.4308,,,s,2.59E-09,3.87E-10,3.87E-10,erg cm-2 s-1,Integrated Flux,,7.25E+16,2.42E+18,Hz,xray,
1143.1735,,,s,2.72E-09,4.13E-10,4.13E-10,erg cm-2 s-1,Integrated Flux,,7.25E+16,2.42E+18,Hz,xray,
1143.8954,,,s,3.10E-09,4.81E-10,4.81E-10,erg cm-2 s-1,Integrated Flux,,7.25E+16,2.42E+18,Hz,xray,
1144.5827,,,s,2.83E-09,4.30E-10,4.30E-10,erg cm-2 s-1,Integrated Flux,,7.25E+16,2.42E+18,Hz,xray,
1145.217,,,s,3.05E-09,4.55E-10,4.55E-10,erg cm-2 s-1,Integrated Flux,,7.25E+16,2.42E+18,Hz,xray,
1146.038,,,s,2.54E-09,3.87E-10,3.87E-10,erg cm-2 s-1,Integrated Flux,,7.25E+16,2.42E+18,Hz,xray,
1146.7247,,,s,3.09E-09,4.61E-10,4.61E-10,erg cm-2 s-1,Integrated Flux,,7.25E+16,2.42E+18,Hz,xray,
1147.4152,,,s,2.56E-09,3.96E-10,3.96E-10,erg cm-2 s-1,Integrated Flux,,7.25E+16,2.42E+18,Hz,xray,
1148.1822,,,s,2.94E-09,4.47E-10,4.47E-10,erg cm-2 s-1,Integrated Flux,,7.25E+16,2.42E+18,Hz,xray,
1148.8369,,,s,3.40E-09,5.17E-10,5.17E-10,erg cm-2 s-1,Integrated Flux,,7.25E+16,2.42E+18,Hz,xray,
1149.4882,,,s,2.42E-09,3.61E-10,3.61E-10,erg cm-2 s-1,Integrated Flux,,7.25E+16,2.42E+18,Hz,xray,
1150.2882,,,s,3.48E-09,5.18E-10,5.18E-10,erg cm-2 s-1,Integrated Flux,,7.25E+16,2.42E+18,Hz,xray,
1150.9572,,,s,2.42E-09,3.82E-10,3.82E-10,erg cm-2 s-1,Integrated Flux,,7.25E+16,2.42E+18,Hz,xray,
1151.6832,,,s,3.41E-09,5.09E-10,5.09E-10,erg cm-2 s-1,Integrated Flux,,7.25E+16,2.42E+18,Hz,xray,
1152.3606,,,s,2.87E-09,4.28E-10,4.28E-10,erg cm-2 s-1,Integrated Flux,,7.25E+16,2.42E+18,Hz,xray,
1153.0213,,,s,2.86E-09,4.35E-10,4.35E-10,erg cm-2 s-1,Integrated Flux,,7.25E+16,2.42E+18,Hz,xray,
1153.7049,,,s,3.20E-09,4.77E-10,4.77E-10,erg cm-2 s-1,Integrated Flux,,7.25E+16,2.42E+18,Hz,xray,
1154.3585,,,s,2.84E-09,4.23E-10,4.23E-10,erg cm-2 s-1,Integrated Flux,,7.25E+16,2.42E+18,Hz,xray,
1155.1124,,,s,2.72E-09,4.14E-10,4.14E-10,erg cm-2 s-1,Integrated Flux,,7.25E+16,2.42E+18,Hz,xray,
1155.8351,,,s,3.02E-09,4.50E-10,4.50E-10,erg cm-2 s-1,Integrated Flux,,7.25E+16,2.42E+18,Hz,xray,
1156.5709,,,s,2.59E-09,3.87E-10,3.87E-10,erg cm-2 s-1,Integrated Flux,,7.25E+16,2.42E+18,Hz,xray,
1157.2267,,,s,4.04E-09,6.02E-10,6.02E-10,erg cm-2 s-1,Integrated Flux,,7.25E+16,2.42E+18,Hz,xray,
1157.8585,,,s,2.50E-09,3.73E-10,3.73E-10,erg cm-2 s-1,Integrated Flux,,7.25E+16,2.42E+18,Hz,xray,
1158.577,,,s,3.82E-09,5.70E-10,5.70E-10,erg cm-2 s-1,Integrated Flux,,7.25E+16,2.42E+18,Hz,xray,
1159.2688,,,s,2.52E-09,3.76E-10,3.76E-10,erg cm-2 s-1,Integrated Flux,,7.25E+16,2.42E+18,Hz,xray,
1159.9905,,,s,2.63E-09,4.07E-10,4.07E-10,erg cm-2 s-1,Integrated Flux,,7.25E+16,2.42E+18,Hz,xray,
1160.8356,,,s,2.62E-09,3.97E-10,3.97E-10,erg cm-2 s-1,Integrated Flux,,7.25E+16,2.42E+18,Hz,xray,
1161.6508,,,s,2.22E-09,3.28E-10,3.28E-10,erg cm-2 s-1,Integrated Flux,,7.25E+16,2.42E+18,Hz,xray,
1162.559,,,s,2.80E-09,4.18E-10,4.18E-10,erg cm-2 s-1,Integrated Flux,,7.25E+16,2.42E+18,Hz,xray,
1163.2394,,,s,3.09E-09,4.70E-10,4.70E-10,erg cm-2 s-1,Integrated Flux,,7.25E+16,2.42E+18,Hz,xray,
1163.8854,,,s,3.00E-09,4.64E-10,4.64E-10,erg cm-2 s-1,Integrated Flux,,7.25E+16,2.42E+18,Hz,xray,
1164.4669,,,s,3.42E-09,5.11E-10,5.11E-10,erg cm-2 s-1,Integrated Flux,,7.25E+16,2.42E+18,Hz,xray,
1165.168,,,s,2.62E-09,3.91E-10,3.91E-10,erg cm-2 s-1,Integrated Flux,,7.25E+16,2.42E+18,Hz,xray,
1165.9877,,,s,2.78E-09,4.14E-10,4.14E-10,erg cm-2 s-1,Integrated Flux,,7.25E+16,2.42E+18,Hz,xray,
1166.5718,,,s,3.24E-09,4.83E-10,4.83E-10,erg cm-2 s-1,Integrated Flux,,7.25E+16,2.42E+18,Hz,xray,
1167.2424,,,s,3.71E-09,5.64E-10,5.64E-10,erg cm-2 s-1,Integrated Flux,,7.25E+16,2.42E+18,Hz,xray,
1167.7794,,,s,3.28E-09,4.88E-10,4.88E-10,erg cm-2 s-1,Integrated Flux,,7.25E+16,2.42E+18,Hz,xray,
1168.5121,,,s,2.81E-09,4.36E-10,4.36E-10,erg cm-2 s-1,Integrated Flux,,7.25E+16,2.42E+18,Hz,xray,
1169.1585,,,s,4.18E-09,5.10E-10,5.10E-10,erg cm-2 s-1,Integrated Flux,,7.25E+16,2.42E+18,Hz,xray,
1169.8002,,,s,3.38E-09,5.14E-10,5.14E-10,erg cm-2 s-1,Integrated Flux,,7.25E+16,2.42E+18,Hz,xray,
1170.4927,,,s,3.03E-09,4.51E-10,4.51E-10,erg cm-2 s-1,Integrated Flux,,7.25E+16,2.42E+18,Hz,xray,
1171.1614,,,s,3.20E-09,4.86E-10,4.86E-10,erg cm-2 s-1,Integrated Flux,,7.25E+16,2.42E+18,Hz,xray,
1171.8166,,,s,3.06E-09,4.56E-10,4.56E-10,erg cm-2 s-1,Integrated Flux,,7.25E+16,2.42E+18,Hz,xray,
1172.5057,,,s,3.07E-09,4.57E-10,4.57E-10,erg cm-2 s-1,Integrated Flux,,7.25E+16,2.42E+18,Hz,xray,
1173.129,,,s,3.06E-09,4.56E-10,4.56E-10,erg cm-2 s-1,Integrated Flux,,7.25E+16,2.42E+18,Hz,xray,
1173.8456,,,s,3.11E-09,4.72E-10,4.72E-10,erg cm-2 s-1,Integrated Flux,,7.25E+16,2.42E+18,Hz,xray,
1174.5721,,,s,2.34E-09,3.49E-10,3.49E-10,erg cm-2 s-1,Integrated Flux,,7.25E+16,2.42E+18,Hz,xray,
1175.3336,,,s,3.59E-09,5.36E-10,5.36E-10,erg cm-2 s-1,Integrated Flux,,7.25E+16,2.42E+18,Hz,xray,
1175.9371,,,s,2.86E-09,4.38E-10,4.38E-10,erg cm-2 s-1,Integrated Flux,,7.25E+16,2.42E+18,Hz,xray,
1176.605,,,s,3.17E-09,4.73E-10,4.73E-10,erg cm-2 s-1,Integrated Flux,,7.25E+16,2.42E+18,Hz,xray,
1177.489,,,s,1.93E-09,2.93E-10,2.93E-10,erg cm-2 s-1,Integrated Flux,,7.25E+16,2.42E+18,Hz,xray,
1178.3542,,,s,2.80E-09,4.17E-10,4.17E-10,erg cm-2 s-1,Integrated Flux,,7.25E+16,2.42E+18,Hz,xray,
1179.1786,,,s,2.36E-09,3.59E-10,3.59E-10,erg cm-2 s-1,Integrated Flux,,7.25E+16,2.42E+18,Hz,xray,
1179.9345,,,s,3.07E-09,4.76E-10,4.76E-10,erg cm-2 s-1,Integrated Flux,,7.25E+16,2.42E+18,Hz,xray,
1180.6234,,,s,2.47E-09,3.76E-10,3.76E-10,erg cm-2 s-1,Integrated Flux,,7.25E+16,2.42E+18,Hz,xray,
1181.3763,,,s,3.24E-09,4.83E-10,4.83E-10,erg cm-2 s-1,Integrated Flux,,7.25E+16,2.42E+18,Hz,xray,
1182.0763,,,s,2.79E-09,4.33E-10,4.33E-10,erg cm-2 s-1,Integrated Flux,,7.25E+16,2.42E+18,Hz,xray,
1182.7594,,,s,2.73E-09,4.15E-10,4.15E-10,erg cm-2 s-1,Integrated Flux,,7.25E+16,2.42E+18,Hz,xray,
1183.3862,,,s,3.72E-09,5.65E-10,5.65E-10,erg cm-2 s-1,Integrated Flux,,7.25E+16,2.42E+18,Hz,xray,
1184.0647,,,s,2.79E-09,4.23E-10,4.23E-10,erg cm-2 s-1,Integrated Flux,,7.25E+16,2.42E+18,Hz,xray,
1184.7936,,,s,2.68E-09,4.07E-10,4.07E-10,erg cm-2 s-1,Integrated Flux,,7.25E+16,2.42E+18,Hz,xray,
1185.4453,,,s,3.78E-09,5.74E-10,5.74E-10,erg cm-2 s-1,Integrated Flux,,7.25E+16,2.42E+18,Hz,xray,
1186.0486,,,s,3.03E-09,4.52E-10,4.52E-10,erg cm-2 s-1,Integrated Flux,,7.25E+16,2.42E+18,Hz,xray,
1186.6701,,,s,3.97E-09,5.22E-10,5.22E-10,erg cm-2 s-1,Integrated Flux,,7.25E+16,2.42E+18,Hz,xray,
1187.3992,,,s,2.40E-09,3.57E-10,3.57E-10,erg cm-2 s-1,Integrated Flux,,7.25E+16,2.42E+18,Hz,xray,
1188.2416,,,s,2.91E-09,4.34E-10,4.34E-10,erg cm-2 s-1,Integrated Flux,,7.25E+16,2.42E+18,Hz,xray,
1188.9104,,,s,3.53E-09,5.26E-10,5.26E-10,erg cm-2 s-1,Integrated Flux,,7.25E+16,2.42E+18,Hz,xray,
1189.5817,,,s,2.58E-09,3.85E-10,3.85E-10,erg cm-2 s-1,Integrated Flux,,7.25E+16,2.42E+18,Hz,xray,
1190.3549,,,s,2.64E-09,4.01E-10,4.01E-10,erg cm-2 s-1,Integrated Flux,,7.25E+16,2.42E+18,Hz,xray,
1191.0945,,,s,2.91E-09,4.34E-10,4.34E-10,erg cm-2 s-1,Integrated Flux,,7.25E+16,2.42E+18,Hz,xray,
1191.7442,,,s,3.07E-09,4.57E-10,4.57E-10,erg cm-2 s-1,Integrated Flux,,7.25E+16,2.42E+18,Hz,xray,
1192.4309,,,s,2.93E-09,4.37E-10,4.37E-10,erg cm-2 s-1,Integrated Flux,,7.25E+16,2.42E+18,Hz,xray,
1193.0395,,,s,4.03E-09,6.01E-10,6.01E-10,erg cm-2 s-1,Integrated Flux,,7.25E+16,2.42E+18,Hz,xray,
1193.7307,,,s,2.40E-09,3.72E-10,3.72E-10,erg cm-2 s-1,Integrated Flux,,7.25E+16,2.42E+18,Hz,xray,
1194.4182,,,s,3.80E-09,5.67E-10,5.67E-10,erg cm-2 s-1,Integrated Flux,,7.25E+16,2.42E+18,Hz,xray,
1195.0681,,,s,2.30E-09,3.43E-10,3.43E-10,erg cm-2 s-1,Integrated Flux,,7.25E+16,2.42E+18,Hz,xray,
1196.0922,,,s,2.09E-09,3.12E-10,3.12E-10,erg cm-2 s-1,Integrated Flux,,7.25E+16,2.42E+18,Hz,xray,
1196.8552,,,s,3.75E-09,5.70E-10,5.70E-10,erg cm-2 s-1,Integrated Flux,,7.25E+16,2.42E+18,Hz,xray,
1197.4966,,,s,2.63E-09,4.00E-10,4.00E-10,erg cm-2 s-1,Integrated Flux,,7.25E+16,2.42E+18,Hz,xray,
1198.1955,,,s,2.88E-09,4.30E-10,4.30E-10,erg cm-2 s-1,Integrated Flux,,7.25E+16,2.42E+18,Hz,xray,
1198.9074,,,s,2.90E-09,4.41E-10,4.41E-10,erg cm-2 s-1,Integrated Flux,,7.25E+16,2.42E+18,Hz,xray,
1199.7103,,,s,2.34E-09,3.56E-10,3.56E-10,erg cm-2 s-1,Integrated Flux,,7.25E+16,2.42E+18,Hz,xray,
1200.5925,,,s,2.33E-09,3.47E-10,3.47E-10,erg cm-2 s-1,Integrated Flux,,7.25E+16,2.42E+18,Hz,xray,
1201.3018,,,s,3.20E-09,4.87E-10,4.87E-10,erg cm-2 s-1,Integrated Flux,,7.25E+16,2.42E+18,Hz,xray,
1201.9508,,,s,3.14E-09,4.77E-10,4.77E-10,erg cm-2 s-1,Integrated Flux,,7.25E+16,2.42E+18,Hz,xray,
1202.6402,,,s,3.15E-09,4.70E-10,4.70E-10,erg cm-2 s-1,Integrated Flux,,7.25E+16,2.42E+18,Hz,xray,
1203.3278,,,s,2.95E-09,4.49E-10,4.49E-10,erg cm-2 s-1,Integrated Flux,,7.25E+16,2.42E+18,Hz,xray,
1204.0397,,,s,2.76E-09,4.11E-10,4.11E-10,erg cm-2 s-1,Integrated Flux,,7.25E+16,2.42E+18,Hz,xray,
1204.6912,,,s,3.09E-09,4.55E-10,4.55E-10,erg cm-2 s-1,Integrated Flux,,7.25E+16,2.42E+18,Hz,xray,
1205.3903,,,s,3.08E-09,4.68E-10,4.68E-10,erg cm-2 s-1,Integrated Flux,,7.25E+16,2.42E+18,Hz,xray,
1206.0211,,,s,3.20E-09,4.78E-10,4.78E-10,erg cm-2 s-1,Integrated Flux,,7.25E+16,2.42E+18,Hz,xray,
1206.6588,,,s,3.30E-09,4.91E-10,4.91E-10,erg cm-2 s-1,Integrated Flux,,7.25E+16,2.42E+18,Hz,xray,
1207.3108,,,s,3.03E-09,4.51E-10,4.51E-10,erg cm-2 s-1,Integrated Flux,,7.25E+16,2.42E+18,Hz,xray,
1207.9461,,,s,2.83E-09,4.29E-10,4.29E-10,erg cm-2 s-1,Integrated Flux,,7.25E+16,2.42E+18,Hz,xray,
1208.7444,,,s,2.32E-09,3.53E-10,3.53E-10,erg cm-2 s-1,Integrated Flux,,7.25E+16,2.42E+18,Hz,xray,
1209.5825,,,s,2.89E-09,4.39E-10,4.39E-10,erg cm-2 s-1,Integrated Flux,,7.25E+16,2.42E+18,Hz,xray,
1210.2098,,,s,3.38E-09,5.14E-10,5.14E-10,erg cm-2 s-1,Integrated Flux,,7.25E+16,2.42E+18,Hz,xray,
1210.9129,,,s,2.82E-09,4.21E-10,4.21E-10,erg cm-2 s-1,Integrated Flux,,7.25E+16,2.42E+18,Hz,xray,
1211.6458,,,s,2.57E-09,3.99E-10,3.99E-10,erg cm-2 s-1,Integrated Flux,,7.25E+16,2.42E+18,Hz,xray,
1212.388,,,s,3.18E-09,4.73E-10,4.73E-10,erg cm-2 s-1,Integrated Flux,,7.25E+16,2.42E+18,Hz,xray,
1212.9729,,,s,3.24E-09,4.92E-10,4.92E-10,erg cm-2 s-1,Integrated Flux,,7.25E+16,2.42E+18,Hz,xray,
1213.6385,,,s,3.16E-09,4.71E-10,4.71E-10,erg cm-2 s-1,Integrated Flux,,7.25E+16,2.42E+18,Hz,xray,
1214.3685,,,s,2.68E-09,4.00E-10,4.00E-10,erg cm-2 s-1,Integrated Flux,,7.25E+16,2.42E+18,Hz,xray,
1215.0999,,,s,2.89E-09,4.31E-10,4.31E-10,erg cm-2 s-1,Integrated Flux,,7.25E+16,2.42E+18,Hz,xray,
1215.7144,,,s,3.05E-09,4.64E-10,4.64E-10,erg cm-2 s-1,Integrated Flux,,7.25E+16,2.42E+18,Hz,xray,
1216.414,,,s,2.82E-09,4.21E-10,4.21E-10,erg cm-2 s-1,Integrated Flux,,7.25E+16,2.42E+18,Hz,xray,
1217.3266,,,s,2.08E-09,3.16E-10,3.16E-10,erg cm-2 s-1,Integrated Flux,,7.25E+16,2.42E+18,Hz,xray,
1218.2137,,,s,2.70E-09,4.03E-10,4.03E-10,erg cm-2 s-1,Integrated Flux,,7.25E+16,2.42E+18,Hz,xray,
1218.9419,,,s,2.81E-09,4.19E-10,4.19E-10,erg cm-2 s-1,Integrated Flux,,7.25E+16,2.42E+18,Hz,xray,
1219.6507,,,s,2.73E-09,4.14E-10,4.14E-10,erg cm-2 s-1,Integrated Flux,,7.25E+16,2.42E+18,Hz,xray,
1220.4103,,,s,2.35E-09,3.57E-10,3.57E-10,erg cm-2 s-1,Integrated Flux,,7.25E+16,2.42E+18,Hz,xray,
1221.1902,,,s,3.15E-09,4.79E-10,4.79E-10,erg cm-2 s-1,Integrated Flux,,7.25E+16,2.42E+18,Hz,xray,
1221.7667,,,s,3.97E-09,5.73E-10,5.73E-10,erg cm-2 s-1,Integrated Flux,,7.25E+16,2.42E+18,Hz,xray,
1222.3103,,,s,3.55E-09,5.40E-10,5.40E-10,erg cm-2 s-1,Integrated Flux,,7.25E+16,2.42E+18,Hz,xray,
1223.0209,,,s,2.99E-09,4.54E-10,4.54E-10,erg cm-2 s-1,Integrated Flux,,7.25E+16,2.42E+18,Hz,xray,
1223.7591,,,s,2.35E-09,3.50E-10,3.50E-10,erg cm-2 s-1,Integrated Flux,,7.25E+16,2.42E+18,Hz,xray,
1224.655,,,s,2.19E-09,3.27E-10,3.27E-10,erg cm-2 s-1,Integrated Flux,,7.25E+16,2.42E+18,Hz,xray,
1225.5619,,,s,2.47E-09,3.68E-10,3.68E-10,erg cm-2 s-1,Integrated Flux,,7.25E+16,2.42E+18,Hz,xray,
1226.3588,,,s,2.79E-09,4.24E-10,4.24E-10,erg cm-2 s-1,Integrated Flux,,7.25E+16,2.42E+18,Hz,xray,
1227.0506,,,s,2.95E-09,4.48E-10,4.48E-10,erg cm-2 s-1,Integrated Flux,,7.25E+16,2.42E+18,Hz,xray,
1227.6691,,,s,3.33E-09,4.96E-10,4.96E-10,erg cm-2 s-1,Integrated Flux,,7.25E+16,2.42E+18,Hz,xray,
1228.291,,,s,3.41E-09,5.09E-10,5.09E-10,erg cm-2 s-1,Integrated Flux,,7.25E+16,2.42E+18,Hz,xray,
1228.8951,,,s,3.89E-09,5.50E-10,5.50E-10,erg cm-2 s-1,Integrated Flux,,7.25E+16,2.42E+18,Hz,xray,
1229.4905,,,s,3.02E-09,4.59E-10,4.59E-10,erg cm-2 s-1,Integrated Flux,,7.25E+16,2.42E+18,Hz,xray,
1230.3232,,,s,2.42E-09,3.57E-10,3.57E-10,erg cm-2 s-1,Integrated Flux,,7.25E+16,2.42E+18,Hz,xray,
1231.1187,,,s,2.76E-09,4.12E-10,4.12E-10,erg cm-2 s-1,Integrated Flux,,7.25E+16,2.42E+18,Hz,xray,
1231.8857,,,s,2.56E-09,4.04E-10,4.04E-10,erg cm-2 s-1,Integrated Flux,,7.25E+16,2.42E+18,Hz,xray,
1232.621,,,s,2.73E-09,4.10E-10,4.10E-10,erg cm-2 s-1,Integrated Flux,,7.25E+16,2.42E+18,Hz,xray,
1233.482,,,s,2.11E-09,3.21E-10,3.21E-10,erg cm-2 s-1,Integrated Flux,,7.25E+16,2.42E+18,Hz,xray,
1234.422,,,s,2.39E-09,3.56E-10,3.56E-10,erg cm-2 s-1,Integrated Flux,,7.25E+16,2.42E+18,Hz,xray,
1235.1529,,,s,2.71E-09,4.19E-10,4.19E-10,erg cm-2 s-1,Integrated Flux,,7.25E+16,2.42E+18,Hz,xray,
1235.9432,,,s,2.73E-09,4.07E-10,4.07E-10,erg cm-2 s-1,Integrated Flux,,7.25E+16,2.42E+18,Hz,xray,
1236.7142,,,s,2.67E-09,3.97E-10,3.97E-10,erg cm-2 s-1,Integrated Flux,,7.25E+16,2.42E+18,Hz,xray,
1237.5176,,,s,2.52E-09,3.76E-10,3.76E-10,erg cm-2 s-1,Integrated Flux,,7.25E+16,2.42E+18,Hz,xray,
1238.1433,,,s,3.40E-09,5.08E-10,5.08E-10,erg cm-2 s-1,Integrated Flux,,7.25E+16,2.42E+18,Hz,xray,
1238.9357,,,s,2.73E-09,4.16E-10,4.16E-10,erg cm-2 s-1,Integrated Flux,,7.25E+16,2.42E+18,Hz,xray,
1239.6009,,,s,2.67E-09,4.14E-10,4.14E-10,erg cm-2 s-1,Integrated Flux,,7.25E+16,2.42E+18,Hz,xray,
1240.3308,,,s,2.70E-09,4.03E-10,4.03E-10,erg cm-2 s-1,Integrated Flux,,7.25E+16,2.42E+18,Hz,xray,
1241.313,,,s,1.91E-09,2.85E-10,2.85E-10,erg cm-2 s-1,Integrated Flux,,7.25E+16,2.42E+18,Hz,xray,
1242.2318,,,s,2.23E-09,3.46E-10,3.46E-10,erg cm-2 s-1,Integrated Flux,,7.25E+16,2.42E+18,Hz,xray,
1243.1462,,,s,2.14E-09,3.19E-10,3.19E-10,erg cm-2 s-1,Integrated Flux,,7.25E+16,2.42E+18,Hz,xray,
1243.9464,,,s,2.91E-09,4.43E-10,4.43E-10,erg cm-2 s-1,Integrated Flux,,7.25E+16,2.42E+18,Hz,xray,
1244.7778,,,s,2.68E-09,4.00E-10,4.00E-10,erg cm-2 s-1,Integrated Flux,,7.25E+16,2.42E+18,Hz,xray,
1245.4527,,,s,2.66E-09,3.97E-10,3.97E-10,erg cm-2 s-1,Integrated Flux,,7.25E+16,2.42E+18,Hz,xray,
1246.3798,,,s,2.37E-09,3.60E-10,3.60E-10,erg cm-2 s-1,Integrated Flux,,7.25E+16,2.42E+18,Hz,xray,
1247.1151,,,s,2.68E-09,4.00E-10,4.00E-10,erg cm-2 s-1,Integrated Flux,,7.25E+16,2.42E+18,Hz,xray,
1247.934,,,s,2.66E-09,4.04E-10,4.04E-10,erg cm-2 s-1,Integrated Flux,,7.25E+16,2.42E+18,Hz,xray,
1248.6849,,,s,2.43E-09,3.63E-10,3.63E-10,erg cm-2 s-1,Integrated Flux,,7.25E+16,2.42E+18,Hz,xray,
1249.388,,,s,3.56E-09,5.41E-10,5.41E-10,erg cm-2 s-1,Integrated Flux,,7.25E+16,2.42E+18,Hz,xray,
1250.1677,,,s,2.12E-09,3.21E-10,3.21E-10,erg cm-2 s-1,Integrated Flux,,7.25E+16,2.42E+18,Hz,xray,
1251.0807,,,s,2.17E-09,3.24E-10,3.24E-10,erg cm-2 s-1,Integrated Flux,,7.25E+16,2.42E+18,Hz,xray,
1251.9892,,,s,2.38E-09,3.55E-10,3.55E-10,erg cm-2 s-1,Integrated Flux,,7.25E+16,2.42E+18,Hz,xray,
1252.8374,,,s,2.09E-09,3.17E-10,3.17E-10,erg cm-2 s-1,Integrated Flux,,7.25E+16,2.42E+18,Hz,xray,
1253.8555,,,s,2.35E-09,3.50E-10,3.50E-10,erg cm-2 s-1,Integrated Flux,,7.25E+16,2.42E+18,Hz,xray,
1254.6344,,,s,2.74E-09,4.09E-10,4.09E-10,erg cm-2 s-1,Integrated Flux,,7.25E+16,2.42E+18,Hz,xray,
1255.455,,,s,2.53E-09,3.77E-10,3.77E-10,erg cm-2 s-1,Integrated Flux,,7.25E+16,2.42E+18,Hz,xray,
1256.2164,,,s,2.55E-09,3.81E-10,3.81E-10,erg cm-2 s-1,Integrated Flux,,7.25E+16,2.42E+18,Hz,xray,
1256.9651,,,s,2.43E-09,3.62E-10,3.62E-10,erg cm-2 s-1,Integrated Flux,,7.25E+16,2.42E+18,Hz,xray,
1257.9318,,,s,2.21E-09,3.43E-10,3.43E-10,erg cm-2 s-1,Integrated Flux,,7.25E+16,2.42E+18,Hz,xray,
1258.8603,,,s,2.13E-09,3.14E-10,3.14E-10,erg cm-2 s-1,Integrated Flux,,7.25E+16,2.42E+18,Hz,xray,
1259.6993,,,s,2.65E-09,3.95E-10,3.95E-10,erg cm-2 s-1,Integrated Flux,,7.25E+16,2.42E+18,Hz,xray,
1260.3497,,,s,3.84E-09,5.73E-10,5.73E-10,erg cm-2 s-1,Integrated Flux,,7.25E+16,2.42E+18,Hz,xray,
1261.17,,,s,1.96E-09,2.92E-10,2.92E-10,erg cm-2 s-1,Integrated Flux,,7.25E+16,2.42E+18,Hz,xray,
1262.0847,,,s,2.48E-09,3.77E-10,3.77E-10,erg cm-2 s-1,Integrated Flux,,7.25E+16,2.42E+18,Hz,xray,
1263.021,,,s,2.13E-09,3.24E-10,3.24E-10,erg cm-2 s-1,Integrated Flux,,7.25E+16,2.42E+18,Hz,xray,
1263.896,,,s,2.57E-09,3.84E-10,3.84E-10,erg cm-2 s-1,Integrated Flux,,7.25E+16,2.42E+18,Hz,xray,
1264.5401,,,s,3.79E-09,5.66E-10,5.66E-10,erg cm-2 s-1,Integrated Flux,,7.25E+16,2.42E+18,Hz,xray,
1265.2552,,,s,2.47E-09,3.68E-10,3.68E-10,erg cm-2 s-1,Integrated Flux,,7.25E+16,2.42E+18,Hz,xray,
1266.1178,,,s,2.57E-09,3.83E-10,3.83E-10,erg cm-2 s-1,Integrated Flux,,7.25E+16,2.42E+18,Hz,xray,
1266.825,,,s,2.96E-09,4.42E-10,4.42E-10,erg cm-2 s-1,Integrated Flux,,7.25E+16,2.42E+18,Hz,xray,
1267.6072,,,s,2.13E-09,3.24E-10,3.24E-10,erg cm-2 s-1,Integrated Flux,,7.25E+16,2.42E+18,Hz,xray,
1268.5119,,,s,2.30E-09,3.43E-10,3.43E-10,erg cm-2 s-1,Integrated Flux,,7.25E+16,2.42E+18,Hz,xray,
1269.3498,,,s,2.62E-09,3.98E-10,3.98E-10,erg cm-2 s-1,Integrated Flux,,7.25E+16,2.42E+18,Hz,xray,
1270.152,,,s,2.49E-09,3.71E-10,3.71E-10,erg cm-2 s-1,Integrated Flux,,7.25E+16,2.42E+18,Hz,xray,
1270.8782,,,s,3.58E-09,5.34E-10,5.34E-10,erg cm-2 s-1,Integrated Flux,,7.25E+16,2.42E+18,Hz,xray,
1271.461,,,s,3.10E-09,4.62E-10,4.62E-10,erg cm-2 s-1,Integrated Flux,,7.25E+16,2.42E+18,Hz,xray,
1272.2629,,,s,2.58E-09,3.92E-10,3.92E-10,erg cm-2 s-1,Integrated Flux,,7.25E+16,2.42E+18,Hz,xray,
1272.8652,,,s,3.82E-09,5.70E-10,5.70E-10,erg cm-2 s-1,Integrated Flux,,7.25E+16,2.42E+18,Hz,xray,
1273.653,,,s,1.91E-09,2.90E-10,2.90E-10,erg cm-2 s-1,Integrated Flux,,7.25E+16,2.42E+18,Hz,xray,
1274.6782,,,s,2.13E-09,3.18E-10,3.18E-10,erg cm-2 s-1,Integrated Flux,,7.25E+16,2.42E+18,Hz,xray,
1275.4969,,,s,2.64E-09,3.90E-10,3.90E-10,erg cm-2 s-1,Integrated Flux,,7.25E+16,2.42E+18,Hz,xray,
1276.3382,,,s,2.76E-09,4.11E-10,4.11E-10,erg cm-2 s-1,Integrated Flux,,7.25E+16,2.42E+18,Hz,xray,
1277.017,,,s,2.86E-09,4.27E-10,4.27E-10,erg cm-2 s-1,Integrated Flux,,7.25E+16,2.42E+18,Hz,xray,
1277.7531,,,s,2.56E-09,3.81E-10,3.81E-10,erg cm-2 s-1,Integrated Flux,,7.25E+16,2.42E+18,Hz,xray,
1278.474,,,s,3.34E-09,4.99E-10,4.99E-10,erg cm-2 s-1,Integrated Flux,,7.25E+16,2.42E+18,Hz,xray,
1279.37,,,s,1.94E-09,2.95E-10,2.95E-10,erg cm-2 s-1,Integrated Flux,,7.25E+16,2.42E+18,Hz,xray,
1280.1957,,,s,3.39E-09,5.06E-10,5.06E-10,erg cm-2 s-1,Integrated Flux,,7.25E+16,2.42E+18,Hz,xray,
1280.8738,,,s,2.28E-09,3.53E-10,3.53E-10,erg cm-2 s-1,Integrated Flux,,7.25E+16,2.42E+18,Hz,xray,
1281.6809,,,s,2.82E-09,4.21E-10,4.21E-10,erg cm-2 s-1,Integrated Flux,,7.25E+16,2.42E+18,Hz,xray,
1282.4708,,,s,2.88E-09,4.30E-10,4.30E-10,erg cm-2 s-1,Integrated Flux,,7.25E+16,2.42E+18,Hz,xray,
1283.189,,,s,2.93E-09,4.38E-10,4.38E-10,erg cm-2 s-1,Integrated Flux,,7.25E+16,2.42E+18,Hz,xray,
1283.8719,,,s,2.81E-09,4.19E-10,4.19E-10,erg cm-2 s-1,Integrated Flux,,7.25E+16,2.42E+18,Hz,xray,
1284.6184,,,s,2.54E-09,3.86E-10,3.86E-10,erg cm-2 s-1,Integrated Flux,,7.25E+16,2.42E+18,Hz,xray,
1285.4787,,,s,2.14E-09,3.18E-10,3.18E-10,erg cm-2 s-1,Integrated Flux,,7.25E+16,2.42E+18,Hz,xray,
1286.3325,,,s,3.01E-09,4.57E-10,4.57E-10,erg cm-2 s-1,Integrated Flux,,7.25E+16,2.42E+18,Hz,xray,
1287.0481,,,s,2.64E-09,3.94E-10,3.94E-10,erg cm-2 s-1,Integrated Flux,,7.25E+16,2.42E+18,Hz,xray,
1287.8433,,,s,2.44E-09,3.64E-10,3.64E-10,erg cm-2 s-1,Integrated Flux,,7.25E+16,2.42E+18,Hz,xray,
1288.5709,,,s,2.91E-09,4.42E-10,4.42E-10,erg cm-2 s-1,Integrated Flux,,7.25E+16,2.42E+18,Hz,xray,
1289.3814,,,s,2.33E-09,3.47E-10,3.47E-10,erg cm-2 s-1,Integrated Flux,,7.25E+16,2.42E+18,Hz,xray,
1290.356,,,s,2.12E-09,3.22E-10,3.22E-10,erg cm-2 s-1,Integrated Flux,,7.25E+16,2.42E+18,Hz,xray,
1291.2664,,,s,2.28E-09,3.40E-10,3.40E-10,erg cm-2 s-1,Integrated Flux,,7.25E+16,2.42E+18,Hz,xray,
1292.0101,,,s,2.77E-09,4.13E-10,4.13E-10,erg cm-2 s-1,Integrated Flux,,7.25E+16,2.42E+18,Hz,xray,
1292.7369,,,s,3.27E-09,4.87E-10,4.87E-10,erg cm-2 s-1,Integrated Flux,,7.25E+16,2.42E+18,Hz,xray,
1293.4219,,,s,2.31E-09,3.65E-10,3.65E-10,erg cm-2 s-1,Integrated Flux,,7.25E+16,2.42E+18,Hz,xray,
1294.3219,,,s,2.24E-09,3.41E-10,3.41E-10,erg cm-2 s-1,Integrated Flux,,7.25E+16,2.42E+18,Hz,xray,
1295.141,,,s,3.25E-09,4.94E-10,4.94E-10,erg cm-2 s-1,Integrated Flux,,7.25E+16,2.42E+18,Hz,xray,
1295.8071,,,s,2.39E-09,3.63E-10,3.63E-10,erg cm-2 s-1,Integrated Flux,,7.25E+16,2.42E+18,Hz,xray,
1296.6718,,,s,2.59E-09,3.86E-10,3.86E-10,erg cm-2 s-1,Integrated Flux,,7.25E+16,2.42E+18,Hz,xray,
1297.5193,,,s,2.32E-09,3.45E-10,3.45E-10,erg cm-2 s-1,Integrated Flux,,7.25E+16,2.42E+18,Hz,xray,
1298.2509,,,s,2.95E-09,4.49E-10,4.49E-10,erg cm-2 s-1,Integrated Flux,,7.25E+16,2.42E+18,Hz,xray,
1299.1354,,,s,2.13E-09,3.17E-10,3.17E-10,erg cm-2 s-1,Integrated Flux,,7.25E+16,2.42E+18,Hz,xray,
1300.0861,,,s,2.56E-09,3.81E-10,3.81E-10,erg cm-2 s-1,Integrated Flux,,7.25E+16,2.42E+18,Hz,xray,
1300.967,,,s,1.88E-09,2.81E-10,2.81E-10,erg cm-2 s-1,Integrated Flux,,7.25E+16,2.42E+18,Hz,xray,
1301.8826,,,s,2.61E-09,3.97E-10,3.97E-10,erg cm-2 s-1,Integrated Flux,,7.25E+16,2.42E+18,Hz,xray,
1302.6326,,,s,2.43E-09,3.70E-10,3.70E-10,erg cm-2 s-1,Integrated Flux,,7.25E+16,2.42E+18,Hz,xray,
1303.6152,,,s,2.26E-09,3.37E-10,3.37E-10,erg cm-2 s-1,Integrated Flux,,7.25E+16,2.42E+18,Hz,xray,
1304.3123,,,s,3.00E-09,4.48E-10,4.48E-10,erg cm-2 s-1,Integrated Flux,,7.25E+16,2.42E+18,Hz,xray,
1305.1543,,,s,2.07E-09,3.15E-10,3.15E-10,erg cm-2 s-1,Integrated Flux,,7.25E+16,2.42E+18,Hz,xray,
1306.218,,,s,2.00E-09,2.98E-10,2.98E-10,erg cm-2 s-1,Integrated Flux,,7.25E+16,2.42E+18,Hz,xray,
1307.034,,,s,2.93E-09,4.36E-10,4.36E-10,erg cm-2 s-1,Integrated Flux,,7.25E+16,2.42E+18,Hz,xray,
1307.7742,,,s,2.73E-09,4.14E-10,4.14E-10,erg cm-2 s-1,Integrated Flux,,7.25E+16,2.42E+18,Hz,xray,
1308.4875,,,s,2.71E-09,4.11E-10,4.11E-10,erg cm-2 s-1,Integrated Flux,,7.25E+16,2.42E+18,Hz,xray,
1309.3195,,,s,2.45E-09,3.66E-10,3.66E-10,erg cm-2 s-1,Integrated Flux,,7.25E+16,2.42E+18,Hz,xray,
1310.0809,,,s,2.69E-09,4.01E-10,4.01E-10,erg cm-2 s-1,Integrated Flux,,7.25E+16,2.42E+18,Hz,xray,
1310.9095,,,s,2.56E-09,3.82E-10,3.82E-10,erg cm-2 s-1,Integrated Flux,,7.25E+16,2.42E+18,Hz,xray,
1311.6611,,,s,2.50E-09,3.72E-10,3.72E-10,erg cm-2 s-1,Integrated Flux,,7.25E+16,2.42E+18,Hz,xray,
1312.447,,,s,3.45E-09,5.15E-10,5.15E-10,erg cm-2 s-1,Integrated Flux,,7.25E+16,2.42E+18,Hz,xray,
1313.0336,,,s,3.05E-09,4.55E-10,4.55E-10,erg cm-2 s-1,Integrated Flux,,7.25E+16,2.42E+18,Hz,xray,
1313.906,,,s,1.97E-09,2.99E-10,2.99E-10,erg cm-2 s-1,Integrated Flux,,7.25E+16,2.42E+18,Hz,xray,
1314.7951,,,s,3.00E-09,4.56E-10,4.56E-10,erg cm-2 s-1,Integrated Flux,,7.25E+16,2.42E+18,Hz,xray,
1315.5216,,,s,2.30E-09,3.43E-10,3.43E-10,erg cm-2 s-1,Integrated Flux,,7.25E+16,2.42E+18,Hz,xray,
1316.4842,,,s,2.14E-09,3.24E-10,3.24E-10,erg cm-2 s-1,Integrated Flux,,7.25E+16,2.42E+18,Hz,xray,
1317.3309,,,s,2.70E-09,4.02E-10,4.02E-10,erg cm-2 s-1,Integrated Flux,,7.25E+16,2.42E+18,Hz,xray,
1318.1141,,,s,2.33E-09,3.47E-10,3.47E-10,erg cm-2 s-1,Integrated Flux,,7.25E+16,2.42E+18,Hz,xray,
1319.0437,,,s,2.20E-09,3.29E-10,3.29E-10,erg cm-2 s-1,Integrated Flux,,7.25E+16,2.42E+18,Hz,xray,
1319.8874,,,s,2.62E-09,3.91E-10,3.91E-10,erg cm-2 s-1,Integrated Flux,,7.25E+16,2.42E+18,Hz,xray,
1320.7424,,,s,2.59E-09,3.89E-10,3.89E-10,erg cm-2 s-1,Integrated Flux,,7.25E+16,2.42E+18,Hz,xray,
1321.4441,,,s,2.60E-09,3.88E-10,3.88E-10,erg cm-2 s-1,Integrated Flux,,7.25E+16,2.42E+18,Hz,xray,
1322.1684,,,s,3.44E-09,5.12E-10,5.12E-10,erg cm-2 s-1,Integrated Flux,,7.25E+16,2.42E+18,Hz,xray,
1322.835,,,s,2.53E-09,3.73E-10,3.73E-10,erg cm-2 s-1,Integrated Flux,,7.25E+16,2.42E+18,Hz,xray,
1323.6761,,,s,2.54E-09,3.86E-10,3.86E-10,erg cm-2 s-1,Integrated Flux,,7.25E+16,2.42E+18,Hz,xray,
1324.5199,,,s,2.62E-09,3.90E-10,3.90E-10,erg cm-2 s-1,Integrated Flux,,7.25E+16,2.42E+18,Hz,xray,
1325.2779,,,s,2.63E-09,3.92E-10,3.92E-10,erg cm-2 s-1,Integrated Flux,,7.25E+16,2.42E+18,Hz,xray,
1325.8632,,,s,3.74E-09,5.68E-10,5.68E-10,erg cm-2 s-1,Integrated Flux,,7.25E+16,2.42E+18,Hz,xray,
1326.5434,,,s,2.91E-09,4.34E-10,4.34E-10,erg cm-2 s-1,Integrated Flux,,7.25E+16,2.42E+18,Hz,xray,
1327.3347,,,s,2.31E-09,3.45E-10,3.45E-10,erg cm-2 s-1,Integrated Flux,,7.25E+16,2.42E+18,Hz,xray,
1328.2641,,,s,2.06E-09,3.07E-10,3.07E-10,erg cm-2 s-1,Integrated Flux,,7.25E+16,2.42E+18,Hz,xray,
1329.2875,,,s,2.17E-09,3.23E-10,3.23E-10,erg cm-2 s-1,Integrated Flux,,7.25E+16,2.42E+18,Hz,xray,
1330.223,,,s,1.85E-09,2.82E-10,2.82E-10,erg cm-2 s-1,Integrated Flux,,7.25E+16,2.42E+18,Hz,xray,
1331.2283,,,s,2.29E-09,3.47E-10,3.47E-10,erg cm-2 s-1,Integrated Flux,,7.25E+16,2.42E+18,Hz,xray,
1332.1949,,,s,2.16E-09,3.27E-10,3.27E-10,erg cm-2 s-1,Integrated Flux,,7.25E+16,2.42E+18,Hz,xray,
1333.0511,,,s,2.53E-09,3.78E-10,3.78E-10,erg cm-2 s-1,Integrated Flux,,7.25E+16,2.42E+18,Hz,xray,
1333.9817,,,s,2.17E-09,3.23E-10,3.23E-10,erg cm-2 s-1,Integrated Flux,,7.25E+16,2.42E+18,Hz,xray,
1334.907,,,s,1.90E-09,2.94E-10,2.94E-10,erg cm-2 s-1,Integrated Flux,,7.25E+16,2.42E+18,Hz,xray,
1335.8736,,,s,2.65E-09,3.95E-10,3.95E-10,erg cm-2 s-1,Integrated Flux,,7.25E+16,2.42E+18,Hz,xray,
1336.6196,,,s,2.65E-09,4.02E-10,4.02E-10,erg cm-2 s-1,Integrated Flux,,7.25E+16,2.42E+18,Hz,xray,
1337.3554,,,s,2.56E-09,3.81E-10,3.81E-10,erg cm-2 s-1,Integrated Flux,,7.25E+16,2.42E+18,Hz,xray,
1338.1564,,,s,2.50E-09,3.73E-10,3.73E-10,erg cm-2 s-1,Integrated Flux,,7.25E+16,2.42E+18,Hz,xray,
1338.9903,,,s,2.50E-09,3.73E-10,3.73E-10,erg cm-2 s-1,Integrated Flux,,7.25E+16,2.42E+18,Hz,xray,
1339.8983,,,s,2.17E-09,3.30E-10,3.30E-10,erg cm-2 s-1,Integrated Flux,,7.25E+16,2.42E+18,Hz,xray,
1340.8276,,,s,2.49E-09,3.79E-10,3.79E-10,erg cm-2 s-1,Integrated Flux,,7.25E+16,2.42E+18,Hz,xray,
1341.699,,,s,1.80E-09,2.74E-10,2.74E-10,erg cm-2 s-1,Integrated Flux,,7.25E+16,2.42E+18,Hz,xray,
1342.6339,,,s,3.01E-09,4.57E-10,4.57E-10,erg cm-2 s-1,Integrated Flux,,7.25E+16,2.42E+18,Hz,xray,
1343.3353,,,s,2.52E-09,3.75E-10,3.75E-10,erg cm-2 s-1,Integrated Flux,,7.25E+16,2.42E+18,Hz,xray,
1344.1837,,,s,2.68E-09,3.96E-10,3.96E-10,erg cm-2 s-1,Integrated Flux,,7.25E+16,2.42E+18,Hz,xray,
1344.9748,,,s,2.33E-09,3.55E-10,3.55E-10,erg cm-2 s-1,Integrated Flux,,7.25E+16,2.42E+18,Hz,xray,
1345.8911,,,s,2.34E-09,3.49E-10,3.49E-10,erg cm-2 s-1,Integrated Flux,,7.25E+16,2.42E+18,Hz,xray,
1346.6423,,,s,2.66E-09,3.97E-10,3.97E-10,erg cm-2 s-1,Integrated Flux,,7.25E+16,2.42E+18,Hz,xray,
1347.5695,,,s,2.25E-09,3.42E-10,3.42E-10,erg cm-2 s-1,Integrated Flux,,7.25E+16,2.42E+18,Hz,xray,
1348.3785,,,s,2.34E-09,3.49E-10,3.49E-10,erg cm-2 s-1,Integrated Flux,,7.25E+16,2.42E+18,Hz,xray,
1349.2486,,,s,2.81E-09,4.27E-10,4.27E-10,erg cm-2 s-1,Integrated Flux,,7.25E+16,2.42E+18,Hz,xray,
1349.9443,,,s,2.97E-09,4.43E-10,4.43E-10,erg cm-2 s-1,Integrated Flux,,7.25E+16,2.42E+18,Hz,xray,
1350.7013,,,s,2.23E-09,3.32E-10,3.32E-10,erg cm-2 s-1,Integrated Flux,,7.25E+16,2.42E+18,Hz,xray,
1351.6138,,,s,2.35E-09,3.50E-10,3.50E-10,erg cm-2 s-1,Integrated Flux,,7.25E+16,2.42E+18,Hz,xray,
1352.5477,,,s,2.12E-09,3.16E-10,3.16E-10,erg cm-2 s-1,Integrated Flux,,7.25E+16,2.42E+18,Hz,xray,
1353.4844,,,s,2.29E-09,3.42E-10,3.42E-10,erg cm-2 s-1,Integrated Flux,,7.25E+16,2.42E+18,Hz,xray,
1354.454,,,s,1.99E-09,2.97E-10,2.97E-10,erg cm-2 s-1,Integrated Flux,,7.25E+16,2.42E+18,Hz,xray,
1355.4058,,,s,2.37E-09,3.60E-10,3.60E-10,erg cm-2 s-1,Integrated Flux,,7.25E+16,2.42E+18,Hz,xray,
1356.1918,,,s,2.44E-09,3.64E-10,3.64E-10,erg cm-2 s-1,Integrated Flux,,7.25E+16,2.42E+18,Hz,xray,
1357.0478,,,s,2.34E-09,3.55E-10,3.55E-10,erg cm-2 s-1,Integrated Flux,,7.25E+16,2.42E+18,Hz,xray,
1358.032,,,s,2.06E-09,3.07E-10,3.07E-10,erg cm-2 s-1,Integrated Flux,,7.25E+16,2.42E+18,Hz,xray,
1358.9946,,,s,2.48E-09,3.77E-10,3.77E-10,erg cm-2 s-1,Integrated Flux,,7.25E+16,2.42E+18,Hz,xray,
1359.7897,,,s,2.71E-09,4.04E-10,4.04E-10,erg cm-2 s-1,Integrated Flux,,7.25E+16,2.42E+18,Hz,xray,
1360.613,,,s,2.12E-09,3.16E-10,3.16E-10,erg cm-2 s-1,Integrated Flux,,7.25E+16,2.42E+18,Hz,xray,
1361.5283,,,s,2.74E-09,4.32E-10,4.32E-10,erg cm-2 s-1,Integrated Flux,,7.25E+16,2.42E+18,Hz,xray,
1362.3668,,,s,2.62E-09,3.91E-10,3.91E-10,erg cm-2 s-1,Integrated Flux,,7.25E+16,2.42E+18,Hz,xray,
1363.0465,,,s,2.90E-09,4.41E-10,4.41E-10,erg cm-2 s-1,Integrated Flux,,7.25E+16,2.42E+18,Hz,xray,
1363.8839,,,s,2.27E-09,3.45E-10,3.45E-10,erg cm-2 s-1,Integrated Flux,,7.25E+16,2.42E+18,Hz,xray,
1364.714,,,s,3.13E-09,4.67E-10,4.67E-10,erg cm-2 s-1,Integrated Flux,,7.25E+16,2.42E+18,Hz,xray,
1365.538,,,s,2.10E-09,3.13E-10,3.13E-10,erg cm-2 s-1,Integrated Flux,,7.25E+16,2.42E+18,Hz,xray,
1366.3164,,,s,3.25E-09,4.94E-10,4.94E-10,erg cm-2 s-1,Integrated Flux,,7.25E+16,2.42E+18,Hz,xray,
1367.0867,,,s,2.39E-09,3.63E-10,3.63E-10,erg cm-2 s-1,Integrated Flux,,7.25E+16,2.42E+18,Hz,xray,
1367.9642,,,s,2.36E-09,3.58E-10,3.58E-10,erg cm-2 s-1,Integrated Flux,,7.25E+16,2.42E+18,Hz,xray,
1368.7756,,,s,2.43E-09,3.70E-10,3.70E-10,erg cm-2 s-1,Integrated Flux,,7.25E+16,2.42E+18,Hz,xray,
1369.621,,,s,2.24E-09,3.34E-10,3.34E-10,erg cm-2 s-1,Integrated Flux,,7.25E+16,2.42E+18,Hz,xray,
1370.4862,,,s,2.40E-09,3.57E-10,3.57E-10,erg cm-2 s-1,Integrated Flux,,7.25E+16,2.42E+18,Hz,xray,
1371.4444,,,s,2.26E-09,3.43E-10,3.43E-10,erg cm-2 s-1,Integrated Flux,,7.25E+16,2.42E+18,Hz,xray,
1372.409,,,s,1.95E-09,2.96E-10,2.96E-10,erg cm-2 s-1,Integrated Flux,,7.25E+16,2.42E+18,Hz,xray,
1373.4237,,,s,2.01E-09,3.11E-10,3.11E-10,erg cm-2 s-1,Integrated Flux,,7.25E+16,2.42E+18,Hz,xray,
1374.2761,,,s,2.57E-09,3.84E-10,3.84E-10,erg cm-2 s-1,Integrated Flux,,7.25E+16,2.42E+18,Hz,xray,
1375.2119,,,s,2.11E-09,3.15E-10,3.15E-10,erg cm-2 s-1,Integrated Flux,,7.25E+16,2.42E+18,Hz,xray,
1376.1638,,,s,2.24E-09,3.36E-10,3.36E-10,erg cm-2 s-1,Integrated Flux,,7.25E+16,2.42E+18,Hz,xray,
1377.113,,,s,1.99E-09,2.96E-10,2.96E-10,erg cm-2 s-1,Integrated Flux,,7.25E+16,2.42E+18,Hz,xray,
1378.1803,,,s,2.12E-09,3.15E-10,3.15E-10,erg cm-2 s-1,Integrated Flux,,7.25E+16,2.42E+18,Hz,xray,
1379.0654,,,s,2.33E-09,3.47E-10,3.47E-10,erg cm-2 s-1,Integrated Flux,,7.25E+16,2.42E+18,Hz,xray,
1379.8805,,,s,2.35E-09,3.57E-10,3.57E-10,erg cm-2 s-1,Integrated Flux,,7.25E+16,2.42E+18,Hz,xray,
1380.884,,,s,1.96E-09,2.97E-10,2.97E-10,erg cm-2 s-1,Integrated Flux,,7.25E+16,2.42E+18,Hz,xray,
1381.7464,,,s,2.52E-09,3.76E-10,3.76E-10,erg cm-2 s-1,Integrated Flux,,7.25E+16,2.42E+18,Hz,xray,
1382.6931,,,s,2.05E-09,3.11E-10,3.11E-10,erg cm-2 s-1,Integrated Flux,,7.25E+16,2.42E+18,Hz,xray,
1383.4627,,,s,3.51E-09,5.23E-10,5.23E-10,erg cm-2 s-1,Integrated Flux,,7.25E+16,2.42E+18,Hz,xray,
1384.2202,,,s,2.17E-09,3.24E-10,3.24E-10,erg cm-2 s-1,Integrated Flux,,7.25E+16,2.42E+18,Hz,xray,
1385.1257,,,s,2.14E-09,3.19E-10,3.19E-10,erg cm-2 s-1,Integrated Flux,,7.25E+16,2.42E+18,Hz,xray,
1386.0362,,,s,3.22E-09,4.80E-10,4.80E-10,erg cm-2 s-1,Integrated Flux,,7.25E+16,2.42E+18,Hz,xray,
1386.8043,,,s,2.21E-09,3.30E-10,3.30E-10,erg cm-2 s-1,Integrated Flux,,7.25E+16,2.42E+18,Hz,xray,
1387.6578,,,s,2.18E-09,3.31E-10,3.31E-10,erg cm-2 s-1,Integrated Flux,,7.25E+16,2.42E+18,Hz,xray,
1388.801,,,s,1.77E-09,2.68E-10,2.68E-10,erg cm-2 s-1,Integrated Flux,,7.25E+16,2.42E+18,Hz,xray,
1389.7535,,,s,2.23E-09,3.33E-10,3.33E-10,erg cm-2 s-1,Integrated Flux,,7.25E+16,2.42E+18,Hz,xray,
1390.808,,,s,1.74E-09,2.59E-10,2.59E-10,erg cm-2 s-1,Integrated Flux,,7.25E+16,2.42E+18,Hz,xray,
1391.774,,,s,2.66E-09,3.96E-10,3.96E-10,erg cm-2 s-1,Integrated Flux,,7.25E+16,2.42E+18,Hz,xray,
1392.6691,,,s,2.27E-09,3.39E-10,3.39E-10,erg cm-2 s-1,Integrated Flux,,7.25E+16,2.42E+18,Hz,xray,
1393.72,,,s,1.71E-09,2.60E-10,2.60E-10,erg cm-2 s-1,Integrated Flux,,7.25E+16,2.42E+18,Hz,xray,
1394.7721,,,s,2.14E-09,3.25E-10,3.25E-10,erg cm-2 s-1,Integrated Flux,,7.25E+16,2.42E+18,Hz,xray,
1395.712,,,s,2.21E-09,3.29E-10,3.29E-10,erg cm-2 s-1,Integrated Flux,,7.25E+16,2.42E+18,Hz,xray,
1396.3983,,,s,3.72E-09,5.55E-10,5.55E-10,erg cm-2 s-1,Integrated Flux,,7.25E+16,2.42E+18,Hz,xray,
1397.1171,,,s,2.54E-09,3.79E-10,3.79E-10,erg cm-2 s-1,Integrated Flux,,7.25E+16,2.42E+18,Hz,xray,
1397.97,,,s,2.02E-09,3.01E-10,3.01E-10,erg cm-2 s-1,Integrated Flux,,7.25E+16,2.42E+18,Hz,xray,
1398.8498,,,s,2.71E-09,4.05E-10,4.05E-10,erg cm-2 s-1,Integrated Flux,,7.25E+16,2.42E+18,Hz,xray,
1399.6471,,,s,2.61E-09,3.97E-10,3.97E-10,erg cm-2 s-1,Integrated Flux,,7.25E+16,2.42E+18,Hz,xray,
1400.5669,,,s,2.20E-09,3.29E-10,3.29E-10,erg cm-2 s-1,Integrated Flux,,7.25E+16,2.42E+18,Hz,xray,
1401.4938,,,s,2.12E-09,3.22E-10,3.22E-10,erg cm-2 s-1,Integrated Flux,,7.25E+16,2.42E+18,Hz,xray,
1402.4491,,,s,2.16E-09,3.24E-10,3.24E-10,erg cm-2 s-1,Integrated Flux,,7.25E+16,2.42E+18,Hz,xray,
1403.3112,,,s,2.27E-09,3.38E-10,3.38E-10,erg cm-2 s-1,Integrated Flux,,7.25E+16,2.42E+18,Hz,xray,
1404.226,,,s,2.51E-09,3.74E-10,3.74E-10,erg cm-2 s-1,Integrated Flux,,7.25E+16,2.42E+18,Hz,xray,
1405.13,,,s,2.10E-09,3.14E-10,3.14E-10,erg cm-2 s-1,Integrated Flux,,7.25E+16,2.42E+18,Hz,xray,
1406.0566,,,s,2.07E-09,3.09E-10,3.09E-10,erg cm-2 s-1,Integrated Flux,,7.25E+16,2.42E+18,Hz,xray,
1406.9872,,,s,2.49E-09,3.78E-10,3.78E-10,erg cm-2 s-1,Integrated Flux,,7.25E+16,2.42E+18,Hz,xray,
1407.7567,,,s,2.14E-09,3.25E-10,3.25E-10,erg cm-2 s-1,Integrated Flux,,7.25E+16,2.42E+18,Hz,xray,
1408.6673,,,s,2.79E-09,4.16E-10,4.16E-10,erg cm-2 s-1,Integrated Flux,,7.25E+16,2.42E+18,Hz,xray,
1409.64,,,s,1.65E-09,2.55E-10,2.55E-10,erg cm-2 s-1,Integrated Flux,,7.25E+16,2.42E+18,Hz,xray,
1410.819,,,s,1.89E-09,2.88E-10,2.88E-10,erg cm-2 s-1,Integrated Flux,,7.25E+16,2.42E+18,Hz,xray,
1411.7949,,,s,2.43E-09,3.76E-10,3.76E-10,erg cm-2 s-1,Integrated Flux,,7.25E+16,2.42E+18,Hz,xray,
1412.746,,,s,1.89E-09,2.82E-10,2.82E-10,erg cm-2 s-1,Integrated Flux,,7.25E+16,2.42E+18,Hz,xray,
1413.865,,,s,1.96E-09,2.97E-10,2.97E-10,erg cm-2 s-1,Integrated Flux,,7.25E+16,2.42E+18,Hz,xray,
1414.784,,,s,1.93E-09,2.88E-10,2.88E-10,erg cm-2 s-1,Integrated Flux,,7.25E+16,2.42E+18,Hz,xray,
1415.7987,,,s,2.38E-09,3.62E-10,3.62E-10,erg cm-2 s-1,Integrated Flux,,7.25E+16,2.42E+18,Hz,xray,
1416.6898,,,s,2.07E-09,3.14E-10,3.14E-10,erg cm-2 s-1,Integrated Flux,,7.25E+16,2.42E+18,Hz,xray,
1417.708,,,s,2.01E-09,3.05E-10,3.05E-10,erg cm-2 s-1,Integrated Flux,,7.25E+16,2.42E+18,Hz,xray,
1418.6611,,,s,2.20E-09,3.35E-10,3.35E-10,erg cm-2 s-1,Integrated Flux,,7.25E+16,2.42E+18,Hz,xray,
1419.646,,,s,1.96E-09,2.92E-10,2.92E-10,erg cm-2 s-1,Integrated Flux,,7.25E+16,2.42E+18,Hz,xray,
1420.6323,,,s,2.23E-09,3.39E-10,3.39E-10,erg cm-2 s-1,Integrated Flux,,7.25E+16,2.42E+18,Hz,xray,
1421.5248,,,s,2.25E-09,3.36E-10,3.36E-10,erg cm-2 s-1,Integrated Flux,,7.25E+16,2.42E+18,Hz,xray,
1422.4314,,,s,2.13E-09,3.23E-10,3.23E-10,erg cm-2 s-1,Integrated Flux,,7.25E+16,2.42E+18,Hz,xray,
1423.3854,,,s,2.43E-09,3.62E-10,3.62E-10,erg cm-2 s-1,Integrated Flux,,7.25E+16,2.42E+18,Hz,xray,
1424.1461,,,s,2.81E-09,4.19E-10,4.19E-10,erg cm-2 s-1,Integrated Flux,,7.25E+16,2.42E+18,Hz,xray,
1424.9481,,,s,2.29E-09,3.48E-10,3.48E-10,erg cm-2 s-1,Integrated Flux,,7.25E+16,2.42E+18,Hz,xray,
1425.9736,,,s,2.07E-09,3.21E-10,3.21E-10,erg cm-2 s-1,Integrated Flux,,7.25E+16,2.42E+18,Hz,xray,
1426.851,,,s,1.88E-09,2.81E-10,2.81E-10,erg cm-2 s-1,Integrated Flux,,7.25E+16,2.42E+18,Hz,xray,
1427.8142,,,s,2.49E-09,3.78E-10,3.78E-10,erg cm-2 s-1,Integrated Flux,,7.25E+16,2.42E+18,Hz,xray,
1428.7679,,,s,2.04E-09,3.10E-10,3.10E-10,erg cm-2 s-1,Integrated Flux,,7.25E+16,2.42E+18,Hz,xray,
1429.6918,,,s,2.22E-09,3.31E-10,3.31E-10,erg cm-2 s-1,Integrated Flux,,7.25E+16,2.42E+18,Hz,xray,
1430.5705,,,s,2.70E-09,3.99E-10,3.99E-10,erg cm-2 s-1,Integrated Flux,,7.25E+16,2.42E+18,Hz,xray,
1431.4597,,,s,2.14E-09,3.32E-10,3.32E-10,erg cm-2 s-1,Integrated Flux,,7.25E+16,2.42E+18,Hz,xray,
1432.3366,,,s,2.50E-09,3.81E-10,3.81E-10,erg cm-2 s-1,Integrated Flux,,7.25E+16,2.42E+18,Hz,xray,
1433.0832,,,s,2.28E-09,3.41E-10,3.41E-10,erg cm-2 s-1,Integrated Flux,,7.25E+16,2.42E+18,Hz,xray,
1433.955,,,s,2.54E-09,3.86E-10,3.86E-10,erg cm-2 s-1,Integrated Flux,,7.25E+16,2.42E+18,Hz,xray,
1434.8416,,,s,2.37E-09,3.53E-10,3.53E-10,erg cm-2 s-1,Integrated Flux,,7.25E+16,2.42E+18,Hz,xray,
1435.756,,,s,1.69E-09,2.53E-10,2.53E-10,erg cm-2 s-1,Integrated Flux,,7.25E+16,2.42E+18,Hz,xray,
1436.8895,,,s,2.41E-09,3.66E-10,3.66E-10,erg cm-2 s-1,Integrated Flux,,7.25E+16,2.42E+18,Hz,xray,
1437.772,,,s,2.12E-09,3.19E-10,3.19E-10,erg cm-2 s-1,Integrated Flux,,7.25E+16,2.42E+18,Hz,xray,
1438.881,,,s,1.73E-09,2.58E-10,2.58E-10,erg cm-2 s-1,Integrated Flux,,7.25E+16,2.42E+18,Hz,xray,
1439.9752,,,s,2.09E-09,3.11E-10,3.11E-10,erg cm-2 s-1,Integrated Flux,,7.25E+16,2.42E+18,Hz,xray,
1440.9326,,,s,2.34E-09,3.49E-10,3.49E-10,erg cm-2 s-1,Integrated Flux,,7.25E+16,2.42E+18,Hz,xray,
1441.7384,,,s,2.38E-09,3.55E-10,3.55E-10,erg cm-2 s-1,Integrated Flux,,7.25E+16,2.42E+18,Hz,xray,
1442.6607,,,s,2.40E-09,3.58E-10,3.58E-10,erg cm-2 s-1,Integrated Flux,,7.25E+16,2.42E+18,Hz,xray,
1443.4247,,,s,2.59E-09,3.93E-10,3.93E-10,erg cm-2 s-1,Integrated Flux,,7.25E+16,2.42E+18,Hz,xray,
1444.3292,,,s,2.06E-09,3.07E-10,3.07E-10,erg cm-2 s-1,Integrated Flux,,7.25E+16,2.42E+18,Hz,xray,
1445.405,,,s,1.78E-09,2.65E-10,2.65E-10,erg cm-2 s-1,Integrated Flux,,7.25E+16,2.42E+18,Hz,xray,
1446.4563,,,s,2.21E-09,3.30E-10,3.30E-10,erg cm-2 s-1,Integrated Flux,,7.25E+16,2.42E+18,Hz,xray,
1447.482,,,s,1.51E-09,2.24E-10,2.24E-10,erg cm-2 s-1,Integrated Flux,,7.25E+16,2.42E+18,Hz,xray,
1448.844,,,s,1.67E-09,2.48E-10,2.48E-10,erg cm-2 s-1,Integrated Flux,,7.25E+16,2.42E+18,Hz,xray,
1449.9403,,,s,2.09E-09,3.23E-10,3.23E-10,erg cm-2 s-1,Integrated Flux,,7.25E+16,2.42E+18,Hz,xray,
1451.025,,,s,1.63E-09,2.52E-10,2.52E-10,erg cm-2 s-1,Integrated Flux,,7.25E+16,2.42E+18,Hz,xray,
1452.1332,,,s,2.20E-09,3.27E-10,3.27E-10,erg cm-2 s-1,Integrated Flux,,7.25E+16,2.42E+18,Hz,xray,
1453.12,,,s,2.00E-09,2.98E-10,2.98E-10,erg cm-2 s-1,Integrated Flux,,7.25E+16,2.42E+18,Hz,xray,
1454.0984,,,s,2.13E-09,3.30E-10,3.30E-10,erg cm-2 s-1,Integrated Flux,,7.25E+16,2.42E+18,Hz,xray,
1455.112,,,s,1.93E-09,2.88E-10,2.88E-10,erg cm-2 s-1,Integrated Flux,,7.25E+16,2.42E+18,Hz,xray,
1456.0484,,,s,2.29E-09,3.41E-10,3.41E-10,erg cm-2 s-1,Integrated Flux,,7.25E+16,2.42E+18,Hz,xray,
1457.035,,,s,1.96E-09,3.09E-10,3.09E-10,erg cm-2 s-1,Integrated Flux,,7.25E+16,2.42E+18,Hz,xray,
1457.9951,,,s,2.11E-09,3.15E-10,3.15E-10,erg cm-2 s-1,Integrated Flux,,7.25E+16,2.42E+18,Hz,xray,
1459.0138,,,s,2.13E-09,3.18E-10,3.18E-10,erg cm-2 s-1,Integrated Flux,,7.25E+16,2.42E+18,Hz,xray,
1459.956,,,s,1.90E-09,3.00E-10,3.00E-10,erg cm-2 s-1,Integrated Flux,,7.25E+16,2.42E+18,Hz,xray,
1461.088,,,s,1.75E-09,2.76E-10,2.76E-10,erg cm-2 s-1,Integrated Flux,,7.25E+16,2.42E+18,Hz,xray,
1462.0685,,,s,2.12E-09,3.22E-10,3.22E-10,erg cm-2 s-1,Integrated Flux,,7.25E+16,2.42E+18,Hz,xray,
1463.0119,,,s,2.35E-09,3.57E-10,3.57E-10,erg cm-2 s-1,Integrated Flux,,7.25E+16,2.42E+18,Hz,xray,
1463.966,,,s,1.83E-09,2.79E-10,2.79E-10,erg cm-2 s-1,Integrated Flux,,7.25E+16,2.42E+18,Hz,xray,
1464.9028,,,s,2.63E-09,3.99E-10,3.99E-10,erg cm-2 s-1,Integrated Flux,,7.25E+16,2.42E+18,Hz,xray,
1465.7344,,,s,2.06E-09,3.13E-10,3.13E-10,erg cm-2 s-1,Integrated Flux,,7.25E+16,2.42E+18,Hz,xray,
1466.813,,,s,1.86E-09,2.78E-10,2.78E-10,erg cm-2 s-1,Integrated Flux,,7.25E+16,2.42E+18,Hz,xray,
1467.7813,,,s,2.77E-09,4.12E-10,4.12E-10,erg cm-2 s-1,Integrated Flux,,7.25E+16,2.42E+18,Hz,xray,
1468.618,,,s,1.96E-09,2.92E-10,2.92E-10,erg cm-2 s-1,Integrated Flux,,7.25E+16,2.42E+18,Hz,xray,
1469.706,,,s,1.99E-09,3.03E-10,3.03E-10,erg cm-2 s-1,Integrated Flux,,7.25E+16,2.42E+18,Hz,xray,
1470.6784,,,s,2.13E-09,3.24E-10,3.24E-10,erg cm-2 s-1,Integrated Flux,,7.25E+16,2.42E+18,Hz,xray,
1471.6399,,,s,2.22E-09,3.37E-10,3.37E-10,erg cm-2 s-1,Integrated Flux,,7.25E+16,2.42E+18,Hz,xray,
1472.5365,,,s,2.33E-09,3.48E-10,3.48E-10,erg cm-2 s-1,Integrated Flux,,7.25E+16,2.42E+18,Hz,xray,
1473.3306,,,s,2.58E-09,3.85E-10,3.85E-10,erg cm-2 s-1,Integrated Flux,,7.25E+16,2.42E+18,Hz,xray,
1474.363,,,s,1.82E-09,2.72E-10,2.72E-10,erg cm-2 s-1,Integrated Flux,,7.25E+16,2.42E+18,Hz,xray,
1475.417,,,s,1.87E-09,2.84E-10,2.84E-10,erg cm-2 s-1,Integrated Flux,,7.25E+16,2.42E+18,Hz,xray,
1476.3808,,,s,2.36E-09,3.52E-10,3.52E-10,erg cm-2 s-1,Integrated Flux,,7.25E+16,2.42E+18,Hz,xray,
1477.2648,,,s,2.31E-09,3.50E-10,3.50E-10,erg cm-2 s-1,Integrated Flux,,7.25E+16,2.42E+18,Hz,xray,
1478.42,,,s,1.67E-09,2.49E-10,2.49E-10,erg cm-2 s-1,Integrated Flux,,7.25E+16,2.42E+18,Hz,xray,
1479.3911,,,s,2.17E-09,3.23E-10,3.23E-10,erg cm-2 s-1,Integrated Flux,,7.25E+16,2.42E+18,Hz,xray,
1480.1828,,,s,2.69E-09,4.01E-10,4.01E-10,erg cm-2 s-1,Integrated Flux,,7.25E+16,2.42E+18,Hz,xray,
1481.25,,,s,1.91E-09,2.84E-10,2.84E-10,erg cm-2 s-1,Integrated Flux,,7.25E+16,2.42E+18,Hz,xray,
1482.157,,,s,2.04E-09,3.04E-10,3.04E-10,erg cm-2 s-1,Integrated Flux,,7.25E+16,2.42E+18,Hz,xray,
1483.294,,,s,1.63E-09,2.43E-10,2.43E-10,erg cm-2 s-1,Integrated Flux,,7.25E+16,2.42E+18,Hz,xray,
1484.489,,,s,1.74E-09,2.65E-10,2.65E-10,erg cm-2 s-1,Integrated Flux,,7.25E+16,2.42E+18,Hz,xray,
1485.71,,,s,1.70E-09,2.58E-10,2.58E-10,erg cm-2 s-1,Integrated Flux,,7.25E+16,2.42E+18,Hz,xray,
1486.839,,,s,1.92E-09,2.86E-10,2.86E-10,erg cm-2 s-1,Integrated Flux,,7.25E+16,2.42E+18,Hz,xray,
1487.8472,,,s,2.24E-09,3.34E-10,3.34E-10,erg cm-2 s-1,Integrated Flux,,7.25E+16,2.42E+18,Hz,xray,
1488.836,,,s,1.86E-09,2.83E-10,2.83E-10,erg cm-2 s-1,Integrated Flux,,7.25E+16,2.42E+18,Hz,xray,
1489.895,,,s,1.80E-09,2.68E-10,2.68E-10,erg cm-2 s-1,Integrated Flux,,7.25E+16,2.42E+18,Hz,xray,
1490.9774,,,s,2.35E-09,3.50E-10,3.50E-10,erg cm-2 s-1,Integrated Flux,,7.25E+16,2.42E+18,Hz,xray,
1492.029,,,s,1.65E-09,2.56E-10,2.56E-10,erg cm-2 s-1,Integrated Flux,,7.25E+16,2.42E+18,Hz,xray,
1493.0705,,,s,2.21E-09,3.30E-10,3.30E-10,erg cm-2 s-1,Integrated Flux,,7.25E+16,2.42E+18,Hz,xray,
1493.874,,,s,2.32E-09,3.45E-10,3.45E-10,erg cm-2 s-1,Integrated Flux,,7.25E+16,2.42E+18,Hz,xray,
1495.117,,,s,1.63E-09,2.47E-10,2.47E-10,erg cm-2 s-1,Integrated Flux,,7.25E+16,2.42E+18,Hz,xray,
1496.174,,,s,1.88E-09,2.86E-10,2.86E-10,erg cm-2 s-1,Integrated Flux,,7.25E+16,2.42E+18,Hz,xray,
1497.271,,,s,1.84E-09,2.80E-10,2.80E-10,erg cm-2 s-1,Integrated Flux,,7.25E+16,2.42E+18,Hz,xray,
1498.506,,,s,1.69E-09,2.57E-10,2.57E-10,erg cm-2 s-1,Integrated Flux,,7.25E+16,2.42E+18,Hz,xray,
1499.493,,,s,2.04E-09,3.04E-10,3.04E-10,erg cm-2 s-1,Integrated Flux,,7.25E+16,2.42E+18,Hz,xray,
1500.4799,,,s,2.23E-09,3.38E-10,3.38E-10,erg cm-2 s-1,Integrated Flux,,7.25E+16,2.42E+18,Hz,xray,
1501.3146,,,s,2.68E-09,4.07E-10,4.07E-10,erg cm-2 s-1,Integrated Flux,,7.25E+16,2.42E+18,Hz,xray,
1502.0844,,,s,2.59E-09,3.94E-10,3.94E-10,erg cm-2 s-1,Integrated Flux,,7.25E+16,2.42E+18,Hz,xray,
1502.8696,,,s,2.06E-09,3.13E-10,3.13E-10,erg cm-2 s-1,Integrated Flux,,7.25E+16,2.42E+18,Hz,xray,
1503.844,,,s,2.10E-09,3.14E-10,3.14E-10,erg cm-2 s-1,Integrated Flux,,7.25E+16,2.42E+18,Hz,xray,
1504.922,,,s,1.91E-09,2.90E-10,2.90E-10,erg cm-2 s-1,Integrated Flux,,7.25E+16,2.42E+18,Hz,xray,
1505.986,,,s,1.94E-09,2.94E-10,2.94E-10,erg cm-2 s-1,Integrated Flux,,7.25E+16,2.42E+18,Hz,xray,
1506.9206,,,s,2.51E-09,3.74E-10,3.74E-10,erg cm-2 s-1,Integrated Flux,,7.25E+16,2.42E+18,Hz,xray,
1507.936,,,s,1.97E-09,2.94E-10,2.94E-10,erg cm-2 s-1,Integrated Flux,,7.25E+16,2.42E+18,Hz,xray,
1508.888,,,s,1.74E-09,2.65E-10,2.65E-10,erg cm-2 s-1,Integrated Flux,,7.25E+16,2.42E+18,Hz,xray,
1509.9603,,,s,2.24E-09,3.34E-10,3.34E-10,erg cm-2 s-1,Integrated Flux,,7.25E+16,2.42E+18,Hz,xray,
1510.8126,,,s,2.33E-09,3.54E-10,3.54E-10,erg cm-2 s-1,Integrated Flux,,7.25E+16,2.42E+18,Hz,xray,
1511.975,,,s,1.65E-09,2.51E-10,2.51E-10,erg cm-2 s-1,Integrated Flux,,7.25E+16,2.42E+18,Hz,xray,
1513.0228,,,s,2.04E-09,3.10E-10,3.10E-10,erg cm-2 s-1,Integrated Flux,,7.25E+16,2.42E+18,Hz,xray,
1514.076,,,s,1.97E-09,3.00E-10,3.00E-10,erg cm-2 s-1,Integrated Flux,,7.25E+16,2.42E+18,Hz,xray,
1514.9805,,,s,2.28E-09,3.40E-10,3.40E-10,erg cm-2 s-1,Integrated Flux,,7.25E+16,2.42E+18,Hz,xray,
1515.968,,,s,1.89E-09,2.92E-10,2.92E-10,erg cm-2 s-1,Integrated Flux,,7.25E+16,2.42E+18,Hz,xray,
1517.043,,,s,1.79E-09,2.71E-10,2.71E-10,erg cm-2 s-1,Integrated Flux,,7.25E+16,2.42E+18,Hz,xray,
1518.1128,,,s,2.18E-09,3.31E-10,3.31E-10,erg cm-2 s-1,Integrated Flux,,7.25E+16,2.42E+18,Hz,xray,
1519.1079,,,s,2.10E-09,3.13E-10,3.13E-10,erg cm-2 s-1,Integrated Flux,,7.25E+16,2.42E+18,Hz,xray,
1519.9589,,,s,2.56E-09,3.81E-10,3.81E-10,erg cm-2 s-1,Integrated Flux,,7.25E+16,2.42E+18,Hz,xray,
1520.8355,,,s,2.29E-09,3.41E-10,3.41E-10,erg cm-2 s-1,Integrated Flux,,7.25E+16,2.42E+18,Hz,xray,
1521.6556,,,s,2.19E-09,3.27E-10,3.27E-10,erg cm-2 s-1,Integrated Flux,,7.25E+16,2.42E+18,Hz,xray,
1522.741,,,s,1.75E-09,2.60E-10,2.60E-10,erg cm-2 s-1,Integrated Flux,,7.25E+16,2.42E+18,Hz,xray,
1523.931,,,s,1.78E-09,2.71E-10,2.71E-10,erg cm-2 s-1,Integrated Flux,,7.25E+16,2.42E+18,Hz,xray,
1524.8564,,,s,2.78E-09,4.15E-10,4.15E-10,erg cm-2 s-1,Integrated Flux,,7.25E+16,2.42E+18,Hz,xray,
1525.7114,,,s,2.20E-09,3.41E-10,3.41E-10,erg cm-2 s-1,Integrated Flux,,7.25E+16,2.42E+18,Hz,xray,
1526.691,,,s,1.77E-09,2.74E-10,2.74E-10,erg cm-2 s-1,Integrated Flux,,7.25E+16,2.42E+18,Hz,xray,
1527.7397,,,s,2.14E-09,3.19E-10,3.19E-10,erg cm-2 s-1,Integrated Flux,,7.25E+16,2.42E+18,Hz,xray,
1528.814,,,s,1.86E-09,2.82E-10,2.82E-10,erg cm-2 s-1,Integrated Flux,,7.25E+16,2.42E+18,Hz,xray,
1529.897,,,s,1.99E-09,3.02E-10,3.02E-10,erg cm-2 s-1,Integrated Flux,,7.25E+16,2.42E+18,Hz,xray,
1530.863,,,s,2.02E-09,3.02E-10,3.02E-10,erg cm-2 s-1,Integrated Flux,,7.25E+16,2.42E+18,Hz,xray,
1531.933,,,s,1.74E-09,2.60E-10,2.60E-10,erg cm-2 s-1,Integrated Flux,,7.25E+16,2.42E+18,Hz,xray,
1533.0046,,,s,2.43E-09,3.63E-10,3.63E-10,erg cm-2 s-1,Integrated Flux,,7.25E+16,2.42E+18,Hz,xray,
1533.939,,,s,1.76E-09,2.68E-10,2.68E-10,erg cm-2 s-1,Integrated Flux,,7.25E+16,2.42E+18,Hz,xray,
1535.181,,,s,1.51E-09,2.25E-10,2.25E-10,erg cm-2 s-1,Integrated Flux,,7.25E+16,2.42E+18,Hz,xray,
1536.3364,,,s,2.17E-09,3.30E-10,3.30E-10,erg cm-2 s-1,Integrated Flux,,7.25E+16,2.42E+18,Hz,xray,
1537.12,,,s,3.02E-09,4.50E-10,4.50E-10,erg cm-2 s-1,Integrated Flux,,7.25E+16,2.42E+18,Hz,xray,
1537.9661,,,s,2.16E-09,3.34E-10,3.34E-10,erg cm-2 s-1,Integrated Flux,,7.25E+16,2.42E+18,Hz,xray,
1538.94,,,s,1.89E-09,2.81E-10,2.81E-10,erg cm-2 s-1,Integrated Flux,,7.25E+16,2.42E+18,Hz,xray,
1540.03,,,s,1.89E-09,2.81E-10,2.81E-10,erg cm-2 s-1,Integrated Flux,,7.25E+16,2.42E+18,Hz,xray,
1541.0124,,,s,2.18E-09,3.31E-10,3.31E-10,erg cm-2 s-1,Integrated Flux,,7.25E+16,2.42E+18,Hz,xray,
1541.9322,,,s,2.17E-09,3.24E-10,3.24E-10,erg cm-2 s-1,Integrated Flux,,7.25E+16,2.42E+18,Hz,xray,
1542.995,,,s,1.66E-09,2.53E-10,2.53E-10,erg cm-2 s-1,Integrated Flux,,7.25E+16,2.42E+18,Hz,xray,
1544.24,,,s,1.86E-09,2.77E-10,2.77E-10,erg cm-2 s-1,Integrated Flux,,7.25E+16,2.42E+18,Hz,xray,
1545.351,,,s,1.81E-09,2.86E-10,2.86E-10,erg cm-2 s-1,Integrated Flux,,7.25E+16,2.42E+18,Hz,xray,
1546.3076,,,s,2.20E-09,3.41E-10,3.41E-10,erg cm-2 s-1,Integrated Flux,,7.25E+16,2.42E+18,Hz,xray,
1547.419,,,s,1.73E-09,2.64E-10,2.64E-10,erg cm-2 s-1,Integrated Flux,,7.25E+16,2.42E+18,Hz,xray,
1548.376,,,s,2.01E-09,3.06E-10,3.06E-10,erg cm-2 s-1,Integrated Flux,,7.25E+16,2.42E+18,Hz,xray,
1549.4335,,,s,1.94E-09,3.12E-10,3.12E-10,erg cm-2 s-1,Integrated Flux,,7.25E+16,2.42E+18,Hz,xray,
1550.2685,,,s,2.83E-09,4.38E-10,4.38E-10,erg cm-2 s-1,Integrated Flux,,7.25E+16,2.42E+18,Hz,xray,
1551.227,,,s,2.04E-09,3.05E-10,3.05E-10,erg cm-2 s-1,Integrated Flux,,7.25E+16,2.42E+18,Hz,xray,
1552.0469,,,s,2.08E-09,3.28E-10,3.28E-10,erg cm-2 s-1,Integrated Flux,,7.25E+16,2.42E+18,Hz,xray,
1552.9836,,,s,2.40E-09,3.57E-10,3.57E-10,erg cm-2 s-1,Integrated Flux,,7.25E+16,2.42E+18,Hz,xray,
1553.868,,,s,2.35E-09,3.50E-10,3.50E-10,erg cm-2 s-1,Integrated Flux,,7.25E+16,2.42E+18,Hz,xray,
1554.791,,,s,1.86E-09,2.77E-10,2.77E-10,erg cm-2 s-1,Integrated Flux,,7.25E+16,2.42E+18,Hz,xray,
1555.7498,,,s,2.63E-09,3.92E-10,3.92E-10,erg cm-2 s-1,Integrated Flux,,7.25E+16,2.42E+18,Hz,xray,
1556.5745,,,s,2.43E-09,3.62E-10,3.62E-10,erg cm-2 s-1,Integrated Flux,,7.25E+16,2.42E+18,Hz,xray,
1557.506,,,s,1.82E-09,2.77E-10,2.77E-10,erg cm-2 s-1,Integrated Flux,,7.25E+16,2.42E+18,Hz,xray,
1558.601,,,s,2.16E-09,3.22E-10,3.22E-10,erg cm-2 s-1,Integrated Flux,,7.25E+16,2.42E+18,Hz,xray,
1559.612,,,s,2.00E-09,3.05E-10,3.05E-10,erg cm-2 s-1,Integrated Flux,,7.25E+16,2.42E+18,Hz,xray,
1560.836,,,s,1.58E-09,2.35E-10,2.35E-10,erg cm-2 s-1,Integrated Flux,,7.25E+16,2.42E+18,Hz,xray,
1561.9266,,,s,2.08E-09,3.16E-10,3.16E-10,erg cm-2 s-1,Integrated Flux,,7.25E+16,2.42E+18,Hz,xray,
1563.007,,,s,2.01E-09,3.00E-10,3.00E-10,erg cm-2 s-1,Integrated Flux,,7.25E+16,2.42E+18,Hz,xray,
1564.02,,,s,1.96E-09,2.97E-10,2.97E-10,erg cm-2 s-1,Integrated Flux,,7.25E+16,2.42E+18,Hz,xray,
1565.091,,,s,1.54E-09,2.29E-10,2.29E-10,erg cm-2 s-1,Integrated Flux,,7.25E+16,2.42E+18,Hz,xray,
1566.527,,,s,1.77E-09,2.64E-10,2.64E-10,erg cm-2 s-1,Integrated Flux,,7.25E+16,2.42E+18,Hz,xray,
1567.69,,,s,1.72E-09,2.61E-10,2.61E-10,erg cm-2 s-1,Integrated Flux,,7.25E+16,2.42E+18,Hz,xray,
1568.858,,,s,2.07E-09,3.09E-10,3.09E-10,erg cm-2 s-1,Integrated Flux,,7.25E+16,2.42E+18,Hz,xray,
1569.921,,,s,1.94E-09,2.89E-10,2.89E-10,erg cm-2 s-1,Integrated Flux,,7.25E+16,2.42E+18,Hz,xray,
1571.003,,,s,1.85E-09,2.75E-10,2.75E-10,erg cm-2 s-1,Integrated Flux,,7.25E+16,2.42E+18,Hz,xray,
1572.081,,,s,1.92E-09,2.98E-10,2.98E-10,erg cm-2 s-1,Integrated Flux,,7.25E+16,2.42E+18,Hz,xray,
1573.138,,,s,1.88E-09,2.85E-10,2.85E-10,erg cm-2 s-1,Integrated Flux,,7.25E+16,2.42E+18,Hz,xray,
1574.178,,,s,1.78E-09,2.66E-10,2.66E-10,erg cm-2 s-1,Integrated Flux,,7.25E+16,2.42E+18,Hz,xray,
1575.293,,,s,1.83E-09,2.78E-10,2.78E-10,erg cm-2 s-1,Integrated Flux,,7.25E+16,2.42E+18,Hz,xray,
1576.465,,,s,1.79E-09,2.67E-10,2.67E-10,erg cm-2 s-1,Integrated Flux,,7.25E+16,2.42E+18,Hz,xray,
1577.4518,,,s,2.37E-09,3.67E-10,3.67E-10,erg cm-2 s-1,Integrated Flux,,7.25E+16,2.42E+18,Hz,xray,
1578.496,,,s,1.65E-09,2.46E-10,2.46E-10,erg cm-2 s-1,Integrated Flux,,7.25E+16,2.42E+18,Hz,xray,
1579.841,,,s,1.52E-09,2.26E-10,2.26E-10,erg cm-2 s-1,Integrated Flux,,7.25E+16,2.42E+18,Hz,xray,
1581.113,,,s,1.77E-09,2.63E-10,2.63E-10,erg cm-2 s-1,Integrated Flux,,7.25E+16,2.42E+18,Hz,xray,
1582.168,,,s,1.93E-09,2.94E-10,2.94E-10,erg cm-2 s-1,Integrated Flux,,7.25E+16,2.42E+18,Hz,xray,
1583.224,,,s,1.99E-09,2.97E-10,2.97E-10,erg cm-2 s-1,Integrated Flux,,7.25E+16,2.42E+18,Hz,xray,
1584.349,,,s,1.69E-09,2.64E-10,2.64E-10,erg cm-2 s-1,Integrated Flux,,7.25E+16,2.42E+18,Hz,xray,
1585.3773,,,s,1.99E-09,3.14E-10,3.14E-10,erg cm-2 s-1,Integrated Flux,,7.25E+16,2.42E+18,Hz,xray,
1586.663,,,s,1.37E-09,2.08E-10,2.08E-10,erg cm-2 s-1,Integrated Flux,,7.25E+16,2.42E+18,Hz,xray,
1588.185,,,s,1.22E-09,1.89E-10,1.89E-10,erg cm-2 s-1,Integrated Flux,,7.25E+16,2.42E+18,Hz,xray,
1589.5321,,,s,2.28E-09,3.40E-10,3.40E-10,erg cm-2 s-1,Integrated Flux,,7.25E+16,2.42E+18,Hz,xray,
1590.568,,,s,1.84E-09,2.75E-10,2.75E-10,erg cm-2 s-1,Integrated Flux,,7.25E+16,2.42E+18,Hz,xray,
1591.4477,,,s,1.99E-09,3.09E-10,3.09E-10,erg cm-2 s-1,Integrated Flux,,7.25E+16,2.42E+18,Hz,xray,
1592.527,,,s,1.72E-09,2.56E-10,2.56E-10,erg cm-2 s-1,Integrated Flux,,7.25E+16,2.42E+18,Hz,xray,
1593.918,,,s,1.52E-09,2.27E-10,2.27E-10,erg cm-2 s-1,Integrated Flux,,7.25E+16,2.42E+18,Hz,xray,
1595.0093,,,s,2.48E-09,3.70E-10,3.70E-10,erg cm-2 s-1,Integrated Flux,,7.25E+16,2.42E+18,Hz,xray,
1595.746,,,s,2.56E-09,3.82E-10,3.82E-10,erg cm-2 s-1,Integrated Flux,,7.25E+16,2.42E+18,Hz,xray,
1596.689,,,s,1.75E-09,2.61E-10,2.61E-10,erg cm-2 s-1,Integrated Flux,,7.25E+16,2.42E+18,Hz,xray,
1597.9052,,,s,2.12E-09,3.22E-10,3.22E-10,erg cm-2 s-1,Integrated Flux,,7.25E+16,2.42E+18,Hz,xray,
1598.851,,,s,1.70E-09,2.59E-10,2.59E-10,erg cm-2 s-1,Integrated Flux,,7.25E+16,2.42E+18,Hz,xray,
1600.078,,,s,1.61E-09,2.49E-10,2.49E-10,erg cm-2 s-1,Integrated Flux,,7.25E+16,2.42E+18,Hz,xray,
1601.352,,,s,1.75E-09,2.61E-10,2.61E-10,erg cm-2 s-1,Integrated Flux,,7.25E+16,2.42E+18,Hz,xray,
1602.424,,,s,2.17E-09,3.24E-10,3.24E-10,erg cm-2 s-1,Integrated Flux,,7.25E+16,2.42E+18,Hz,xray,
1603.445,,,s,1.67E-09,2.49E-10,2.49E-10,erg cm-2 s-1,Integrated Flux,,7.25E+16,2.42E+18,Hz,xray,
1604.5817,,,s,2.22E-09,3.38E-10,3.38E-10,erg cm-2 s-1,Integrated Flux,,7.25E+16,2.42E+18,Hz,xray,
1605.522,,,s,1.78E-09,2.65E-10,2.65E-10,erg cm-2 s-1,Integrated Flux,,7.25E+16,2.42E+18,Hz,xray,
1606.718,,,s,1.77E-09,2.79E-10,2.79E-10,erg cm-2 s-1,Integrated Flux,,7.25E+16,2.42E+18,Hz,xray,
1607.764,,,s,1.93E-09,2.88E-10,2.88E-10,erg cm-2 s-1,Integrated Flux,,7.25E+16,2.42E+18,Hz,xray,
1608.868,,,s,1.86E-09,2.77E-10,2.77E-10,erg cm-2 s-1,Integrated Flux,,7.25E+16,2.42E+18,Hz,xray,
1610.123,,,s,1.53E-09,2.32E-10,2.32E-10,erg cm-2 s-1,Integrated Flux,,7.25E+16,2.42E+18,Hz,xray,
1611.367,,,s,1.65E-09,2.46E-10,2.46E-10,erg cm-2 s-1,Integrated Flux,,7.25E+16,2.42E+18,Hz,xray,
1612.578,,,s,1.58E-09,2.41E-10,2.41E-10,erg cm-2 s-1,Integrated Flux,,7.25E+16,2.42E+18,Hz,xray,
1613.863,,,s,1.87E-09,2.79E-10,2.79E-10,erg cm-2 s-1,Integrated Flux,,7.25E+16,2.42E+18,Hz,xray,
1614.962,,,s,1.62E-09,2.46E-10,2.46E-10,erg cm-2 s-1,Integrated Flux,,7.25E+16,2.42E+18,Hz,xray,
1616.39,,,s,1.39E-09,2.12E-10,2.12E-10,erg cm-2 s-1,Integrated Flux,,7.25E+16,2.42E+18,Hz,xray,
1617.681,,,s,1.48E-09,2.34E-10,2.34E-10,erg cm-2 s-1,Integrated Flux,,7.25E+16,2.42E+18,Hz,xray,
1618.886,,,s,1.90E-09,2.84E-10,2.84E-10,erg cm-2 s-1,Integrated Flux,,7.25E+16,2.42E+18,Hz,xray,
1620.141,,,s,1.43E-09,2.13E-10,2.13E-10,erg cm-2 s-1,Integrated Flux,,7.25E+16,2.42E+18,Hz,xray,
1621.491,,,s,1.72E-09,2.61E-10,2.61E-10,erg cm-2 s-1,Integrated Flux,,7.25E+16,2.42E+18,Hz,xray,
1622.645,,,s,1.51E-09,2.30E-10,2.30E-10,erg cm-2 s-1,Integrated Flux,,7.25E+16,2.42E+18,Hz,xray,
1623.918,,,s,1.97E-09,2.93E-10,2.93E-10,erg cm-2 s-1,Integrated Flux,,7.25E+16,2.42E+18,Hz,xray,
1624.9583,,,s,2.05E-09,3.06E-10,3.06E-10,erg cm-2 s-1,Integrated Flux,,7.25E+16,2.42E+18,Hz,xray,
1625.8537,,,s,2.45E-09,3.66E-10,3.66E-10,erg cm-2 s-1,Integrated Flux,,7.25E+16,2.42E+18,Hz,xray,
1626.725,,,s,1.83E-09,2.89E-10,2.89E-10,erg cm-2 s-1,Integrated Flux,,7.25E+16,2.42E+18,Hz,xray,
1628.121,,,s,1.28E-09,1.91E-10,1.91E-10,erg cm-2 s-1,Integrated Flux,,7.25E+16,2.42E+18,Hz,xray,
1629.471,,,s,1.96E-09,2.92E-10,2.92E-10,erg cm-2 s-1,Integrated Flux,,7.25E+16,2.42E+18,Hz,xray,
1630.555,,,s,2.00E-09,2.98E-10,2.98E-10,erg cm-2 s-1,Integrated Flux,,7.25E+16,2.42E+18,Hz,xray,
1631.59,,,s,1.85E-09,2.77E-10,2.77E-10,erg cm-2 s-1,Integrated Flux,,7.25E+16,2.42E+18,Hz,xray,
1632.91,,,s,1.28E-09,1.95E-10,1.95E-10,erg cm-2 s-1,Integrated Flux,,7.25E+16,2.42E+18,Hz,xray,
1634.248,,,s,1.98E-09,2.95E-10,2.95E-10,erg cm-2 s-1,Integrated Flux,,7.25E+16,2.42E+18,Hz,xray,
1635.368,,,s,1.77E-09,2.64E-10,2.64E-10,erg cm-2 s-1,Integrated Flux,,7.25E+16,2.42E+18,Hz,xray,
1636.668,,,s,1.63E-09,2.48E-10,2.48E-10,erg cm-2 s-1,Integrated Flux,,7.25E+16,2.42E+18,Hz,xray,
1637.719,,,s,1.74E-09,2.59E-10,2.59E-10,erg cm-2 s-1,Integrated Flux,,7.25E+16,2.42E+18,Hz,xray,
1638.8161,,,s,2.12E-09,3.28E-10,3.28E-10,erg cm-2 s-1,Integrated Flux,,7.25E+16,2.42E+18,Hz,xray,
1639.6942,,,s,2.49E-09,3.71E-10,3.71E-10,erg cm-2 s-1,Integrated Flux,,7.25E+16,2.42E+18,Hz,xray,
1640.568,,,s,2.21E-09,3.30E-10,3.30E-10,erg cm-2 s-1,Integrated Flux,,7.25E+16,2.42E+18,Hz,xray,
1641.632,,,s,1.71E-09,2.55E-10,2.55E-10,erg cm-2 s-1,Integrated Flux,,7.25E+16,2.42E+18,Hz,xray,
1642.682,,,s,1.84E-09,2.80E-10,2.80E-10,erg cm-2 s-1,Integrated Flux,,7.25E+16,2.42E+18,Hz,xray,
1643.888,,,s,1.77E-09,2.69E-10,2.69E-10,erg cm-2 s-1,Integrated Flux,,7.25E+16,2.42E+18,Hz,xray,
1644.9006,,,s,2.18E-09,3.25E-10,3.25E-10,erg cm-2 s-1,Integrated Flux,,7.25E+16,2.42E+18,Hz,xray,
1645.892,,,s,2.04E-09,3.05E-10,3.05E-10,erg cm-2 s-1,Integrated Flux,,7.25E+16,2.42E+18,Hz,xray,
1646.8444,,,s,2.02E-09,3.07E-10,3.07E-10,erg cm-2 s-1,Integrated Flux,,7.25E+16,2.42E+18,Hz,xray,
1647.9645,,,s,2.05E-09,3.11E-10,3.11E-10,erg cm-2 s-1,Integrated Flux,,7.25E+16,2.42E+18,Hz,xray,
1648.7948,,,s,2.60E-09,3.88E-10,3.88E-10,erg cm-2 s-1,Integrated Flux,,7.25E+16,2.42E+18,Hz,xray,
1649.5712,,,s,2.62E-09,4.05E-10,4.05E-10,erg cm-2 s-1,Integrated Flux,,7.25E+16,2.42E+18,Hz,xray,
1650.498,,,s,1.78E-09,2.66E-10,2.66E-10,erg cm-2 s-1,Integrated Flux,,7.25E+16,2.42E+18,Hz,xray,
1651.624,,,s,1.82E-09,2.71E-10,2.71E-10,erg cm-2 s-1,Integrated Flux,,7.25E+16,2.42E+18,Hz,xray,
1652.712,,,s,1.94E-09,3.01E-10,3.01E-10,erg cm-2 s-1,Integrated Flux,,7.25E+16,2.42E+18,Hz,xray,
1653.78,,,s,1.74E-09,2.59E-10,2.59E-10,erg cm-2 s-1,Integrated Flux,,7.25E+16,2.42E+18,Hz,xray,
1655.026,,,s,1.92E-09,2.86E-10,2.86E-10,erg cm-2 s-1,Integrated Flux,,7.25E+16,2.42E+18,Hz,xray,
1655.961,,,s,1.78E-09,2.70E-10,2.70E-10,erg cm-2 s-1,Integrated Flux,,7.25E+16,2.42E+18,Hz,xray,
1657.223,,,s,1.48E-09,2.20E-10,2.20E-10,erg cm-2 s-1,Integrated Flux,,7.25E+16,2.42E+18,Hz,xray,
1658.68,,,s,1.44E-09,2.15E-10,2.15E-10,erg cm-2 s-1,Integrated Flux,,7.25E+16,2.42E+18,Hz,xray,
1659.915,,,s,2.20E-09,3.28E-10,3.28E-10,erg cm-2 s-1,Integrated Flux,,7.25E+16,2.42E+18,Hz,xray,
1661.071,,,s,1.59E-09,2.42E-10,2.42E-10,erg cm-2 s-1,Integrated Flux,,7.25E+16,2.42E+18,Hz,xray,
1662.138,,,s,2.09E-09,3.12E-10,3.12E-10,erg cm-2 s-1,Integrated Flux,,7.25E+16,2.42E+18,Hz,xray,
1663.239,,,s,1.54E-09,2.34E-10,2.34E-10,erg cm-2 s-1,Integrated Flux,,7.25E+16,2.42E+18,Hz,xray,
1664.595,,,s,1.59E-09,2.46E-10,2.46E-10,erg cm-2 s-1,Integrated Flux,,7.25E+16,2.42E+18,Hz,xray,
1665.687,,,s,2.20E-09,3.28E-10,3.28E-10,erg cm-2 s-1,Integrated Flux,,7.25E+16,2.42E+18,Hz,xray,
1666.816,,,s,1.49E-09,2.22E-10,2.22E-10,erg cm-2 s-1,Integrated Flux,,7.25E+16,2.42E+18,Hz,xray,
1668.154,,,s,1.71E-09,2.51E-10,2.51E-10,erg cm-2 s-1,Integrated Flux,,7.25E+16,2.42E+18,Hz,xray,
1669.309,,,s,1.68E-09,2.55E-10,2.55E-10,erg cm-2 s-1,Integrated Flux,,7.25E+16,2.42E+18,Hz,xray,
1670.572,,,s,1.63E-09,2.53E-10,2.53E-10,erg cm-2 s-1,Integrated Flux,,7.25E+16,2.42E+18,Hz,xray,
1671.6713,,,s,2.19E-09,3.33E-10,3.33E-10,erg cm-2 s-1,Integrated Flux,,7.25E+16,2.42E+18,Hz,xray,
1672.904,,,s,1.10E-09,1.74E-10,1.74E-10,erg cm-2 s-1,Integrated Flux,,7.25E+16,2.42E+18,Hz,xray,
1674.402,,,s,1.92E-09,2.83E-10,2.83E-10,erg cm-2 s-1,Integrated Flux,,7.25E+16,2.42E+18,Hz,xray,
1675.556,,,s,1.79E-09,2.66E-10,2.66E-10,erg cm-2 s-1,Integrated Flux,,7.25E+16,2.42E+18,Hz,xray,
1676.766,,,s,1.83E-09,2.72E-10,2.72E-10,erg cm-2 s-1,Integrated Flux,,7.25E+16,2.42E+18,Hz,xray,
1677.793,,,s,1.76E-09,2.62E-10,2.62E-10,erg cm-2 s-1,Integrated Flux,,7.25E+16,2.42E+18,Hz,xray,
1678.939,,,s,1.79E-09,2.72E-10,2.72E-10,erg cm-2 s-1,Integrated Flux,,7.25E+16,2.42E+18,Hz,xray,
1680.124,,,s,1.58E-09,2.35E-10,2.35E-10,erg cm-2 s-1,Integrated Flux,,7.25E+16,2.42E+18,Hz,xray,
1681.4,,,s,1.77E-09,2.71E-10,2.71E-10,erg cm-2 s-1,Integrated Flux,,7.25E+16,2.42E+18,Hz,xray,
1682.4068,,,s,2.69E-09,4.01E-10,4.01E-10,erg cm-2 s-1,Integrated Flux,,7.25E+16,2.42E+18,Hz,xray,
1683.338,,,s,1.53E-09,2.33E-10,2.33E-10,erg cm-2 s-1,Integrated Flux,,7.25E+16,2.42E+18,Hz,xray,
1684.743,,,s,1.74E-09,2.59E-10,2.59E-10,erg cm-2 s-1,Integrated Flux,,7.25E+16,2.42E+18,Hz,xray,
1685.757,,,s,1.97E-09,2.94E-10,2.94E-10,erg cm-2 s-1,Integrated Flux,,7.25E+16,2.42E+18,Hz,xray,
1686.7111,,,s,2.15E-09,3.21E-10,3.21E-10,erg cm-2 s-1,Integrated Flux,,7.25E+16,2.42E+18,Hz,xray,
1687.776,,,s,1.94E-09,2.90E-10,2.90E-10,erg cm-2 s-1,Integrated Flux,,7.25E+16,2.42E+18,Hz,xray,
1688.764,,,s,1.80E-09,2.68E-10,2.68E-10,erg cm-2 s-1,Integrated Flux,,7.25E+16,2.42E+18,Hz,xray,
1690.133,,,s,1.52E-09,2.27E-10,2.27E-10,erg cm-2 s-1,Integrated Flux,,7.25E+16,2.42E+18,Hz,xray,
1691.351,,,s,1.87E-09,2.85E-10,2.85E-10,erg cm-2 s-1,Integrated Flux,,7.25E+16,2.42E+18,Hz,xray,
1692.403,,,s,1.79E-09,2.66E-10,2.66E-10,erg cm-2 s-1,Integrated Flux,,7.25E+16,2.42E+18,Hz,xray,
1693.856,,,s,1.31E-09,1.95E-10,1.95E-10,erg cm-2 s-1,Integrated Flux,,7.25E+16,2.42E+18,Hz,xray,
1695.254,,,s,1.62E-09,2.42E-10,2.42E-10,erg cm-2 s-1,Integrated Flux,,7.25E+16,2.42E+18,Hz,xray,
1696.369,,,s,1.91E-09,2.84E-10,2.84E-10,erg cm-2 s-1,Integrated Flux,,7.25E+16,2.42E+18,Hz,xray,
1697.494,,,s,1.79E-09,2.72E-10,2.72E-10,erg cm-2 s-1,Integrated Flux,,7.25E+16,2.42E+18,Hz,xray,
1698.637,,,s,1.51E-09,2.25E-10,2.25E-10,erg cm-2 s-1,Integrated Flux,,7.25E+16,2.42E+18,Hz,xray,
1700.049,,,s,1.59E-09,2.38E-10,2.38E-10,erg cm-2 s-1,Integrated Flux,,7.25E+16,2.42E+18,Hz,xray,
1701.268,,,s,1.60E-09,2.38E-10,2.38E-10,erg cm-2 s-1,Integrated Flux,,7.25E+16,2.42E+18,Hz,xray,
1702.548,,,s,1.51E-09,2.25E-10,2.25E-10,erg cm-2 s-1,Integrated Flux,,7.25E+16,2.42E+18,Hz,xray,
1703.987,,,s,1.51E-09,2.34E-10,2.34E-10,erg cm-2 s-1,Integrated Flux,,7.25E+16,2.42E+18,Hz,xray,
1705.316,,,s,1.35E-09,2.17E-10,2.17E-10,erg cm-2 s-1,Integrated Flux,,7.25E+16,2.42E+18,Hz,xray,
1706.67,,,s,1.58E-09,2.36E-10,2.36E-10,erg cm-2 s-1,Integrated Flux,,7.25E+16,2.42E+18,Hz,xray,
1707.818,,,s,2.01E-09,3.05E-10,3.05E-10,erg cm-2 s-1,Integrated Flux,,7.25E+16,2.42E+18,Hz,xray,
1708.972,,,s,1.70E-09,2.54E-10,2.54E-10,erg cm-2 s-1,Integrated Flux,,7.25E+16,2.42E+18,Hz,xray,
1710.112,,,s,1.79E-09,2.67E-10,2.67E-10,erg cm-2 s-1,Integrated Flux,,7.25E+16,2.42E+18,Hz,xray,
1711.392,,,s,1.50E-09,2.24E-10,2.24E-10,erg cm-2 s-1,Integrated Flux,,7.25E+16,2.42E+18,Hz,xray,
1712.632,,,s,1.65E-09,2.47E-10,2.47E-10,erg cm-2 s-1,Integrated Flux,,7.25E+16,2.42E+18,Hz,xray,
1713.7531,,,s,2.08E-09,3.22E-10,3.22E-10,erg cm-2 s-1,Integrated Flux,,7.25E+16,2.42E+18,Hz,xray,
1715,,,s,1.56E-09,2.37E-10,2.37E-10,erg cm-2 s-1,Integrated Flux,,7.25E+16,2.42E+18,Hz,xray,
1716.164,,,s,1.56E-09,2.32E-10,2.32E-10,erg cm-2 s-1,Integrated Flux,,7.25E+16,2.42E+18,Hz,xray,
1717.71,,,s,1.32E-09,2.04E-10,2.04E-10,erg cm-2 s-1,Integrated Flux,,7.25E+16,2.42E+18,Hz,xray,
1718.923,,,s,1.90E-09,2.89E-10,2.89E-10,erg cm-2 s-1,Integrated Flux,,7.25E+16,2.42E+18,Hz,xray,
1719.877,,,s,2.23E-09,3.39E-10,3.39E-10,erg cm-2 s-1,Integrated Flux,,7.25E+16,2.42E+18,Hz,xray,
1720.905,,,s,1.59E-09,2.42E-10,2.42E-10,erg cm-2 s-1,Integrated Flux,,7.25E+16,2.42E+18,Hz,xray,
1722.332,,,s,1.62E-09,2.45E-10,2.45E-10,erg cm-2 s-1,Integrated Flux,,7.25E+16,2.42E+18,Hz,xray,
1723.439,,,s,1.83E-09,2.78E-10,2.78E-10,erg cm-2 s-1,Integrated Flux,,7.25E+16,2.42E+18,Hz,xray,
1724.773,,,s,1.32E-09,2.05E-10,2.05E-10,erg cm-2 s-1,Integrated Flux,,7.25E+16,2.42E+18,Hz,xray,
1725.9215,,,s,2.31E-09,3.44E-10,3.44E-10,erg cm-2 s-1,Integrated Flux,,7.25E+16,2.42E+18,Hz,xray,
1727.267,,,s,1.20E-09,1.79E-10,1.79E-10,erg cm-2 s-1,Integrated Flux,,7.25E+16,2.42E+18,Hz,xray,
1728.793,,,s,1.50E-09,2.28E-10,2.28E-10,erg cm-2 s-1,Integrated Flux,,7.25E+16,2.42E+18,Hz,xray,
1730.156,,,s,1.50E-09,2.24E-10,2.24E-10,erg cm-2 s-1,Integrated Flux,,7.25E+16,2.42E+18,Hz,xray,
1731.383,,,s,1.69E-09,2.62E-10,2.62E-10,erg cm-2 s-1,Integrated Flux,,7.25E+16,2.42E+18,Hz,xray,
1732.57,,,s,1.73E-09,2.59E-10,2.59E-10,erg cm-2 s-1,Integrated Flux,,7.25E+16,2.42E+18,Hz,xray,
1734.008,,,s,1.31E-09,1.96E-10,1.96E-10,erg cm-2 s-1,Integrated Flux,,7.25E+16,2.42E+18,Hz,xray,
4976.359,,,s,1.95E-10,3.94E-11,3.94E-11,erg cm-2 s-1,Integrated Flux,,7.25E+16,2.42E+18,Hz,xray,
4998.123,,,s,3.28E-10,7.18E-11,7.18E-11,erg cm-2 s-1,Integrated Flux,,7.25E+16,2.42E+18,Hz,xray,
5022.222,,,s,2.49E-10,5.62E-11,5.62E-11,erg cm-2 s-1,Integrated Flux,,7.25E+16,2.42E+18,Hz,xray,
5042.3,,,s,3.78E-10,8.31E-11,8.31E-11,erg cm-2 s-1,Integrated Flux,,7.25E+16,2.42E+18,Hz,xray,
5059.581,,,s,3.59E-10,8.04E-11,8.04E-11,erg cm-2 s-1,Integrated Flux,,7.25E+16,2.42E+18,Hz,xray,
5078.195,,,s,3.64E-10,7.62E-11,7.62E-11,erg cm-2 s-1,Integrated Flux,,7.25E+16,2.42E+18,Hz,xray,
5100.665,,,s,2.76E-10,5.93E-11,5.93E-11,erg cm-2 s-1,Integrated Flux,,7.25E+16,2.42E+18,Hz,xray,
5127.563,,,s,3.10E-10,6.62E-11,6.62E-11,erg cm-2 s-1,Integrated Flux,,7.25E+16,2.42E+18,Hz,xray,
5158.438,,,s,1.83E-10,3.96E-11,3.96E-11,erg cm-2 s-1,Integrated Flux,,7.25E+16,2.42E+18,Hz,xray,
5182.384,,,s,3.96E-10,8.47E-11,8.47E-11,erg cm-2 s-1,Integrated Flux,,7.25E+16,2.42E+18,Hz,xray,
5204.674,,,s,2.19E-10,4.82E-11,4.82E-11,erg cm-2 s-1,Integrated Flux,,7.25E+16,2.42E+18,Hz,xray,
5236.913,,,s,2.40E-10,5.26E-11,5.26E-11,erg cm-2 s-1,Integrated Flux,,7.25E+16,2.42E+18,Hz,xray,
5265.678,,,s,2.11E-10,4.73E-11,4.73E-11,erg cm-2 s-1,Integrated Flux,,7.25E+16,2.42E+18,Hz,xray,
5294.939,,,s,2.39E-10,5.26E-11,5.26E-11,erg cm-2 s-1,Integrated Flux,,7.25E+16,2.42E+18,Hz,xray,
5319.146,,,s,3.07E-10,6.59E-11,6.59E-11,erg cm-2 s-1,Integrated Flux,,7.25E+16,2.42E+18,Hz,xray,
5338.646,,,s,3.14E-10,7.05E-11,7.05E-11,erg cm-2 s-1,Integrated Flux,,7.25E+16,2.42E+18,Hz,xray,
5363.704,,,s,2.49E-10,5.36E-11,5.36E-11,erg cm-2 s-1,Integrated Flux,,7.25E+16,2.42E+18,Hz,xray,
5387.525,,,s,2.75E-10,5.90E-11,5.90E-11,erg cm-2 s-1,Integrated Flux,,7.25E+16,2.42E+18,Hz,xray,
5411.351,,,s,2.94E-10,6.45E-11,6.45E-11,erg cm-2 s-1,Integrated Flux,,7.25E+16,2.42E+18,Hz,xray,
5441.445,,,s,2.27E-10,5.12E-11,5.12E-11,erg cm-2 s-1,Integrated Flux,,7.25E+16,2.42E+18,Hz,xray,
5477.721,,,s,1.32E-10,2.89E-11,2.89E-11,erg cm-2 s-1,Integrated Flux,,7.25E+16,2.42E+18,Hz,xray,
5525.762,,,s,1.84E-10,3.95E-11,3.95E-11,erg cm-2 s-1,Integrated Flux,,7.25E+16,2.42E+18,Hz,xray,
5550.569,,,s,2.92E-10,6.41E-11,6.41E-11,erg cm-2 s-1,Integrated Flux,,7.25E+16,2.42E+18,Hz,xray,
5579.595,,,s,2.08E-10,4.67E-11,4.67E-11,erg cm-2 s-1,Integrated Flux,,7.25E+16,2.42E+18,Hz,xray,
5606.672,,,s,2.27E-10,5.14E-11,5.14E-11,erg cm-2 s-1,Integrated Flux,,7.25E+16,2.42E+18,Hz,xray,
5636.258,,,s,1.57E-10,3.54E-11,3.54E-11,erg cm-2 s-1,Integrated Flux,,7.25E+16,2.42E+18,Hz,xray,
5674.5,,,s,2.51E-10,5.64E-11,5.64E-11,erg cm-2 s-1,Integrated Flux,,7.25E+16,2.42E+18,Hz,xray,
5706.847,,,s,1.74E-10,3.86E-11,3.86E-11,erg cm-2 s-1,Integrated Flux,,7.25E+16,2.42E+18,Hz,xray,
5744.573,,,s,1.68E-10,3.76E-11,3.76E-11,erg cm-2 s-1,Integrated Flux,,7.25E+16,2.42E+18,Hz,xray,
5771.911,,,s,3.14E-10,7.05E-11,7.05E-11,erg cm-2 s-1,Integrated Flux,,7.25E+16,2.42E+18,Hz,xray,
5798.269,,,s,2.31E-10,4.95E-11,4.95E-11,erg cm-2 s-1,Integrated Flux,,7.25E+16,2.42E+18,Hz,xray,
5827.662,,,s,2.40E-10,5.04E-11,5.04E-11,erg cm-2 s-1,Integrated Flux,,7.25E+16,2.42E+18,Hz,xray,
5862.657,,,s,1.25E-10,2.82E-11,2.82E-11,erg cm-2 s-1,Integrated Flux,,7.25E+16,2.42E+18,Hz,xray,
5913.561,,,s,1.92E-10,4.05E-11,4.05E-11,erg cm-2 s-1,Integrated Flux,,7.25E+16,2.42E+18,Hz,xray,
5947.448,,,s,1.83E-10,3.94E-11,3.94E-11,erg cm-2 s-1,Integrated Flux,,7.25E+16,2.42E+18,Hz,xray,
5981.269,,,s,2.27E-10,5.13E-11,5.13E-11,erg cm-2 s-1,Integrated Flux,,7.25E+16,2.42E+18,Hz,xray,
6012.984,,,s,1.66E-10,3.75E-11,3.75E-11,erg cm-2 s-1,Integrated Flux,,7.25E+16,2.42E+18,Hz,xray,
6047.493,,,s,2.40E-10,5.25E-11,5.25E-11,erg cm-2 s-1,Integrated Flux,,7.25E+16,2.42E+18,Hz,xray,
6083.067,,,s,1.63E-10,3.59E-11,3.59E-11,erg cm-2 s-1,Integrated Flux,,7.25E+16,2.42E+18,Hz,xray,
6116.282,,,s,1.56E-10,3.52E-11,3.52E-11,erg cm-2 s-1,Integrated Flux,,7.25E+16,2.42E+18,Hz,xray,
6157.776,,,s,1.30E-10,2.96E-11,2.96E-11,erg cm-2 s-1,Integrated Flux,,7.25E+16,2.42E+18,Hz,xray,
6200.352,,,s,2.76E-10,5.89E-11,5.89E-11,erg cm-2 s-1,Integrated Flux,,7.25E+16,2.42E+18,Hz,xray,
6225.106,,,s,2.28E-10,5.12E-11,5.12E-11,erg cm-2 s-1,Integrated Flux,,7.25E+16,2.42E+18,Hz,xray,
6251.899,,,s,2.94E-10,6.44E-11,6.44E-11,erg cm-2 s-1,Integrated Flux,,7.25E+16,2.42E+18,Hz,xray,
6287.021,,,s,1.09E-10,2.45E-11,2.45E-11,erg cm-2 s-1,Integrated Flux,,7.25E+16,2.42E+18,Hz,xray,
6338.183,,,s,1.92E-10,4.32E-11,4.32E-11,erg cm-2 s-1,Integrated Flux,,7.25E+16,2.42E+18,Hz,xray,
6382.148,,,s,1.32E-10,2.90E-11,2.90E-11,erg cm-2 s-1,Integrated Flux,,7.25E+16,2.42E+18,Hz,xray,
6424.056,,,s,1.67E-10,3.76E-11,3.76E-11,erg cm-2 s-1,Integrated Flux,,7.25E+16,2.42E+18,Hz,xray,
6455.822,,,s,1.87E-10,4.11E-11,4.11E-11,erg cm-2 s-1,Integrated Flux,,7.25E+16,2.42E+18,Hz,xray,
6487.87,,,s,2.08E-10,4.67E-11,4.67E-11,erg cm-2 s-1,Integrated Flux,,7.25E+16,2.42E+18,Hz,xray,
6529.359,,,s,1.47E-10,3.31E-11,3.31E-11,erg cm-2 s-1,Integrated Flux,,7.25E+16,2.42E+18,Hz,xray,
6565.094,,,s,1.47E-10,3.31E-11,3.31E-11,erg cm-2 s-1,Integrated Flux,,7.25E+16,2.42E+18,Hz,xray,
6614.615,,,s,1.55E-10,3.40E-11,3.40E-11,erg cm-2 s-1,Integrated Flux,,7.25E+16,2.42E+18,Hz,xray,
6655.231,,,s,1.57E-10,3.53E-11,3.53E-11,erg cm-2 s-1,Integrated Flux,,7.25E+16,2.42E+18,Hz,xray,
6693.464,,,s,1.39E-10,3.12E-11,3.12E-11,erg cm-2 s-1,Integrated Flux,,7.25E+16,2.42E+18,Hz,xray,
6743.36,,,s,1.46E-10,3.29E-11,3.29E-11,erg cm-2 s-1,Integrated Flux,,7.25E+16,2.42E+18,Hz,xray,
6776.959,,,s,1.79E-10,4.01E-11,4.01E-11,erg cm-2 s-1,Integrated Flux,,7.25E+16,2.42E+18,Hz,xray,
6820.21,,,s,1.31E-10,2.90E-11,2.90E-11,erg cm-2 s-1,Integrated Flux,,7.25E+16,2.42E+18,Hz,xray,
6885.988,,,s,1.42E-10,2.37E-11,2.37E-11,erg cm-2 s-1,Integrated Flux,,7.25E+16,2.42E+18,Hz,xray,
10721.009,,,s,8.00E-11,1.75E-11,1.75E-11,erg cm-2 s-1,Integrated Flux,,7.25E+16,2.42E+18,Hz,xray,
10753.691,,,s,5.98E-11,1.34E-11,1.34E-11,erg cm-2 s-1,Integrated Flux,,7.25E+16,2.42E+18,Hz,xray,
10789.066,,,s,9.57E-11,2.10E-11,2.10E-11,erg cm-2 s-1,Integrated Flux,,7.25E+16,2.42E+18,Hz,xray,
10825.114,,,s,4.55E-11,1.00E-11,1.00E-11,erg cm-2 s-1,Integrated Flux,,7.25E+16,2.42E+18,Hz,xray,
10870.782,,,s,6.15E-11,1.38E-11,1.38E-11,erg cm-2 s-1,Integrated Flux,,7.25E+16,2.42E+18,Hz,xray,
10908.769,,,s,6.52E-11,1.46E-11,1.46E-11,erg cm-2 s-1,Integrated Flux,,7.25E+16,2.42E+18,Hz,xray,
10946.756,,,s,6.06E-11,1.37E-11,1.37E-11,erg cm-2 s-1,Integrated Flux,,7.25E+16,2.42E+18,Hz,xray,
10994.392,,,s,4.33E-11,9.75E-12,9.75E-12,erg cm-2 s-1,Integrated Flux,,7.25E+16,2.42E+18,Hz,xray,
11040.511,,,s,6.49E-11,1.42E-11,1.42E-11,erg cm-2 s-1,Integrated Flux,,7.25E+16,2.42E+18,Hz,xray,
11074.775,,,s,5.62E-11,1.24E-11,1.24E-11,erg cm-2 s-1,Integrated Flux,,7.25E+16,2.42E+18,Hz,xray,
11122.533,,,s,5.04E-11,1.11E-11,1.11E-11,erg cm-2 s-1,Integrated Flux,,7.25E+16,2.42E+18,Hz,xray,
11164.264,,,s,7.90E-11,1.62E-11,1.62E-11,erg cm-2 s-1,Integrated Flux,,7.25E+16,2.42E+18,Hz,xray,
11187.132,,,s,1.22E-10,2.68E-11,2.68E-11,erg cm-2 s-1,Integrated Flux,,7.25E+16,2.42E+18,Hz,xray,
11223.81,,,s,4.83E-11,1.08E-11,1.08E-11,erg cm-2 s-1,Integrated Flux,,7.25E+16,2.42E+18,Hz,xray,
11274.231,,,s,6.38E-11,1.28E-11,1.28E-11,erg cm-2 s-1,Integrated Flux,,7.25E+16,2.42E+18,Hz,xray,
11325.98,,,s,4.02E-11,9.03E-12,9.03E-12,erg cm-2 s-1,Integrated Flux,,7.25E+16,2.42E+18,Hz,xray,
11368.862,,,s,6.95E-11,1.56E-11,1.56E-11,erg cm-2 s-1,Integrated Flux,,7.25E+16,2.42E+18,Hz,xray,
11406.47,,,s,5.72E-11,1.29E-11,1.29E-11,erg cm-2 s-1,Integrated Flux,,7.25E+16,2.42E+18,Hz,xray,
11441.7,,,s,6.59E-11,1.48E-11,1.48E-11,erg cm-2 s-1,Integrated Flux,,7.25E+16,2.42E+18,Hz,xray,
11480.36,,,s,5.38E-11,1.18E-11,1.18E-11,erg cm-2 s-1,Integrated Flux,,7.25E+16,2.42E+18,Hz,xray,
11522.034,,,s,6.43E-11,1.42E-11,1.42E-11,erg cm-2 s-1,Integrated Flux,,7.25E+16,2.42E+18,Hz,xray,
11565.059,,,s,5.73E-11,1.29E-11,1.29E-11,erg cm-2 s-1,Integrated Flux,,7.25E+16,2.42E+18,Hz,xray,
11602.292,,,s,5.70E-11,1.28E-11,1.28E-11,erg cm-2 s-1,Integrated Flux,,7.25E+16,2.42E+18,Hz,xray,
11644.917,,,s,6.11E-11,1.37E-11,1.37E-11,erg cm-2 s-1,Integrated Flux,,7.25E+16,2.42E+18,Hz,xray,
11684.966,,,s,6.20E-11,1.30E-11,1.30E-11,erg cm-2 s-1,Integrated Flux,,7.25E+16,2.42E+18,Hz,xray,
11718.004,,,s,6.13E-11,1.38E-11,1.38E-11,erg cm-2 s-1,Integrated Flux,,7.25E+16,2.42E+18,Hz,xray,
11762.004,,,s,4.60E-11,1.03E-11,1.03E-11,erg cm-2 s-1,Integrated Flux,,7.25E+16,2.42E+18,Hz,xray,
11810.525,,,s,5.08E-11,1.15E-11,1.15E-11,erg cm-2 s-1,Integrated Flux,,7.25E+16,2.42E+18,Hz,xray,
11854.023,,,s,5.49E-11,1.23E-11,1.23E-11,erg cm-2 s-1,Integrated Flux,,7.25E+16,2.42E+18,Hz,xray,
11898.901,,,s,4.64E-11,1.04E-11,1.04E-11,erg cm-2 s-1,Integrated Flux,,7.25E+16,2.42E+18,Hz,xray,
11954.243,,,s,4.82E-11,1.06E-11,1.06E-11,erg cm-2 s-1,Integrated Flux,,7.25E+16,2.42E+18,Hz,xray,
11992.805,,,s,5.78E-11,1.30E-11,1.30E-11,erg cm-2 s-1,Integrated Flux,,7.25E+16,2.42E+18,Hz,xray,
12039.883,,,s,5.28E-11,1.13E-11,1.13E-11,erg cm-2 s-1,Integrated Flux,,7.25E+16,2.42E+18,Hz,xray,
12077.303,,,s,7.69E-11,1.73E-11,1.73E-11,erg cm-2 s-1,Integrated Flux,,7.25E+16,2.42E+18,Hz,xray,
12115.536,,,s,5.38E-11,1.21E-11,1.21E-11,erg cm-2 s-1,Integrated Flux,,7.25E+16,2.42E+18,Hz,xray,
12154.475,,,s,8.09E-11,1.77E-11,1.77E-11,erg cm-2 s-1,Integrated Flux,,7.25E+16,2.42E+18,Hz,xray,
12185.365,,,s,5.77E-11,1.29E-11,1.29E-11,erg cm-2 s-1,Integrated Flux,,7.25E+16,2.42E+18,Hz,xray,
12234.256,,,s,3.98E-11,8.99E-12,8.99E-12,erg cm-2 s-1,Integrated Flux,,7.25E+16,2.42E+18,Hz,xray,
12300.569,,,s,3.39E-11,7.63E-12,7.63E-12,erg cm-2 s-1,Integrated Flux,,7.25E+16,2.42E+18,Hz,xray,
12355.856,,,s,3.52E-11,7.92E-12,7.92E-12,erg cm-2 s-1,Integrated Flux,,7.25E+16,2.42E+18,Hz,xray,
12415.038,,,s,6.01E-11,1.35E-11,1.35E-11,erg cm-2 s-1,Integrated Flux,,7.25E+16,2.42E+18,Hz,xray,
12458.79,,,s,5.68E-11,1.28E-11,1.28E-11,erg cm-2 s-1,Integrated Flux,,7.25E+16,2.42E+18,Hz,xray,
12498.15,,,s,4.82E-11,1.08E-11,1.08E-11,erg cm-2 s-1,Integrated Flux,,7.25E+16,2.42E+18,Hz,xray,
12550.861,,,s,4.54E-11,9.93E-12,9.93E-12,erg cm-2 s-1,Integrated Flux,,7.25E+16,2.42E+18,Hz,xray,
12597.816,,,s,5.00E-11,1.12E-11,1.12E-11,erg cm-2 s-1,Integrated Flux,,7.25E+16,2.42E+18,Hz,xray,
12645.581,,,s,4.80E-11,1.08E-11,1.08E-11,erg cm-2 s-1,Integrated Flux,,7.25E+16,2.42E+18,Hz,xray,
12705.881,,,s,3.92E-11,8.82E-12,8.82E-12,erg cm-2 s-1,Integrated Flux,,7.25E+16,2.42E+18,Hz,xray,
12744.746,,,s,5.09E-11,1.14E-11,1.14E-11,erg cm-2 s-1,Integrated Flux,,7.25E+16,2.42E+18,Hz,xray,
12817.259,,,s,4.55E-11,7.61E-12,7.61E-12,erg cm-2 s-1,Integrated Flux,,7.25E+16,2.42E+18,Hz,xray,
16535.437,,,s,2.16E-11,4.85E-12,4.85E-12,erg cm-2 s-1,Integrated Flux,,7.25E+16,2.42E+18,Hz,xray,
16619.443,,,s,2.34E-11,5.25E-12,5.25E-12,erg cm-2 s-1,Integrated Flux,,7.25E+16,2.42E+18,Hz,xray,
16698.037,,,s,2.40E-11,5.38E-12,5.38E-12,erg cm-2 s-1,Integrated Flux,,7.25E+16,2.42E+18,Hz,xray,
16787.035,,,s,1.73E-11,3.88E-12,3.88E-12,erg cm-2 s-1,Integrated Flux,,7.25E+16,2.42E+18,Hz,xray,
16897.126,,,s,2.18E-11,4.87E-12,4.87E-12,erg cm-2 s-1,Integrated Flux,,7.25E+16,2.42E+18,Hz,xray,
16960.817,,,s,2.70E-11,6.04E-12,6.04E-12,erg cm-2 s-1,Integrated Flux,,7.25E+16,2.42E+18,Hz,xray,
17026.632,,,s,2.94E-11,6.60E-12,6.60E-12,erg cm-2 s-1,Integrated Flux,,7.25E+16,2.42E+18,Hz,xray,
17099.333,,,s,2.43E-11,5.44E-12,5.44E-12,erg cm-2 s-1,Integrated Flux,,7.25E+16,2.42E+18,Hz,xray,
17169.176,,,s,3.25E-11,7.28E-12,7.28E-12,erg cm-2 s-1,Integrated Flux,,7.25E+16,2.42E+18,Hz,xray,
17227.387,,,s,3.28E-11,7.18E-12,7.18E-12,erg cm-2 s-1,Integrated Flux,,7.25E+16,2.42E+18,Hz,xray,
17299.426,,,s,2.47E-11,5.55E-12,5.55E-12,erg cm-2 s-1,Integrated Flux,,7.25E+16,2.42E+18,Hz,xray,
17387.494,,,s,2.18E-11,4.77E-12,4.77E-12,erg cm-2 s-1,Integrated Flux,,7.25E+16,2.42E+18,Hz,xray,
17452.25,,,s,3.09E-11,6.95E-12,6.95E-12,erg cm-2 s-1,Integrated Flux,,7.25E+16,2.42E+18,Hz,xray,
17542.495,,,s,1.85E-11,4.16E-12,4.16E-12,erg cm-2 s-1,Integrated Flux,,7.25E+16,2.42E+18,Hz,xray,
17626.406,,,s,2.35E-11,5.15E-12,5.15E-12,erg cm-2 s-1,Integrated Flux,,7.25E+16,2.42E+18,Hz,xray,
17697.213,,,s,3.12E-11,7.01E-12,7.01E-12,erg cm-2 s-1,Integrated Flux,,7.25E+16,2.42E+18,Hz,xray,
17753.003,,,s,3.55E-11,7.96E-12,7.96E-12,erg cm-2 s-1,Integrated Flux,,7.25E+16,2.42E+18,Hz,xray,
17814.804,,,s,2.24E-11,5.04E-12,5.04E-12,erg cm-2 s-1,Integrated Flux,,7.25E+16,2.42E+18,Hz,xray,
17912.948,,,s,2.10E-11,4.61E-12,4.61E-12,erg cm-2 s-1,Integrated Flux,,7.25E+16,2.42E+18,Hz,xray,
18002.97,,,s,2.12E-11,4.77E-12,4.77E-12,erg cm-2 s-1,Integrated Flux,,7.25E+16,2.42E+18,Hz,xray,
18076.442,,,s,2.47E-11,5.56E-12,5.56E-12,erg cm-2 s-1,Integrated Flux,,7.25E+16,2.42E+18,Hz,xray,
18174.581,,,s,1.72E-11,3.87E-12,3.87E-12,erg cm-2 s-1,Integrated Flux,,7.25E+16,2.42E+18,Hz,xray,
18260.998,,,s,3.10E-11,6.80E-12,6.80E-12,erg cm-2 s-1,Integrated Flux,,7.25E+16,2.42E+18,Hz,xray,
18342.172,,,s,1.85E-11,4.04E-12,4.04E-12,erg cm-2 s-1,Integrated Flux,,7.25E+16,2.42E+18,Hz,xray,
18449.4,,,s,2.16E-11,4.86E-12,4.86E-12,erg cm-2 s-1,Integrated Flux,,7.25E+16,2.42E+18,Hz,xray,
18506.838,,,s,3.88E-11,8.49E-12,8.49E-12,erg cm-2 s-1,Integrated Flux,,7.25E+16,2.42E+18,Hz,xray,
18583.406,,,s,1.83E-11,4.13E-12,4.13E-12,erg cm-2 s-1,Integrated Flux,,7.25E+16,2.42E+18,Hz,xray,
18685.946,,,s,2.20E-11,4.63E-12,4.63E-12,erg cm-2 s-1,Integrated Flux,,7.25E+16,2.42E+18,Hz,xray,
18771.979,,,s,2.23E-11,4.39E-12,4.39E-12,erg cm-2 s-1,Integrated Flux,,7.25E+16,2.42E+18,Hz,xray,
22388.585,,,s,1.41E-11,2.22E-12,2.22E-12,erg cm-2 s-1,Integrated Flux,,7.25E+16,2.42E+18,Hz,xray,
28104.566,,,s,8.08E-12,1.82E-12,1.82E-12,erg cm-2 s-1,Integrated Flux,,7.25E+16,2.42E+18,Hz,xray,
28210.638,,,s,1.17E-11,2.62E-12,2.62E-12,erg cm-2 s-1,Integrated Flux,,7.25E+16,2.42E+18,Hz,xray,
28319.434,,,s,7.49E-12,1.68E-12,1.68E-12,erg cm-2 s-1,Integrated Flux,,7.25E+16,2.42E+18,Hz,xray,
28427.896,,,s,1.10E-11,2.48E-12,2.48E-12,erg cm-2 s-1,Integrated Flux,,7.25E+16,2.42E+18,Hz,xray,
28515.788,,,s,1.57E-11,3.52E-12,3.52E-12,erg cm-2 s-1,Integrated Flux,,7.25E+16,2.42E+18,Hz,xray,
28615.06,,,s,8.11E-12,1.83E-12,1.83E-12,erg cm-2 s-1,Integrated Flux,,7.25E+16,2.42E+18,Hz,xray,
28741.548,,,s,8.33E-12,1.88E-12,1.88E-12,erg cm-2 s-1,Integrated Flux,,7.25E+16,2.42E+18,Hz,xray,
28869.298,,,s,8.25E-12,1.86E-12,1.86E-12,erg cm-2 s-1,Integrated Flux,,7.25E+16,2.42E+18,Hz,xray,
28974.867,,,s,1.09E-11,2.45E-12,2.45E-12,erg cm-2 s-1,Integrated Flux,,7.25E+16,2.42E+18,Hz,xray,
29065.502,,,s,9.87E-12,2.21E-12,2.21E-12,erg cm-2 s-1,Integrated Flux,,7.25E+16,2.42E+18,Hz,xray,
29171.189,,,s,1.09E-11,2.45E-12,2.45E-12,erg cm-2 s-1,Integrated Flux,,7.25E+16,2.42E+18,Hz,xray,
29270.806,,,s,9.88E-12,2.11E-12,2.11E-12,erg cm-2 s-1,Integrated Flux,,7.25E+16,2.42E+18,Hz,xray,
29379.799,,,s,1.09E-11,2.45E-12,2.45E-12,erg cm-2 s-1,Integrated Flux,,7.25E+16,2.42E+18,Hz,xray,
29481.458,,,s,7.96E-12,1.79E-12,1.79E-12,erg cm-2 s-1,Integrated Flux,,7.25E+16,2.42E+18,Hz,xray,
29589.16,,,s,9.32E-12,2.11E-12,2.11E-12,erg cm-2 s-1,Integrated Flux,,7.25E+16,2.42E+18,Hz,xray,
29720.538,,,s,7.66E-12,1.72E-12,1.72E-12,erg cm-2 s-1,Integrated Flux,,7.25E+16,2.42E+18,Hz,xray,
29837.755,,,s,1.08E-11,2.45E-12,2.45E-12,erg cm-2 s-1,Integrated Flux,,7.25E+16,2.42E+18,Hz,xray,
29927.271,,,s,1.10E-11,2.47E-12,2.47E-12,erg cm-2 s-1,Integrated Flux,,7.25E+16,2.42E+18,Hz,xray,
30019.56,,,s,1.15E-11,2.54E-12,2.54E-12,erg cm-2 s-1,Integrated Flux,,7.25E+16,2.42E+18,Hz,xray,
30115.181,,,s,1.00E-11,2.26E-12,2.26E-12,erg cm-2 s-1,Integrated Flux,,7.25E+16,2.42E+18,Hz,xray,
30204.704,,,s,1.29E-11,2.90E-12,2.90E-12,erg cm-2 s-1,Integrated Flux,,7.25E+16,2.42E+18,Hz,xray,
30294.954,,,s,8.63E-12,1.94E-12,1.94E-12,erg cm-2 s-1,Integrated Flux,,7.25E+16,2.42E+18,Hz,xray,
30483.892,,,s,1.55E-11,3.13E-12,3.13E-12,erg cm-2 s-1,Integrated Flux,,7.25E+16,2.42E+18,Hz,xray,
45585.03,,,s,4.50E-12,1.01E-12,1.01E-12,erg cm-2 s-1,Integrated Flux,,7.25E+16,2.42E+18,Hz,xray,
45994.264,,,s,2.51E-12,6.66E-13,6.66E-13,erg cm-2 s-1,Integrated Flux,,7.25E+16,2.42E+18,Hz,xray,
46384.752,,,s,3.92E-12,1.03E-12,1.03E-12,erg cm-2 s-1,Integrated Flux,,7.25E+16,2.42E+18,Hz,xray,
46732.145,,,s,4.78E-12,1.08E-12,1.08E-12,erg cm-2 s-1,Integrated Flux,,7.25E+16,2.42E+18,Hz,xray,
47027.979,,,s,4.13E-12,1.01E-12,1.01E-12,erg cm-2 s-1,Integrated Flux,,7.25E+16,2.42E+18,Hz,xray,
47374.776,,,s,4.54E-12,1.02E-12,1.02E-12,erg cm-2 s-1,Integrated Flux,,7.25E+16,2.42E+18,Hz,xray,
47730.986,,,s,4.46E-12,9.18E-13,9.18E-13,erg cm-2 s-1,Integrated Flux,,7.25E+16,2.42E+18,Hz,xray,
75715.078,,,s,4.45E-12,8.94E-13,8.94E-13,erg cm-2 s-1,Integrated Flux,,7.25E+16,2.42E+18,Hz,xray,
266,,,s,-6.82E-01,2.10E-02,2.10E-02,erg cm-2 s-1,Spectral Index,,7.25E+16,2.42E+18,Hz,,
1031,,,s,-7.04E-01,1.30E-02,1.30E-02,erg cm-2 s-1,Spectral Index,,7.25E+16,2.42E+18,Hz,,
